Godot Engine v4.7.2.stable.official.ed1daf0bf - https://godotengine.org

[   0% ] [90m[1mfirst_scan_filesystem[22m | Started Project initialization (5 steps)[39m[0m
[   0% ] [90m[1mfirst_scan_filesystem[22m | Scanning file structure...[39m[0m
[  16% ] [90m[1mfirst_scan_filesystem[22m | Loading global class names...[39m[0m
[  33% ] [90m[1mfirst_scan_filesystem[22m | Verifying GDExtensions...[39m[0m
[  50% ] [90m[1mfirst_scan_filesystem[22m | Creating autoload scripts...[39m[0m
[  66% ] [90m[1mfirst_scan_filesystem[22m | Initializing plugins...[39m[0m
[  83% ] [90m[1mfirst_scan_filesystem[22m | Starting file scan...[39m[0m
[92m[ DONE ][39m [1mfirst_scan_filesystem[22m
[0m
[   0% ] [90m[1mupdate_scripts_classes[22m | Started Registering global classes... (119 steps)[39m[0m
[   0% ] [90m[1mupdate_scripts_classes[22m | [39m[0m
[   0% ] [90m[1mupdate_scripts_classes[22m | [39m[0m
[   1% ] [90m[1mupdate_scripts_classes[22m | [39m[0m
[   2% ] [90m[1mupdate_scripts_classes[22m | [39m[0m
[   3% ] [90m[1mupdate_scripts_classes[22m | [39m[0m
[   4% ] [90m[1mupdate_scripts_classes[22m | [39m[0m
[   5% ] [90m[1mupdate_scripts_classes[22m | [39m[0m
[   5% ] [90m[1mupdate_scripts_classes[22m | [39m[0m
[   6% ] [90m[1mupdate_scripts_classes[22m | [39m[0m
[   7% ] [90m[1mupdate_scripts_classes[22m | [39m[0m
[   8% ] [90m[1mupdate_scripts_classes[22m | [39m[0m
[   9% ] [90m[1mupdate_scripts_classes[22m | [39m[0m
[  10% ] [90m[1mupdate_scripts_classes[22m | AtlasErrors[39m[0m
[  10% ] [90m[1mupdate_scripts_classes[22m | AtlasInterface[39m[0m
[  11% ] [90m[1mupdate_scripts_classes[22m | [39m[0m
[  12% ] [90m[1mupdate_scripts_classes[22m | [39m[0m
[  13% ] [90m[1mupdate_scripts_classes[22m | [39m[0m
[  14% ] [90m[1mupdate_scripts_classes[22m | [39m[0m
[  15% ] [90m[1mupdate_scripts_classes[22m | CollectionDataErrors[39m[0m
[  15% ] [90m[1mupdate_scripts_classes[22m | [39m[0m
[  16% ] [90m[1mupdate_scripts_classes[22m | CollectionDataInterface[39m[0m
[  17% ] [90m[1mupdate_scripts_classes[22m | [39m[0m
[  18% ] [90m[1mupdate_scripts_classes[22m | FlowersPageErrors[39m[0m
[  19% ] [90m[1mupdate_scripts_classes[22m | [39m[0m
[  20% ] [90m[1mupdate_scripts_classes[22m | [39m[0m
[  20% ] [90m[1mupdate_scripts_classes[22m | FlowersPageInterface[39m[0m
[  21% ] [90m[1mupdate_scripts_classes[22m | [39m[0m
[  22% ] [90m[1mupdate_scripts_classes[22m | [39m[0m
[  23% ] [90m[1mupdate_scripts_classes[22m | PlaygroundPageErrors[39m[0m
[  24% ] [90m[1mupdate_scripts_classes[22m | PlaygroundPageInterface[39m[0m
[  25% ] [90m[1mupdate_scripts_classes[22m | [39m[0m
[  25% ] [90m[1mupdate_scripts_classes[22m | [39m[0m
[  26% ] [90m[1mupdate_scripts_classes[22m | [39m[0m
[  27% ] [90m[1mupdate_scripts_classes[22m | [39m[0m
[  28% ] [90m[1mupdate_scripts_classes[22m | [39m[0m
[  29% ] [90m[1mupdate_scripts_classes[22m | [39m[0m
[  30% ] [90m[1mupdate_scripts_classes[22m | [39m[0m
[  30% ] [90m[1mupdate_scripts_classes[22m | [39m[0m
[  31% ] [90m[1mupdate_scripts_classes[22m | SculptureViewerErrors[39m[0m
[  32% ] [90m[1mupdate_scripts_classes[22m | SculptureViewerInterface[39m[0m
[  33% ] [90m[1mupdate_scripts_classes[22m | [39m[0m
[  34% ] [90m[1mupdate_scripts_classes[22m | [39m[0m
[  35% ] [90m[1mupdate_scripts_classes[22m | [39m[0m
[  35% ] [90m[1mupdate_scripts_classes[22m | [39m[0m
[  36% ] [90m[1mupdate_scripts_classes[22m | [39m[0m
[  37% ] [90m[1mupdate_scripts_classes[22m | [39m[0m
[  38% ] [90m[1mupdate_scripts_classes[22m | [39m[0m
[  39% ] [90m[1mupdate_scripts_classes[22m | [39m[0m
[  40% ] [90m[1mupdate_scripts_classes[22m | [39m[0m
[  40% ] [90m[1mupdate_scripts_classes[22m | [39m[0m
[  41% ] [90m[1mupdate_scripts_classes[22m | [39m[0m
[  42% ] [90m[1mupdate_scripts_classes[22m | [39m[0m
[  43% ] [90m[1mupdate_scripts_classes[22m | [39m[0m
[  44% ] [90m[1mupdate_scripts_classes[22m | [39m[0m
[  45% ] [90m[1mupdate_scripts_classes[22m | [39m[0m
[  45% ] [90m[1mupdate_scripts_classes[22m | [39m[0m
[  46% ] [90m[1mupdate_scripts_classes[22m | [39m[0m
[  47% ] [90m[1mupdate_scripts_classes[22m | [39m[0m
[  48% ] [90m[1mupdate_scripts_classes[22m | [39m[0m
[  49% ] [90m[1mupdate_scripts_classes[22m | [39m[0m
[  50% ] [90m[1mupdate_scripts_classes[22m | [39m[0m
[  50% ] [90m[1mupdate_scripts_classes[22m | [39m[0m
[  51% ] [90m[1mupdate_scripts_classes[22m | [39m[0m
[  52% ] [90m[1mupdate_scripts_classes[22m | [39m[0m
[  53% ] [90m[1mupdate_scripts_classes[22m | [39m[0m
[  54% ] [90m[1mupdate_scripts_classes[22m | [39m[0m
[  55% ] [90m[1mupdate_scripts_classes[22m | [39m[0m
[  55% ] [90m[1mupdate_scripts_classes[22m | [39m[0m
[  56% ] [90m[1mupdate_scripts_classes[22m | [39m[0m
[  57% ] [90m[1mupdate_scripts_classes[22m | [39m[0m
[  58% ] [90m[1mupdate_scripts_classes[22m | [39m[0m
[  59% ] [90m[1mupdate_scripts_classes[22m | [39m[0m
[  60% ] [90m[1mupdate_scripts_classes[22m | [39m[0m
[  60% ] [90m[1mupdate_scripts_classes[22m | [39m[0m
[  61% ] [90m[1mupdate_scripts_classes[22m | [39m[0m
[  62% ] [90m[1mupdate_scripts_classes[22m | [39m[0m
[  63% ] [90m[1mupdate_scripts_classes[22m | [39m[0m
[  64% ] [90m[1mupdate_scripts_classes[22m | [39m[0m
[  65% ] [90m[1mupdate_scripts_classes[22m | [39m[0m
[  65% ] [90m[1mupdate_scripts_classes[22m | [39m[0m
[  66% ] [90m[1mupdate_scripts_classes[22m | ShellErrors[39m[0m
[  67% ] [90m[1mupdate_scripts_classes[22m | [39m[0m
[  68% ] [90m[1mupdate_scripts_classes[22m | ShellInterface[39m[0m
[  69% ] [90m[1mupdate_scripts_classes[22m | [39m[0m
[  70% ] [90m[1mupdate_scripts_classes[22m | [39m[0m
[  70% ] [90m[1mupdate_scripts_classes[22m | [39m[0m
[  71% ] [90m[1mupdate_scripts_classes[22m | [39m[0m
[  72% ] [90m[1mupdate_scripts_classes[22m | [39m[0m
[  73% ] [90m[1mupdate_scripts_classes[22m | [39m[0m
[  74% ] [90m[1mupdate_scripts_classes[22m | [39m[0m
[  75% ] [90m[1mupdate_scripts_classes[22m | [39m[0m
[  75% ] [90m[1mupdate_scripts_classes[22m | SketchbookErrors[39m[0m
[  76% ] [90m[1mupdate_scripts_classes[22m | [39m[0m
[  77% ] [90m[1mupdate_scripts_classes[22m | [39m[0m
[  78% ] [90m[1mupdate_scripts_classes[22m | SketchbookInterface[39m[0m
[  79% ] [90m[1mupdate_scripts_classes[22m | [39m[0m
[  80% ] [90m[1mupdate_scripts_classes[22m | [39m[0m
[  80% ] [90m[1mupdate_scripts_classes[22m | [39m[0m
[  81% ] [90m[1mupdate_scripts_classes[22m | [39m[0m
[  82% ] [90m[1mupdate_scripts_classes[22m | [39m[0m
[  83% ] [90m[1mupdate_scripts_classes[22m | [39m[0m
[  84% ] [90m[1mupdate_scripts_classes[22m | SoundCuesErrors[39m[0m
[  85% ] [90m[1mupdate_scripts_classes[22m | SoundCuesInterface[39m[0m
[  85% ] [90m[1mupdate_scripts_classes[22m | [39m[0m
[  86% ] [90m[1mupdate_scripts_classes[22m | [39m[0m
[  87% ] [90m[1mupdate_scripts_classes[22m | [39m[0m
[  88% ] [90m[1mupdate_scripts_classes[22m | TabStripErrors[39m[0m
[  89% ] [90m[1mupdate_scripts_classes[22m | TabStripInterface[39m[0m
[  90% ] [90m[1mupdate_scripts_classes[22m | [39m[0m
[  90% ] [90m[1mupdate_scripts_classes[22m | [39m[0m
[  91% ] [90m[1mupdate_scripts_classes[22m | VideoPlayerErrors[39m[0m
[  92% ] [90m[1mupdate_scripts_classes[22m | VideoPlayerInterface[39m[0m
[  93% ] [90m[1mupdate_scripts_classes[22m | [39m[0m
[  94% ] [90m[1mupdate_scripts_classes[22m | [39m[0m
[  95% ] [90m[1mupdate_scripts_classes[22m | [39m[0m
[  95% ] [90m[1mupdate_scripts_classes[22m | [39m[0m
[  96% ] [90m[1mupdate_scripts_classes[22m | [39m[0m
[  97% ] [90m[1mupdate_scripts_classes[22m | [39m[0m
[  98% ] [90m[1mupdate_scripts_classes[22m | [39m[0m
[92m[ DONE ][39m [1mupdate_scripts_classes[22m
[0m
[   0% ] [90m[1m_update_scan_actions[22m | Started Scanning actions... (2739 steps)[39m[0m
[   0% ] [90m[1m_update_scan_actions[22m | anchor-1-filter.png[39m[0m
[   0% ] [90m[1m_update_scan_actions[22m | anchor-2-highlights.png[39m[0m
[   0% ] [90m[1m_update_scan_actions[22m | anchor-3-sculpture.png[39m[0m
[   0% ] [90m[1m_update_scan_actions[22m | anchor-4-has-image.png[39m[0m
[   0% ] [90m[1m_update_scan_actions[22m | anchor-5-view-3d.png[39m[0m
[   0% ] [90m[1m_update_scan_actions[22m | anchors-all-five.png[39m[0m
[   0% ] [90m[1m_update_scan_actions[22m | ui01-search-64.png[39m[0m
[   0% ] [90m[1m_update_scan_actions[22m | ui01-search-motion-anchor.png[39m[0m
[   0% ] [90m[1m_update_scan_actions[22m | ACT-01-favourite.png[39m[0m
[   0% ] [90m[1m_update_scan_actions[22m | ACT-02-compare.png[39m[0m
[   0% ] [90m[1m_update_scan_actions[22m | ACT-03-sketchbook.png[39m[0m
[   0% ] [90m[1m_update_scan_actions[22m | ACT-04-more-like-this.png[39m[0m
[   0% ] [90m[1m_update_scan_actions[22m | ACT-05-random-object.png[39m[0m
[   0% ] [90m[1m_update_scan_actions[22m | ACT-06-send-a-postcard.png[39m[0m
[   0% ] [90m[1m_update_scan_actions[22m | ACT-07-visit-stamps.png[39m[0m
[   0% ] [90m[1m_update_scan_actions[22m | DEP-01-painting.png[39m[0m
[   0% ] [90m[1m_update_scan_actions[22m | DEP-02-prints-and-drawings.png[39m[0m
[   0% ] [90m[1m_update_scan_actions[22m | DEP-03-costume-and-textiles.png[39m[0m
[   0% ] [90m[1m_update_scan_actions[22m | DEP-04-silver-and-decorative-arts.png[39m[0m
[   0% ] [90m[1m_update_scan_actions[22m | DEP-05-ancient-egypt.png[39m[0m
[   0% ] [90m[1m_update_scan_actions[22m | DEP-06-asian-art.png[39m[0m
[   0% ] [90m[1m_update_scan_actions[22m | DEP-07-photography.png[39m[0m
[   0% ] [90m[1m_update_scan_actions[22m | DEP-08-furniture.png[39m[0m
[   0% ] [90m[1m_update_scan_actions[22m | MED-01-has-video.png[39m[0m
[   0% ] [90m[1m_update_scan_actions[22m | MED-02-has-audio.png[39m[0m
[   0% ] [90m[1m_update_scan_actions[22m | MED-03-multiple-views.png[39m[0m
[   0% ] [90m[1m_update_scan_actions[22m | MED-06-point-cloud.png[39m[0m
[   0% ] [90m[1m_update_scan_actions[22m | MED-07-conservation-view.png[39m[0m
[   1% ] [90m[1m_update_scan_actions[22m | MED-08-verso.png[39m[0m
[   1% ] [90m[1m_update_scan_actions[22m | MED-09-detail-crops.png[39m[0m
[   1% ] [90m[1m_update_scan_actions[22m | NAV-01-on-view-now.png[39m[0m
[   1% ] [90m[1m_update_scan_actions[22m | NAV-02-in-storage.png[39m[0m
[   1% ] [90m[1m_update_scan_actions[22m | NAV-03-gallery-map.png[39m[0m
[   1% ] [90m[1m_update_scan_actions[22m | NAV-04-wing-dial.png[39m[0m
[   1% ] [90m[1m_update_scan_actions[22m | NAV-05-in-this-room.png[39m[0m
[   1% ] [90m[1m_update_scan_actions[22m | NAV-06-not-accessible.png[39m[0m
[   1% ] [90m[1m_update_scan_actions[22m | NAV-07-sit-with-it.png[39m[0m
[   1% ] [90m[1m_update_scan_actions[22m | REC-01-provenance.png[39m[0m
[   1% ] [90m[1m_update_scan_actions[22m | REC-02-date-and-era.png[39m[0m
[   1% ] [90m[1m_update_scan_actions[22m | REC-03-maker.png[39m[0m
[   1% ] [90m[1m_update_scan_actions[22m | REC-04-materials-and-technique.png[39m[0m
[   1% ] [90m[1m_update_scan_actions[22m | REC-05-dimensions.png[39m[0m
[   1% ] [90m[1m_update_scan_actions[22m | REC-06-accession-number.png[39m[0m
[   1% ] [90m[1m_update_scan_actions[22m | UI-02-clear-filters.png[39m[0m
[   1% ] [90m[1m_update_scan_actions[22m | UI-03-view-toggle.png[39m[0m
[   1% ] [90m[1m_update_scan_actions[22m | UI-04-sort-order.png[39m[0m
[   1% ] [90m[1m_update_scan_actions[22m | UI-05-visitor-badge.png[39m[0m
[   1% ] [90m[1m_update_scan_actions[22m | 01-map.png[39m[0m
[   1% ] [90m[1m_update_scan_actions[22m | 02-panel-moved.png[39m[0m
[   1% ] [90m[1m_update_scan_actions[22m | 03-zoomed.png[39m[0m
[   1% ] [90m[1m_update_scan_actions[22m | 04-panned.png[39m[0m
[   1% ] [90m[1m_update_scan_actions[22m | 05-window-moved.png[39m[0m
[   1% ] [90m[1m_update_scan_actions[22m | 06-window-clamped.png[39m[0m
[   1% ] [90m[1m_update_scan_actions[22m | 07-window-resized.png[39m[0m
[   1% ] [90m[1m_update_scan_actions[22m | 08-collapsed.png[39m[0m
[   2% ] [90m[1m_update_scan_actions[22m | 09-key-home.png[39m[0m
[   2% ] [90m[1m_update_scan_actions[22m | 10-before-hidden.png[39m[0m
[   2% ] [90m[1m_update_scan_actions[22m | 11-hidden.png[39m[0m
[   2% ] [90m[1m_update_scan_actions[22m | 12-resumed.png[39m[0m
[   2% ] [90m[1m_update_scan_actions[22m | 13-resized.png[39m[0m
[   2% ] [90m[1m_update_scan_actions[22m | 14-restored.png[39m[0m
[   2% ] [90m[1m_update_scan_actions[22m | 15-fill-1440x820.png[39m[0m
[   2% ] [90m[1m_update_scan_actions[22m | 15-fill-1920x1000.png[39m[0m
[   2% ] [90m[1m_update_scan_actions[22m | 01-playground-saved.png[39m[0m
[   2% ] [90m[1m_update_scan_actions[22m | 02-sketchbook-reference.png[39m[0m
[   2% ] [90m[1m_update_scan_actions[22m | 03-reopened-sketchbook.png[39m[0m
[   2% ] [90m[1m_update_scan_actions[22m | 04-sketchbook-painted.png[39m[0m
[   2% ] [90m[1m_update_scan_actions[22m | 05-playground-720x486.png[39m[0m
[   2% ] [90m[1m_update_scan_actions[22m | 06-sketchbook-720x486.png[39m[0m
[   2% ] [90m[1m_update_scan_actions[22m | 07-playground-offline.png[39m[0m
[   2% ] [90m[1m_update_scan_actions[22m | 08-sketchbook-offline.png[39m[0m
[   2% ] [90m[1m_update_scan_actions[22m | annotated-source.png[39m[0m
[   2% ] [90m[1m_update_scan_actions[22m | depth-overview.png[39m[0m
[   2% ] [90m[1m_update_scan_actions[22m | doorway-506.jpg[39m[0m
[   2% ] [90m[1m_update_scan_actions[22m | doorway-516.jpg[39m[0m
[   2% ] [90m[1m_update_scan_actions[22m | doorway-contact.jpg[39m[0m
[   2% ] [90m[1m_update_scan_actions[22m | joined-plan.png[39m[0m
[   2% ] [90m[1m_update_scan_actions[22m | shell-resized.png[39m[0m
[   2% ] [90m[1m_update_scan_actions[22m | 000292.png[39m[0m
[   2% ] [90m[1m_update_scan_actions[22m | 000296.png[39m[0m
[   2% ] [90m[1m_update_scan_actions[22m | 000297.png[39m[0m
[   2% ] [90m[1m_update_scan_actions[22m | IMG_6380-000505.jpg.png[39m[0m
[   2% ] [90m[1m_update_scan_actions[22m | IMG_6380-000506.jpg.png[39m[0m
[   3% ] [90m[1m_update_scan_actions[22m | IMG_6380_exit6fps-000013.jpg.png[39m[0m
[   3% ] [90m[1m_update_scan_actions[22m | IMG_6380_exit6fps-000018.jpg.png[39m[0m
[   3% ] [90m[1m_update_scan_actions[22m | review-page.png[39m[0m
[   3% ] [90m[1m_update_scan_actions[22m | shell-resized.png[39m[0m
[   3% ] [90m[1m_update_scan_actions[22m | doorway-heldout.png[39m[0m
[   3% ] [90m[1m_update_scan_actions[22m | floor-original.png[39m[0m
[   3% ] [90m[1m_update_scan_actions[22m | floor-revisit.png[39m[0m
[   3% ] [90m[1m_update_scan_actions[22m | shell-resized.png[39m[0m
[   3% ] [90m[1m_update_scan_actions[22m | browser.png[39m[0m
[   3% ] [90m[1m_update_scan_actions[22m | IMG_6380-000505.jpg.png[39m[0m
[   3% ] [90m[1m_update_scan_actions[22m | IMG_6380_exit6fps-000010.jpg.png[39m[0m
[   3% ] [90m[1m_update_scan_actions[22m | IMG_6380_exit6fps-000018.jpg.png[39m[0m
[   3% ] [90m[1m_update_scan_actions[22m | IMG_6380_exit6fps-000022.jpg.png[39m[0m
[   3% ] [90m[1m_update_scan_actions[22m | IMG_6380_exit6fps-000026.jpg.png[39m[0m
[   3% ] [90m[1m_update_scan_actions[22m | shell-resized.png[39m[0m
[   3% ] [90m[1m_update_scan_actions[22m | 000013.png[39m[0m
[   3% ] [90m[1m_update_scan_actions[22m | 000015.png[39m[0m
[   3% ] [90m[1m_update_scan_actions[22m | 000018.png[39m[0m
[   3% ] [90m[1m_update_scan_actions[22m | browser.png[39m[0m
[   3% ] [90m[1m_update_scan_actions[22m | native-01-floor.png[39m[0m
[   3% ] [90m[1m_update_scan_actions[22m | native-02-floor.png[39m[0m
[   3% ] [90m[1m_update_scan_actions[22m | native-03-floor.png[39m[0m
[   3% ] [90m[1m_update_scan_actions[22m | shell-resized.png[39m[0m
[   3% ] [90m[1m_update_scan_actions[22m | threshold-plan.png[39m[0m
[   3% ] [90m[1m_update_scan_actions[22m | browser-forward.png[39m[0m
[   3% ] [90m[1m_update_scan_actions[22m | browser-jamb.png[39m[0m
[   3% ] [90m[1m_update_scan_actions[22m | browser-reverse.png[39m[0m
[   4% ] [90m[1m_update_scan_actions[22m | corridor-reserved.png[39m[0m
[   4% ] [90m[1m_update_scan_actions[22m | native-phase-0.png[39m[0m
[   4% ] [90m[1m_update_scan_actions[22m | native-phase-1.png[39m[0m
[   4% ] [90m[1m_update_scan_actions[22m | native-phase-2.png[39m[0m
[   4% ] [90m[1m_update_scan_actions[22m | shell-resized.png[39m[0m
[   4% ] [90m[1m_update_scan_actions[22m | walk-plan.png[39m[0m
[   4% ] [90m[1m_update_scan_actions[22m | wall-floor-reserved.png[39m[0m
[   4% ] [90m[1m_update_scan_actions[22m | narrow-browser-forward.png[39m[0m
[   4% ] [90m[1m_update_scan_actions[22m | narrow-browser-jamb.png[39m[0m
[   4% ] [90m[1m_update_scan_actions[22m | narrow-browser-return-jamb.png[39m[0m
[   4% ] [90m[1m_update_scan_actions[22m | narrow-browser-reverse.png[39m[0m
[   4% ] [90m[1m_update_scan_actions[22m | native-left-jamb.png[39m[0m
[   4% ] [90m[1m_update_scan_actions[22m | native-return-jamb-after.png[39m[0m
[   4% ] [90m[1m_update_scan_actions[22m | native-return-jamb-before.png[39m[0m
[   4% ] [90m[1m_update_scan_actions[22m | shell-resized.png[39m[0m
[   4% ] [90m[1m_update_scan_actions[22m | walk-plan.png[39m[0m
[   4% ] [90m[1m_update_scan_actions[22m | wide-browser-forward.png[39m[0m
[   4% ] [90m[1m_update_scan_actions[22m | wide-browser-jamb.png[39m[0m
[   4% ] [90m[1m_update_scan_actions[22m | wide-browser-return-jamb.png[39m[0m
[   4% ] [90m[1m_update_scan_actions[22m | wide-browser-reverse.png[39m[0m
[   4% ] [90m[1m_update_scan_actions[22m | browser-forward.png[39m[0m
[   4% ] [90m[1m_update_scan_actions[22m | browser-return-jamb.png[39m[0m
[   4% ] [90m[1m_update_scan_actions[22m | browser-reverse.png[39m[0m
[   4% ] [90m[1m_update_scan_actions[22m | fit-238.png[39m[0m
[   4% ] [90m[1m_update_scan_actions[22m | fit-244.png[39m[0m
[   4% ] [90m[1m_update_scan_actions[22m | native-forward.png[39m[0m
[   4% ] [90m[1m_update_scan_actions[22m | native-toe.png[39m[0m
[   5% ] [90m[1m_update_scan_actions[22m | plan-after.png[39m[0m
[   5% ] [90m[1m_update_scan_actions[22m | plan-before.png[39m[0m
[   5% ] [90m[1m_update_scan_actions[22m | reserved.png[39m[0m
[   5% ] [90m[1m_update_scan_actions[22m | shell-resize.png[39m[0m
[   5% ] [90m[1m_update_scan_actions[22m | browser-forward.png[39m[0m
[   5% ] [90m[1m_update_scan_actions[22m | browser-return-jamb.png[39m[0m
[   5% ] [90m[1m_update_scan_actions[22m | browser-reverse.png[39m[0m
[   5% ] [90m[1m_update_scan_actions[22m | fit-203.png[39m[0m
[   5% ] [90m[1m_update_scan_actions[22m | fit-205.png[39m[0m
[   5% ] [90m[1m_update_scan_actions[22m | native-forward.png[39m[0m
[   5% ] [90m[1m_update_scan_actions[22m | reserved-204.png[39m[0m
[   5% ] [90m[1m_update_scan_actions[22m | revisit-contact.jpg[39m[0m
[   5% ] [90m[1m_update_scan_actions[22m | shell-resize.png[39m[0m
[   5% ] [90m[1m_update_scan_actions[22m | browser-forward.png[39m[0m
[   5% ] [90m[1m_update_scan_actions[22m | browser-return-jamb.png[39m[0m
[   5% ] [90m[1m_update_scan_actions[22m | browser-reverse.png[39m[0m
[   5% ] [90m[1m_update_scan_actions[22m | fresh-blue-turn-28.png[39m[0m
[   5% ] [90m[1m_update_scan_actions[22m | fresh-reference-24.png[39m[0m
[   5% ] [90m[1m_update_scan_actions[22m | fresh-reserved-26.png[39m[0m
[   5% ] [90m[1m_update_scan_actions[22m | header-fit-202.png[39m[0m
[   5% ] [90m[1m_update_scan_actions[22m | header-fit-205.png[39m[0m
[   5% ] [90m[1m_update_scan_actions[22m | header-reserved-203.png[39m[0m
[   5% ] [90m[1m_update_scan_actions[22m | native-forward.png[39m[0m
[   5% ] [90m[1m_update_scan_actions[22m | shell-resize.png[39m[0m
[   5% ] [90m[1m_update_scan_actions[22m | browser-forward.png[39m[0m
[   5% ] [90m[1m_update_scan_actions[22m | browser-return-jamb.png[39m[0m
[   5% ] [90m[1m_update_scan_actions[22m | browser-reverse.png[39m[0m
[   5% ] [90m[1m_update_scan_actions[22m | grand-entry-contact.jpg[39m[0m
[   6% ] [90m[1m_update_scan_actions[22m | grand-return-contact.jpg[39m[0m
[   6% ] [90m[1m_update_scan_actions[22m | native-forward.png[39m[0m
[   6% ] [90m[1m_update_scan_actions[22m | native-jamb.png[39m[0m
[   6% ] [90m[1m_update_scan_actions[22m | shell-resize.png[39m[0m
[   6% ] [90m[1m_update_scan_actions[22m | toe-fit-12.png[39m[0m
[   6% ] [90m[1m_update_scan_actions[22m | toe-fit-14.png[39m[0m
[   6% ] [90m[1m_update_scan_actions[22m | toe-reserved-206.png[39m[0m
[   6% ] [90m[1m_update_scan_actions[22m | unused-points-12.png[39m[0m
[   6% ] [90m[1m_update_scan_actions[22m | unused-points-14.png[39m[0m
[   6% ] [90m[1m_update_scan_actions[22m | 000202-local-tracks.png[39m[0m
[   6% ] [90m[1m_update_scan_actions[22m | 000203-local-tracks.png[39m[0m
[   6% ] [90m[1m_update_scan_actions[22m | 000204-local-tracks.png[39m[0m
[   6% ] [90m[1m_update_scan_actions[22m | browser-forward.png[39m[0m
[   6% ] [90m[1m_update_scan_actions[22m | browser-integrated-forward.png[39m[0m
[   6% ] [90m[1m_update_scan_actions[22m | browser-integrated-jamb.png[39m[0m
[   6% ] [90m[1m_update_scan_actions[22m | browser-integrated-return-jamb.png[39m[0m
[   6% ] [90m[1m_update_scan_actions[22m | browser-integrated-reverse.png[39m[0m
[   6% ] [90m[1m_update_scan_actions[22m | browser-jamb.png[39m[0m
[   6% ] [90m[1m_update_scan_actions[22m | browser-return-jamb.png[39m[0m
[   6% ] [90m[1m_update_scan_actions[22m | browser-reverse.png[39m[0m
[   6% ] [90m[1m_update_scan_actions[22m | native-aligned-contact.jpg[39m[0m
[   6% ] [90m[1m_update_scan_actions[22m | native-phase-0.png[39m[0m
[   6% ] [90m[1m_update_scan_actions[22m | native-phase-1.png[39m[0m
[   6% ] [90m[1m_update_scan_actions[22m | native-phase-2.png[39m[0m
[   6% ] [90m[1m_update_scan_actions[22m | native-phase-3.png[39m[0m
[   6% ] [90m[1m_update_scan_actions[22m | native-phase-4.png[39m[0m
[   6% ] [90m[1m_update_scan_actions[22m | native-phase-5.png[39m[0m
[   7% ] [90m[1m_update_scan_actions[22m | native-phase-6.png[39m[0m
[   7% ] [90m[1m_update_scan_actions[22m | native-phase-7.png[39m[0m
[   7% ] [90m[1m_update_scan_actions[22m | native-phase-8.png[39m[0m
[   7% ] [90m[1m_update_scan_actions[22m | native-phase-9.png[39m[0m
[   7% ] [90m[1m_update_scan_actions[22m | native-phase-10.png[39m[0m
[   7% ] [90m[1m_update_scan_actions[22m | native-phase-11.png[39m[0m
[   7% ] [90m[1m_update_scan_actions[22m | native-seek-contact.jpg[39m[0m
[   7% ] [90m[1m_update_scan_actions[22m | outer-header-000202.png[39m[0m
[   7% ] [90m[1m_update_scan_actions[22m | outer-header-000203.png[39m[0m
[   7% ] [90m[1m_update_scan_actions[22m | outer-header-000204.png[39m[0m
[   7% ] [90m[1m_update_scan_actions[22m | review-page.png[39m[0m
[   7% ] [90m[1m_update_scan_actions[22m | shell-09-resized.png[39m[0m
[   7% ] [90m[1m_update_scan_actions[22m | browser-forward.png[39m[0m
[   7% ] [90m[1m_update_scan_actions[22m | browser-jamb.png[39m[0m
[   7% ] [90m[1m_update_scan_actions[22m | browser-return-jamb.png[39m[0m
[   7% ] [90m[1m_update_scan_actions[22m | browser-reverse.png[39m[0m
[   7% ] [90m[1m_update_scan_actions[22m | native-phase-0.png[39m[0m
[   7% ] [90m[1m_update_scan_actions[22m | native-phase-1.png[39m[0m
[   7% ] [90m[1m_update_scan_actions[22m | native-phase-2.png[39m[0m
[   7% ] [90m[1m_update_scan_actions[22m | native-phase-3.png[39m[0m
[   7% ] [90m[1m_update_scan_actions[22m | native-phase-4.png[39m[0m
[   7% ] [90m[1m_update_scan_actions[22m | native-phase-5.png[39m[0m
[   7% ] [90m[1m_update_scan_actions[22m | native-phase-6.png[39m[0m
[   7% ] [90m[1m_update_scan_actions[22m | native-phase-7.png[39m[0m
[   7% ] [90m[1m_update_scan_actions[22m | native-phase-8.png[39m[0m
[   7% ] [90m[1m_update_scan_actions[22m | native-phase-9.png[39m[0m
[   7% ] [90m[1m_update_scan_actions[22m | native-phase-10.png[39m[0m
[   7% ] [90m[1m_update_scan_actions[22m | native-phase-11.png[39m[0m
[   8% ] [90m[1m_update_scan_actions[22m | native-plinth-202.png[39m[0m
[   8% ] [90m[1m_update_scan_actions[22m | native-plinth-203.png[39m[0m
[   8% ] [90m[1m_update_scan_actions[22m | native-plinth-204.png[39m[0m
[   8% ] [90m[1m_update_scan_actions[22m | plinth-000202.png[39m[0m
[   8% ] [90m[1m_update_scan_actions[22m | plinth-000203.png[39m[0m
[   8% ] [90m[1m_update_scan_actions[22m | plinth-000204.png[39m[0m
[   8% ] [90m[1m_update_scan_actions[22m | review-page.png[39m[0m
[   8% ] [90m[1m_update_scan_actions[22m | right-plinth-000012-unused-points.png[39m[0m
[   8% ] [90m[1m_update_scan_actions[22m | right-plinth-000012.png[39m[0m
[   8% ] [90m[1m_update_scan_actions[22m | right-plinth-000014-unused-points.png[39m[0m
[   8% ] [90m[1m_update_scan_actions[22m | right-plinth-000014.png[39m[0m
[   8% ] [90m[1m_update_scan_actions[22m | right-plinth-reserved.png[39m[0m
[   8% ] [90m[1m_update_scan_actions[22m | shell-09-resized.png[39m[0m
[   8% ] [90m[1m_update_scan_actions[22m | 000206-validation.jpg[39m[0m
[   8% ] [90m[1m_update_scan_actions[22m | 000496-validation.jpg[39m[0m
[   8% ] [90m[1m_update_scan_actions[22m | 000506-validation.jpg[39m[0m
[   8% ] [90m[1m_update_scan_actions[22m | 000516-validation.jpg[39m[0m
[   8% ] [90m[1m_update_scan_actions[22m | aperture-candidates.png[39m[0m
[   8% ] [90m[1m_update_scan_actions[22m | aperture-source-9.png[39m[0m
[   8% ] [90m[1m_update_scan_actions[22m | aperture-source-12.png[39m[0m
[   8% ] [90m[1m_update_scan_actions[22m | aperture-source-19.png[39m[0m
[   8% ] [90m[1m_update_scan_actions[22m | aperture-source-21.png[39m[0m
[   8% ] [90m[1m_update_scan_actions[22m | browser-forward.png[39m[0m
[   8% ] [90m[1m_update_scan_actions[22m | browser-jamb.png[39m[0m
[   8% ] [90m[1m_update_scan_actions[22m | browser-return-jamb.png[39m[0m
[   8% ] [90m[1m_update_scan_actions[22m | browser-reverse.png[39m[0m
[   8% ] [90m[1m_update_scan_actions[22m | corridor-extents-v1-fit.png[39m[0m
[   9% ] [90m[1m_update_scan_actions[22m | corridor-extents-v1-reserved.png[39m[0m
[   9% ] [90m[1m_update_scan_actions[22m | doorway-aperture-v1-fit.png[39m[0m
[   9% ] [90m[1m_update_scan_actions[22m | doorway-aperture-v1-reserved.png[39m[0m
[   9% ] [90m[1m_update_scan_actions[22m | fresh-cloud-orbit.png[39m[0m
[   9% ] [90m[1m_update_scan_actions[22m | fresh-cloud.png[39m[0m
[   9% ] [90m[1m_update_scan_actions[22m | grand-casing-plinth-v1-fit.png[39m[0m
[   9% ] [90m[1m_update_scan_actions[22m | grand-casing-plinth-v1-reserved.png[39m[0m
[   9% ] [90m[1m_update_scan_actions[22m | grand-casing-registered-v1-fit.png[39m[0m
[   9% ] [90m[1m_update_scan_actions[22m | grand-casing-registered-v1-reserved.png[39m[0m
[   9% ] [90m[1m_update_scan_actions[22m | native-phase-0.png[39m[0m
[   9% ] [90m[1m_update_scan_actions[22m | native-phase-1.png[39m[0m
[   9% ] [90m[1m_update_scan_actions[22m | native-phase-2.png[39m[0m
[   9% ] [90m[1m_update_scan_actions[22m | native-phase-3.png[39m[0m
[   9% ] [90m[1m_update_scan_actions[22m | native-phase-4.png[39m[0m
[   9% ] [90m[1m_update_scan_actions[22m | native-phase-5.png[39m[0m
[   9% ] [90m[1m_update_scan_actions[22m | native-phase-6.png[39m[0m
[   9% ] [90m[1m_update_scan_actions[22m | native-phase-7.png[39m[0m
[   9% ] [90m[1m_update_scan_actions[22m | native-phase-8.png[39m[0m
[   9% ] [90m[1m_update_scan_actions[22m | native-phase-9.png[39m[0m
[   9% ] [90m[1m_update_scan_actions[22m | native-phase-10.png[39m[0m
[   9% ] [90m[1m_update_scan_actions[22m | native-phase-11.png[39m[0m
[   9% ] [90m[1m_update_scan_actions[22m | review-page.png[39m[0m
[   9% ] [90m[1m_update_scan_actions[22m | shell-09-resized.png[39m[0m
[   9% ] [90m[1m_update_scan_actions[22m | strict-aperture-toes-v1-doorway-aperture-v1-fit.png[39m[0m
[   9% ] [90m[1m_update_scan_actions[22m | strict-aperture-toes-v1-doorway-aperture-v1-reserved.png[39m[0m
[   9% ] [90m[1m_update_scan_actions[22m | 13-prediction.png[39m[0m
[   9% ] [90m[1m_update_scan_actions[22m | 13-right-feature-crop.png[39m[0m
[  10% ] [90m[1m_update_scan_actions[22m | 13-source-candidates.png[39m[0m
[  10% ] [90m[1m_update_scan_actions[22m | 13-third-candidate.png[39m[0m
[  10% ] [90m[1m_update_scan_actions[22m | 19-prediction.png[39m[0m
[  10% ] [90m[1m_update_scan_actions[22m | 19-right-feature-crop.png[39m[0m
[  10% ] [90m[1m_update_scan_actions[22m | 19-source-candidates.png[39m[0m
[  10% ] [90m[1m_update_scan_actions[22m | 19-third-candidate.png[39m[0m
[  10% ] [90m[1m_update_scan_actions[22m | 23-prediction.png[39m[0m
[  10% ] [90m[1m_update_scan_actions[22m | 23-right-feature-crop.png[39m[0m
[  10% ] [90m[1m_update_scan_actions[22m | 23-third-candidate.png[39m[0m
[  10% ] [90m[1m_update_scan_actions[22m | 23-track-residuals-depth-checked.png[39m[0m
[  10% ] [90m[1m_update_scan_actions[22m | 23-track-residuals.png[39m[0m
[  10% ] [90m[1m_update_scan_actions[22m | browser-forward.png[39m[0m
[  10% ] [90m[1m_update_scan_actions[22m | browser-jamb.png[39m[0m
[  10% ] [90m[1m_update_scan_actions[22m | browser-return-jamb.png[39m[0m
[  10% ] [90m[1m_update_scan_actions[22m | browser-reverse.png[39m[0m
[  10% ] [90m[1m_update_scan_actions[22m | floor-contact.png[39m[0m
[  10% ] [90m[1m_update_scan_actions[22m | native-phase-0.png[39m[0m
[  10% ] [90m[1m_update_scan_actions[22m | native-phase-1.png[39m[0m
[  10% ] [90m[1m_update_scan_actions[22m | native-phase-2.png[39m[0m
[  10% ] [90m[1m_update_scan_actions[22m | native-phase-3.png[39m[0m
[  10% ] [90m[1m_update_scan_actions[22m | native-phase-4.png[39m[0m
[  10% ] [90m[1m_update_scan_actions[22m | native-phase-5.png[39m[0m
[  10% ] [90m[1m_update_scan_actions[22m | native-phase-6.png[39m[0m
[  10% ] [90m[1m_update_scan_actions[22m | native-phase-7.png[39m[0m
[  10% ] [90m[1m_update_scan_actions[22m | native-phase-8.png[39m[0m
[  10% ] [90m[1m_update_scan_actions[22m | native-phase-9.png[39m[0m
[  10% ] [90m[1m_update_scan_actions[22m | native-phase-10.png[39m[0m
[  10% ] [90m[1m_update_scan_actions[22m | native-phase-11.png[39m[0m
[  11% ] [90m[1m_update_scan_actions[22m | review-page.png[39m[0m
[  11% ] [90m[1m_update_scan_actions[22m | shell-resized.png[39m[0m
[  11% ] [90m[1m_update_scan_actions[22m | 13-floor-training-broad.png[39m[0m
[  11% ] [90m[1m_update_scan_actions[22m | 13-third-feature-crop.png[39m[0m
[  11% ] [90m[1m_update_scan_actions[22m | 000013-triangle.png[39m[0m
[  11% ] [90m[1m_update_scan_actions[22m | 19-floor-training-broad.png[39m[0m
[  11% ] [90m[1m_update_scan_actions[22m | 19-third-feature-crop.png[39m[0m
[  11% ] [90m[1m_update_scan_actions[22m | 000019-triangle.png[39m[0m
[  11% ] [90m[1m_update_scan_actions[22m | 000021-triangle.png[39m[0m
[  11% ] [90m[1m_update_scan_actions[22m | 000025-triangle.png[39m[0m
[  11% ] [90m[1m_update_scan_actions[22m | browser-forward.png[39m[0m
[  11% ] [90m[1m_update_scan_actions[22m | browser-jamb.png[39m[0m
[  11% ] [90m[1m_update_scan_actions[22m | browser-return-jamb.png[39m[0m
[  11% ] [90m[1m_update_scan_actions[22m | browser-reverse.png[39m[0m
[  11% ] [90m[1m_update_scan_actions[22m | depth-source-masks.png[39m[0m
[  11% ] [90m[1m_update_scan_actions[22m | depth-valid-depth.png[39m[0m
[  11% ] [90m[1m_update_scan_actions[22m | multiview-training-contact.png[39m[0m
[  11% ] [90m[1m_update_scan_actions[22m | native-phase-0.png[39m[0m
[  11% ] [90m[1m_update_scan_actions[22m | native-phase-1.png[39m[0m
[  11% ] [90m[1m_update_scan_actions[22m | native-phase-2.png[39m[0m
[  11% ] [90m[1m_update_scan_actions[22m | native-phase-3.png[39m[0m
[  11% ] [90m[1m_update_scan_actions[22m | native-phase-4.png[39m[0m
[  11% ] [90m[1m_update_scan_actions[22m | native-phase-5.png[39m[0m
[  11% ] [90m[1m_update_scan_actions[22m | native-phase-6.png[39m[0m
[  11% ] [90m[1m_update_scan_actions[22m | native-phase-7.png[39m[0m
[  11% ] [90m[1m_update_scan_actions[22m | native-phase-8.png[39m[0m
[  11% ] [90m[1m_update_scan_actions[22m | native-phase-9.png[39m[0m
[  12% ] [90m[1m_update_scan_actions[22m | native-phase-10.png[39m[0m
[  12% ] [90m[1m_update_scan_actions[22m | native-phase-11.png[39m[0m
[  12% ] [90m[1m_update_scan_actions[22m | review-page.png[39m[0m
[  12% ] [90m[1m_update_scan_actions[22m | revisit-000245-triangle.png[39m[0m
[  12% ] [90m[1m_update_scan_actions[22m | shell-09-resized.png[39m[0m
[  12% ] [90m[1m_update_scan_actions[22m | shell-isolated-09-resized.png[39m[0m
[  12% ] [90m[1m_update_scan_actions[22m | browser-forward.png[39m[0m
[  12% ] [90m[1m_update_scan_actions[22m | browser-jamb.png[39m[0m
[  12% ] [90m[1m_update_scan_actions[22m | browser-return-jamb.png[39m[0m
[  12% ] [90m[1m_update_scan_actions[22m | browser-reverse.png[39m[0m
[  12% ] [90m[1m_update_scan_actions[22m | heldout-000246-transfer.png[39m[0m
[  12% ] [90m[1m_update_scan_actions[22m | heldout-000506-transfer.png[39m[0m
[  12% ] [90m[1m_update_scan_actions[22m | heldout-000516-transfer.png[39m[0m
[  12% ] [90m[1m_update_scan_actions[22m | heldout-final-000246-transfer.png[39m[0m
[  12% ] [90m[1m_update_scan_actions[22m | heldout-final-000506-transfer.png[39m[0m
[  12% ] [90m[1m_update_scan_actions[22m | IMG_6380-000244.jpg.png[39m[0m
[  12% ] [90m[1m_update_scan_actions[22m | IMG_6380-000245.jpg.png[39m[0m
[  12% ] [90m[1m_update_scan_actions[22m | IMG_6380-000505.jpg.png[39m[0m
[  12% ] [90m[1m_update_scan_actions[22m | IMG_6380_exit6fps-000013.jpg.png[39m[0m
[  12% ] [90m[1m_update_scan_actions[22m | IMG_6380_exit6fps-000019.jpg.png[39m[0m
[  12% ] [90m[1m_update_scan_actions[22m | IMG_6380_exit6fps-000020.jpg.png[39m[0m
[  12% ] [90m[1m_update_scan_actions[22m | 000246-far-photometric.png[39m[0m
[  12% ] [90m[1m_update_scan_actions[22m | 000246-transfer.png[39m[0m
[  12% ] [90m[1m_update_scan_actions[22m | 000506-far-photometric.png[39m[0m
[  12% ] [90m[1m_update_scan_actions[22m | 000506-near-photometric.png[39m[0m
[  12% ] [90m[1m_update_scan_actions[22m | 000506-transfer.png[39m[0m
[  12% ] [90m[1m_update_scan_actions[22m | browser-forward.png[39m[0m
[  12% ] [90m[1m_update_scan_actions[22m | browser-jamb.png[39m[0m
[  13% ] [90m[1m_update_scan_actions[22m | browser-return-jamb.png[39m[0m
[  13% ] [90m[1m_update_scan_actions[22m | browser-reverse.png[39m[0m
[  13% ] [90m[1m_update_scan_actions[22m | native-phase-0.png[39m[0m
[  13% ] [90m[1m_update_scan_actions[22m | native-phase-1.png[39m[0m
[  13% ] [90m[1m_update_scan_actions[22m | native-phase-3.png[39m[0m
[  13% ] [90m[1m_update_scan_actions[22m | shell-resized.png[39m[0m
[  13% ] [90m[1m_update_scan_actions[22m | 000206-pose-coverage.png[39m[0m
[  13% ] [90m[1m_update_scan_actions[22m | 000244-triangle.png[39m[0m
[  13% ] [90m[1m_update_scan_actions[22m | 000245-triangle.png[39m[0m
[  13% ] [90m[1m_update_scan_actions[22m | 000486-pose-coverage.png[39m[0m
[  13% ] [90m[1m_update_scan_actions[22m | 000496-pose-coverage.png[39m[0m
[  13% ] [90m[1m_update_scan_actions[22m | 000505-triangle.png[39m[0m
[  13% ] [90m[1m_update_scan_actions[22m | 000508-triangle.png[39m[0m
[  13% ] [90m[1m_update_scan_actions[22m | 000509-triangle.png[39m[0m
[  13% ] [90m[1m_update_scan_actions[22m | browser-forward.png[39m[0m
[  13% ] [90m[1m_update_scan_actions[22m | browser-jamb.png[39m[0m
[  13% ] [90m[1m_update_scan_actions[22m | browser-return-jamb.png[39m[0m
[  13% ] [90m[1m_update_scan_actions[22m | browser-reverse.png[39m[0m
[  13% ] [90m[1m_update_scan_actions[22m | entry-wall-000206-far-photometric.png[39m[0m
[  13% ] [90m[1m_update_scan_actions[22m | entry-wall-000206-near-photometric.png[39m[0m
[  13% ] [90m[1m_update_scan_actions[22m | entry-wall-000206-transfer.png[39m[0m
[  13% ] [90m[1m_update_scan_actions[22m | entry-wall-final-000206-far-photometric.png[39m[0m
[  13% ] [90m[1m_update_scan_actions[22m | entry-wall-final-000206-near-photometric.png[39m[0m
[  13% ] [90m[1m_update_scan_actions[22m | entry-wall-final-000206-transfer.png[39m[0m
[  13% ] [90m[1m_update_scan_actions[22m | entry-wall-mask.png[39m[0m
[  13% ] [90m[1m_update_scan_actions[22m | final-000246-far-photometric.png[39m[0m
[  13% ] [90m[1m_update_scan_actions[22m | final-000246-transfer.png[39m[0m
[  14% ] [90m[1m_update_scan_actions[22m | final-000506-far-photometric.png[39m[0m
[  14% ] [90m[1m_update_scan_actions[22m | final-000506-near-photometric.png[39m[0m
[  14% ] [90m[1m_update_scan_actions[22m | final-000506-transfer.png[39m[0m
[  14% ] [90m[1m_update_scan_actions[22m | IMG_6380-000244.jpg-wide.png[39m[0m
[  14% ] [90m[1m_update_scan_actions[22m | IMG_6380-000244.jpg.png[39m[0m
[  14% ] [90m[1m_update_scan_actions[22m | IMG_6380-000505.jpg-wide.png[39m[0m
[  14% ] [90m[1m_update_scan_actions[22m | IMG_6380-000505.jpg.png[39m[0m
[  14% ] [90m[1m_update_scan_actions[22m | IMG_6380-000508.jpg.png[39m[0m
[  14% ] [90m[1m_update_scan_actions[22m | IMG_6384-000027.jpg.png[39m[0m
[  14% ] [90m[1m_update_scan_actions[22m | IMG_6384-000035.jpg.png[39m[0m
[  14% ] [90m[1m_update_scan_actions[22m | native-phase-0.png[39m[0m
[  14% ] [90m[1m_update_scan_actions[22m | native-phase-1.png[39m[0m
[  14% ] [90m[1m_update_scan_actions[22m | native-phase-2.png[39m[0m
[  14% ] [90m[1m_update_scan_actions[22m | native-phase-3.png[39m[0m
[  14% ] [90m[1m_update_scan_actions[22m | native-phase-4.png[39m[0m
[  14% ] [90m[1m_update_scan_actions[22m | native-phase-5.png[39m[0m
[  14% ] [90m[1m_update_scan_actions[22m | native-phase-6.png[39m[0m
[  14% ] [90m[1m_update_scan_actions[22m | native-phase-7.png[39m[0m
[  14% ] [90m[1m_update_scan_actions[22m | native-phase-8.png[39m[0m
[  14% ] [90m[1m_update_scan_actions[22m | native-phase-9.png[39m[0m
[  14% ] [90m[1m_update_scan_actions[22m | native-phase-10.png[39m[0m
[  14% ] [90m[1m_update_scan_actions[22m | native-phase-11.png[39m[0m
[  14% ] [90m[1m_update_scan_actions[22m | preview.png[39m[0m
[  14% ] [90m[1m_update_scan_actions[22m | query-contact.png[39m[0m
[  14% ] [90m[1m_update_scan_actions[22m | shell-resized.png[39m[0m
[  14% ] [90m[1m_update_scan_actions[22m | source-contact.png[39m[0m
[  14% ] [90m[1m_update_scan_actions[22m | wide-000246-far-photometric.png[39m[0m
[  15% ] [90m[1m_update_scan_actions[22m | wide-000246-transfer.png[39m[0m
[  15% ] [90m[1m_update_scan_actions[22m | wide-000506-far-photometric.png[39m[0m
[  15% ] [90m[1m_update_scan_actions[22m | wide-000506-near-photometric.png[39m[0m
[  15% ] [90m[1m_update_scan_actions[22m | wide-000506-transfer.png[39m[0m
[  15% ] [90m[1m_update_scan_actions[22m | 000206-entry-floor-matches.png[39m[0m
[  15% ] [90m[1m_update_scan_actions[22m | 000244-entry-floor-matches.png[39m[0m
[  15% ] [90m[1m_update_scan_actions[22m | 000505-entry-floor-matches.png[39m[0m
[  15% ] [90m[1m_update_scan_actions[22m | 000206-entry-floor-matches.png[39m[0m
[  15% ] [90m[1m_update_scan_actions[22m | 000206-floor-crop.png[39m[0m
[  15% ] [90m[1m_update_scan_actions[22m | 000206-native-floor.png[39m[0m
[  15% ] [90m[1m_update_scan_actions[22m | 000206-wood-mask.png[39m[0m
[  15% ] [90m[1m_update_scan_actions[22m | 000244-entry-floor-matches.png[39m[0m
[  15% ] [90m[1m_update_scan_actions[22m | 000244-floor-crop.png[39m[0m
[  15% ] [90m[1m_update_scan_actions[22m | 000244-native-floor.png[39m[0m
[  15% ] [90m[1m_update_scan_actions[22m | 000244-wood-mask.png[39m[0m
[  15% ] [90m[1m_update_scan_actions[22m | 000505-entry-floor-matches.png[39m[0m
[  15% ] [90m[1m_update_scan_actions[22m | 000505-floor-crop.png[39m[0m
[  15% ] [90m[1m_update_scan_actions[22m | 000505-native-floor.png[39m[0m
[  15% ] [90m[1m_update_scan_actions[22m | 000505-wood-mask.png[39m[0m
[  15% ] [90m[1m_update_scan_actions[22m | browser-forward.png[39m[0m
[  15% ] [90m[1m_update_scan_actions[22m | browser-jamb.png[39m[0m
[  15% ] [90m[1m_update_scan_actions[22m | browser-return-jamb.png[39m[0m
[  15% ] [90m[1m_update_scan_actions[22m | browser-reverse.png[39m[0m
[  15% ] [90m[1m_update_scan_actions[22m | entry206-native-threshold.png[39m[0m
[  15% ] [90m[1m_update_scan_actions[22m | entry-floor-match-detail.png[39m[0m
[  15% ] [90m[1m_update_scan_actions[22m | entry-floor-sources.png[39m[0m
[  15% ] [90m[1m_update_scan_actions[22m | native-phase-0.png[39m[0m
[  15% ] [90m[1m_update_scan_actions[22m | native-phase-1.png[39m[0m
[  16% ] [90m[1m_update_scan_actions[22m | native-phase-2.png[39m[0m
[  16% ] [90m[1m_update_scan_actions[22m | native-phase-3.png[39m[0m
[  16% ] [90m[1m_update_scan_actions[22m | native-phase-4.png[39m[0m
[  16% ] [90m[1m_update_scan_actions[22m | native-phase-5.png[39m[0m
[  16% ] [90m[1m_update_scan_actions[22m | native-phase-6.png[39m[0m
[  16% ] [90m[1m_update_scan_actions[22m | native-phase-7.png[39m[0m
[  16% ] [90m[1m_update_scan_actions[22m | native-phase-8.png[39m[0m
[  16% ] [90m[1m_update_scan_actions[22m | native-phase-9.png[39m[0m
[  16% ] [90m[1m_update_scan_actions[22m | native-phase-10.png[39m[0m
[  16% ] [90m[1m_update_scan_actions[22m | native-phase-11.png[39m[0m
[  16% ] [90m[1m_update_scan_actions[22m | preview.png[39m[0m
[  16% ] [90m[1m_update_scan_actions[22m | shell-resized.png[39m[0m
[  16% ] [90m[1m_update_scan_actions[22m | 000244-native-matches.png[39m[0m
[  16% ] [90m[1m_update_scan_actions[22m | 000246-native-matches.png[39m[0m
[  16% ] [90m[1m_update_scan_actions[22m | 000505-native-matches.png[39m[0m
[  16% ] [90m[1m_update_scan_actions[22m | 000506-native-matches.png[39m[0m
[  16% ] [90m[1m_update_scan_actions[22m | browser-forward.png[39m[0m
[  16% ] [90m[1m_update_scan_actions[22m | browser-jamb.png[39m[0m
[  16% ] [90m[1m_update_scan_actions[22m | browser-return-jamb.png[39m[0m
[  16% ] [90m[1m_update_scan_actions[22m | browser-reverse.png[39m[0m
[  16% ] [90m[1m_update_scan_actions[22m | combined-000246-far-photometric.png[39m[0m
[  16% ] [90m[1m_update_scan_actions[22m | combined-000246-transfer.png[39m[0m
[  16% ] [90m[1m_update_scan_actions[22m | combined-000506-far-photometric.png[39m[0m
[  16% ] [90m[1m_update_scan_actions[22m | combined-000506-near-photometric.png[39m[0m
[  16% ] [90m[1m_update_scan_actions[22m | combined-000506-transfer.png[39m[0m
[  16% ] [90m[1m_update_scan_actions[22m | native-phase-0.png[39m[0m
[  16% ] [90m[1m_update_scan_actions[22m | native-phase-1.png[39m[0m
[  17% ] [90m[1m_update_scan_actions[22m | native-phase-2.png[39m[0m
[  17% ] [90m[1m_update_scan_actions[22m | native-phase-3.png[39m[0m
[  17% ] [90m[1m_update_scan_actions[22m | native-phase-4.png[39m[0m
[  17% ] [90m[1m_update_scan_actions[22m | native-phase-5.png[39m[0m
[  17% ] [90m[1m_update_scan_actions[22m | native-phase-6.png[39m[0m
[  17% ] [90m[1m_update_scan_actions[22m | native-phase-7.png[39m[0m
[  17% ] [90m[1m_update_scan_actions[22m | native-phase-8.png[39m[0m
[  17% ] [90m[1m_update_scan_actions[22m | native-phase-9.png[39m[0m
[  17% ] [90m[1m_update_scan_actions[22m | native-phase-10.png[39m[0m
[  17% ] [90m[1m_update_scan_actions[22m | native-phase-11.png[39m[0m
[  17% ] [90m[1m_update_scan_actions[22m | preview.png[39m[0m
[  17% ] [90m[1m_update_scan_actions[22m | shell-resized.png[39m[0m
[  17% ] [90m[1m_update_scan_actions[22m | 000013-floor-detections.png[39m[0m
[  17% ] [90m[1m_update_scan_actions[22m | 000013-native-matches-caption-corrected.png[39m[0m
[  17% ] [90m[1m_update_scan_actions[22m | 000019-floor-detections.png[39m[0m
[  17% ] [90m[1m_update_scan_actions[22m | 000019-native-matches-caption-corrected.png[39m[0m
[  17% ] [90m[1m_update_scan_actions[22m | 000021-native-matches-caption-corrected.png[39m[0m
[  17% ] [90m[1m_update_scan_actions[22m | 000025-native-matches-caption-corrected.png[39m[0m
[  17% ] [90m[1m_update_scan_actions[22m | 6384-000205-source.png[39m[0m
[  17% ] [90m[1m_update_scan_actions[22m | 6384-000207-source.png[39m[0m
[  17% ] [90m[1m_update_scan_actions[22m | 6384-000208-source.png[39m[0m
[  17% ] [90m[1m_update_scan_actions[22m | 6384-000209-source.png[39m[0m
[  17% ] [90m[1m_update_scan_actions[22m | browser-forward.png[39m[0m
[  17% ] [90m[1m_update_scan_actions[22m | browser-jamb.png[39m[0m
[  17% ] [90m[1m_update_scan_actions[22m | browser-return-jamb.png[39m[0m
[  17% ] [90m[1m_update_scan_actions[22m | browser-reverse.png[39m[0m
[  17% ] [90m[1m_update_scan_actions[22m | native-walk.png[39m[0m
[  17% ] [90m[1m_update_scan_actions[22m | other-clip-source-contact.jpg[39m[0m
[  18% ] [90m[1m_update_scan_actions[22m | preview.png[39m[0m
[  18% ] [90m[1m_update_scan_actions[22m | shell-resized.png[39m[0m
[  18% ] [90m[1m_update_scan_actions[22m | 207-aligned-contact-crop.png[39m[0m
[  18% ] [90m[1m_update_scan_actions[22m | 207-contact-crop.png[39m[0m
[  18% ] [90m[1m_update_scan_actions[22m | 207-native.jpg[39m[0m
[  18% ] [90m[1m_update_scan_actions[22m | 000207-source-mark.png[39m[0m
[  18% ] [90m[1m_update_scan_actions[22m | 209-aligned-contact-crop.png[39m[0m
[  18% ] [90m[1m_update_scan_actions[22m | 209-contact-crop.png[39m[0m
[  18% ] [90m[1m_update_scan_actions[22m | 209-native.jpg[39m[0m
[  18% ] [90m[1m_update_scan_actions[22m | 000209-source-mark.png[39m[0m
[  18% ] [90m[1m_update_scan_actions[22m | browser-forward.png[39m[0m
[  18% ] [90m[1m_update_scan_actions[22m | browser-reverse.png[39m[0m
[  18% ] [90m[1m_update_scan_actions[22m | native-walk.png[39m[0m
[  18% ] [90m[1m_update_scan_actions[22m | reserved-contact-crop.png[39m[0m
[  18% ] [90m[1m_update_scan_actions[22m | reserved-contact-prediction.png[39m[0m
[  18% ] [90m[1m_update_scan_actions[22m | shell-resized.png[39m[0m
[  18% ] [90m[1m_update_scan_actions[22m | source-native-01.jpg[39m[0m
[  18% ] [90m[1m_update_scan_actions[22m | source-native-02.jpg[39m[0m
[  18% ] [90m[1m_update_scan_actions[22m | actual-main-hall-wide.png[39m[0m
[  18% ] [90m[1m_update_scan_actions[22m | actual-main-hall.png[39m[0m
[  18% ] [90m[1m_update_scan_actions[22m | attachment-hall.png[39m[0m
[  18% ] [90m[1m_update_scan_actions[22m | attachment-stone-portal.png[39m[0m
[  18% ] [90m[1m_update_scan_actions[22m | flat-modern-seated-woman-oblique.png[39m[0m
[  18% ] [90m[1m_update_scan_actions[22m | flat-modern-seated-woman.png[39m[0m
[  18% ] [90m[1m_update_scan_actions[22m | grey-fullapp.png[39m[0m
[  18% ] [90m[1m_update_scan_actions[22m | hall-fullapp.png[39m[0m
[  18% ] [90m[1m_update_scan_actions[22m | landing-source-9.5s.jpg[39m[0m
[  19% ] [90m[1m_update_scan_actions[22m | landing-source-42.5s.jpg[39m[0m
[  19% ] [90m[1m_update_scan_actions[22m | landing-source-43.5s.jpg[39m[0m
[  19% ] [90m[1m_update_scan_actions[22m | landing-upright-9.5s.png[39m[0m
[  19% ] [90m[1m_update_scan_actions[22m | landing-upright-42.5s.png[39m[0m
[  19% ] [90m[1m_update_scan_actions[22m | landing-upright-43.5s.png[39m[0m
[  19% ] [90m[1m_update_scan_actions[22m | medieval-fullapp.png[39m[0m
[  19% ] [90m[1m_update_scan_actions[22m | modern-doorway-corner.png[39m[0m
[  19% ] [90m[1m_update_scan_actions[22m | modern-entry-wide.png[39m[0m
[  19% ] [90m[1m_update_scan_actions[22m | modern-old-layout-fullapp.png[39m[0m
[  19% ] [90m[1m_update_scan_actions[22m | modern-seated-woman-oblique.png[39m[0m
[  19% ] [90m[1m_update_scan_actions[22m | modern-seated-woman.png[39m[0m
[  19% ] [90m[1m_update_scan_actions[22m | modern-villon.png[39m[0m
[  19% ] [90m[1m_update_scan_actions[22m | modern-windows-wide.png[39m[0m
[  19% ] [90m[1m_update_scan_actions[22m | seated-woman-bronze-original.webp[39m[0m
[  19% ] [90m[1m_update_scan_actions[22m | stale-hall-v48.png[39m[0m
[  19% ] [90m[1m_update_scan_actions[22m | bookcase-extrema-v1-000292.png[39m[0m
[  19% ] [90m[1m_update_scan_actions[22m | bookcase-extrema-v1-000297.png[39m[0m
[  19% ] [90m[1m_update_scan_actions[22m | bookcase-extrema-v2-000292.png[39m[0m
[  19% ] [90m[1m_update_scan_actions[22m | bookcase-extrema-v2-000297.png[39m[0m
[  19% ] [90m[1m_update_scan_actions[22m | bookcase-extrema-v2-reserved-000409.png[39m[0m
[  19% ] [90m[1m_update_scan_actions[22m | head-front.png[39m[0m
[  19% ] [90m[1m_update_scan_actions[22m | head-oblique.png[39m[0m
[  19% ] [90m[1m_update_scan_actions[22m | head-profile.png[39m[0m
[  19% ] [90m[1m_update_scan_actions[22m | head-rear.png[39m[0m
[  19% ] [90m[1m_update_scan_actions[22m | head-walking.png[39m[0m
[  19% ] [90m[1m_update_scan_actions[22m | legacy-native-phase-4.png[39m[0m
[  19% ] [90m[1m_update_scan_actions[22m | room-browser-browser-forward.png[39m[0m
[  20% ] [90m[1m_update_scan_actions[22m | room-browser-browser-reverse.png[39m[0m
[  20% ] [90m[1m_update_scan_actions[22m | room-native-phase-4.png[39m[0m
[  20% ] [90m[1m_update_scan_actions[22m | room-plan.png[39m[0m
[  20% ] [90m[1m_update_scan_actions[22m | bookcase-reserved-000409.png[39m[0m
[  20% ] [90m[1m_update_scan_actions[22m | browser-browser-forward.png[39m[0m
[  20% ] [90m[1m_update_scan_actions[22m | browser-browser-reverse.png[39m[0m
[  20% ] [90m[1m_update_scan_actions[22m | caption-walk.png[39m[0m
[  20% ] [90m[1m_update_scan_actions[22m | floor-000206.png[39m[0m
[  20% ] [90m[1m_update_scan_actions[22m | floor-000209.png[39m[0m
[  20% ] [90m[1m_update_scan_actions[22m | head-front.png[39m[0m
[  20% ] [90m[1m_update_scan_actions[22m | head-oblique.png[39m[0m
[  20% ] [90m[1m_update_scan_actions[22m | head-profile.png[39m[0m
[  20% ] [90m[1m_update_scan_actions[22m | head-rear.png[39m[0m
[  20% ] [90m[1m_update_scan_actions[22m | head-walking.png[39m[0m
[  20% ] [90m[1m_update_scan_actions[22m | native-phase-4.png[39m[0m
[  20% ] [90m[1m_update_scan_actions[22m | preview-preview.png[39m[0m
[  20% ] [90m[1m_update_scan_actions[22m | room-plan.png[39m[0m
[  20% ] [90m[1m_update_scan_actions[22m | browser-forward.png[39m[0m
[  20% ] [90m[1m_update_scan_actions[22m | browser-jamb.png[39m[0m
[  20% ] [90m[1m_update_scan_actions[22m | browser-return-jamb.png[39m[0m
[  20% ] [90m[1m_update_scan_actions[22m | browser-reverse.png[39m[0m
[  20% ] [90m[1m_update_scan_actions[22m | IMG_6378.jpg[39m[0m
[  20% ] [90m[1m_update_scan_actions[22m | IMG_6379.jpg[39m[0m
[  20% ] [90m[1m_update_scan_actions[22m | IMG_6380.jpg[39m[0m
[  20% ] [90m[1m_update_scan_actions[22m | IMG_6381.jpg[39m[0m
[  20% ] [90m[1m_update_scan_actions[22m | IMG_6382.jpg[39m[0m
[  20% ] [90m[1m_update_scan_actions[22m | IMG_6383.jpg[39m[0m
[  20% ] [90m[1m_update_scan_actions[22m | IMG_6384.jpg[39m[0m
[  21% ] [90m[1m_update_scan_actions[22m | IMG_6385.jpg[39m[0m
[  21% ] [90m[1m_update_scan_actions[22m | IMG_6386.jpg[39m[0m
[  21% ] [90m[1m_update_scan_actions[22m | IMG_6387.jpg[39m[0m
[  21% ] [90m[1m_update_scan_actions[22m | architecture-asset.png[39m[0m
[  21% ] [90m[1m_update_scan_actions[22m | bookcase-asset.png[39m[0m
[  21% ] [90m[1m_update_scan_actions[22m | bookcase-detail.png[39m[0m
[  21% ] [90m[1m_update_scan_actions[22m | bookcase-oblique.png[39m[0m
[  21% ] [90m[1m_update_scan_actions[22m | bust-asset.png[39m[0m
[  21% ] [90m[1m_update_scan_actions[22m | bust-detail.png[39m[0m
[  21% ] [90m[1m_update_scan_actions[22m | door-sconce-detail.png[39m[0m
[  21% ] [90m[1m_update_scan_actions[22m | entrance-chair-detail.png[39m[0m
[  21% ] [90m[1m_update_scan_actions[22m | gallery.png[39m[0m
[  21% ] [90m[1m_update_scan_actions[22m | gold-service-asset.png[39m[0m
[  21% ] [90m[1m_update_scan_actions[22m | gold-service-detail.png[39m[0m
[  21% ] [90m[1m_update_scan_actions[22m | mirror-detail.png[39m[0m
[  21% ] [90m[1m_update_scan_actions[22m | official-floor5.png[39m[0m
[  21% ] [90m[1m_update_scan_actions[22m | official-floor43.png[39m[0m
[  21% ] [90m[1m_update_scan_actions[22m | phase-0.png[39m[0m
[  21% ] [90m[1m_update_scan_actions[22m | phase-1.png[39m[0m
[  21% ] [90m[1m_update_scan_actions[22m | phase-2.png[39m[0m
[  21% ] [90m[1m_update_scan_actions[22m | phase-3.png[39m[0m
[  21% ] [90m[1m_update_scan_actions[22m | phase-4.png[39m[0m
[  21% ] [90m[1m_update_scan_actions[22m | phase-5.png[39m[0m
[  21% ] [90m[1m_update_scan_actions[22m | phase-6.png[39m[0m
[  21% ] [90m[1m_update_scan_actions[22m | phase-7.png[39m[0m
[  21% ] [90m[1m_update_scan_actions[22m | phase-8.png[39m[0m
[  21% ] [90m[1m_update_scan_actions[22m | pink-service-asset.png[39m[0m
[  22% ] [90m[1m_update_scan_actions[22m | pink-service-detail.png[39m[0m
[  22% ] [90m[1m_update_scan_actions[22m | room.png[39m[0m
[  22% ] [90m[1m_update_scan_actions[22m | settee-detail.png[39m[0m
[  22% ] [90m[1m_update_scan_actions[22m | source-gallery-entry.png[39m[0m
[  22% ] [90m[1m_update_scan_actions[22m | source-purple-entry.png[39m[0m
[  22% ] [90m[1m_update_scan_actions[22m | wide-gallery-entry.png[39m[0m
[  22% ] [90m[1m_update_scan_actions[22m | wide-purple-entry.png[39m[0m
[  22% ] [90m[1m_update_scan_actions[22m | wide-source-camera.png[39m[0m
[  22% ] [90m[1m_update_scan_actions[22m | bertin-hall-wall-before.png[39m[0m
[  22% ] [90m[1m_update_scan_actions[22m | bertin-hall-wall.png[39m[0m
[  22% ] [90m[1m_update_scan_actions[22m | bertin-in-room.png[39m[0m
[  22% ] [90m[1m_update_scan_actions[22m | bertin-tivoli-zoom-0.jpg[39m[0m
[  22% ] [90m[1m_update_scan_actions[22m | browser-forward.png[39m[0m
[  22% ] [90m[1m_update_scan_actions[22m | browser-jamb.png[39m[0m
[  22% ] [90m[1m_update_scan_actions[22m | browser-reverse.png[39m[0m
[  22% ] [90m[1m_update_scan_actions[22m | grey-gallery-wide.png[39m[0m
[  22% ] [90m[1m_update_scan_actions[22m | medieval-wide-before.png[39m[0m
[  22% ] [90m[1m_update_scan_actions[22m | medieval-wide.png[39m[0m
[  22% ] [90m[1m_update_scan_actions[22m | pier-candidates.png[39m[0m
[  22% ] [90m[1m_update_scan_actions[22m | source-bertin-90.25.png[39m[0m
[  22% ] [90m[1m_update_scan_actions[22m | source-bertin-91.25.png[39m[0m
[  22% ] [90m[1m_update_scan_actions[22m | source-grey-wall-84.75.png[39m[0m
[  22% ] [90m[1m_update_scan_actions[22m | source-pier-99.75.png[39m[0m
[  22% ] [90m[1m_update_scan_actions[22m | source-pier-100.75.png[39m[0m
[  22% ] [90m[1m_update_scan_actions[22m | source-pier-101.50.png[39m[0m
[  22% ] [90m[1m_update_scan_actions[22m | source-pier-105.00.png[39m[0m
[  22% ] [90m[1m_update_scan_actions[22m | browser-forward.png[39m[0m
[  22% ] [90m[1m_update_scan_actions[22m | browser-reverse.png[39m[0m
[  23% ] [90m[1m_update_scan_actions[22m | hall-wide-arch.png[39m[0m
[  23% ] [90m[1m_update_scan_actions[22m | loop-overview.png[39m[0m
[  23% ] [90m[1m_update_scan_actions[22m | medieval-frame-front.png[39m[0m
[  23% ] [90m[1m_update_scan_actions[22m | medieval-grille-original.webp[39m[0m
[  23% ] [90m[1m_update_scan_actions[22m | medieval-grille-rectified-study.png[39m[0m
[  23% ] [90m[1m_update_scan_actions[22m | medieval-portal-wall-wide.png[39m[0m
[  23% ] [90m[1m_update_scan_actions[22m | medieval-walk.png[39m[0m
[  23% ] [90m[1m_update_scan_actions[22m | renaissance-2.25-source.jpg[39m[0m
[  23% ] [90m[1m_update_scan_actions[22m | renaissance-38.25-source.jpg[39m[0m
[  23% ] [90m[1m_update_scan_actions[22m | renaissance-62.25-source.jpg[39m[0m
[  23% ] [90m[1m_update_scan_actions[22m | renaissance-walk.png[39m[0m
[  23% ] [90m[1m_update_scan_actions[22m | renaissance-wide.png[39m[0m
[  23% ] [90m[1m_update_scan_actions[22m | unbaked-loop-overview.png[39m[0m
[  23% ] [90m[1m_update_scan_actions[22m | unbaked-medieval-portal-wall-wide.png[39m[0m
[  23% ] [90m[1m_update_scan_actions[22m | unbaked-medieval-walk.png[39m[0m
[  23% ] [90m[1m_update_scan_actions[22m | unbaked-renaissance-walk.png[39m[0m
[  23% ] [90m[1m_update_scan_actions[22m | unbaked-renaissance-wide.png[39m[0m
[  23% ] [90m[1m_update_scan_actions[22m | unbaked-tracery-angle.png[39m[0m
[  23% ] [90m[1m_update_scan_actions[22m | unbaked-tracery-front.png[39m[0m
[  23% ] [90m[1m_update_scan_actions[22m | v42-grille-88.75-review.jpg[39m[0m
[  23% ] [90m[1m_update_scan_actions[22m | v42-medieval-portal-wall-wide.png[39m[0m
[  23% ] [90m[1m_update_scan_actions[22m | v43-dark-medieval-portal-wall-wide.png[39m[0m
[  23% ] [90m[1m_update_scan_actions[22m | v43-dark-medieval-walk.png[39m[0m
[  23% ] [90m[1m_update_scan_actions[22m | v43-dark-renaissance-wide.png[39m[0m
[  23% ] [90m[1m_update_scan_actions[22m | angel-annunciation-zoom-0.jpg[39m[0m
[  23% ] [90m[1m_update_scan_actions[22m | anthony-enthroned-zoom-0.jpg[39m[0m
[  23% ] [90m[1m_update_scan_actions[22m | bartolo-madonna-zoom-0.jpg[39m[0m
[  24% ] [90m[1m_update_scan_actions[22m | browser-forward.png[39m[0m
[  24% ] [90m[1m_update_scan_actions[22m | browser-jamb.png[39m[0m
[  24% ] [90m[1m_update_scan_actions[22m | browser-reverse.png[39m[0m
[  24% ] [90m[1m_update_scan_actions[22m | culled-front-medieval-portal-wall-wide.png[39m[0m
[  24% ] [90m[1m_update_scan_actions[22m | culled-front-portal-front.png[39m[0m
[  24% ] [90m[1m_update_scan_actions[22m | grey-gallery-wide.png[39m[0m
[  24% ] [90m[1m_update_scan_actions[22m | grey-walk.png[39m[0m
[  24% ] [90m[1m_update_scan_actions[22m | hall-entry-12.50.png[39m[0m
[  24% ] [90m[1m_update_scan_actions[22m | hall-entry-17.50.png[39m[0m
[  24% ] [90m[1m_update_scan_actions[22m | hall-far-first-warm.png[39m[0m
[  24% ] [90m[1m_update_scan_actions[22m | hall-first-warm.png[39m[0m
[  24% ] [90m[1m_update_scan_actions[22m | hall-grey-join.png[39m[0m
[  24% ] [90m[1m_update_scan_actions[22m | hall-portal-join.png[39m[0m
[  24% ] [90m[1m_update_scan_actions[22m | hall-portal-walk.png[39m[0m
[  24% ] [90m[1m_update_scan_actions[22m | hall-source-camera.png[39m[0m
[  24% ] [90m[1m_update_scan_actions[22m | hall-walk.png[39m[0m
[  24% ] [90m[1m_update_scan_actions[22m | hall-west-paintings.png[39m[0m
[  24% ] [90m[1m_update_scan_actions[22m | hall-wide-arch.png[39m[0m
[  24% ] [90m[1m_update_scan_actions[22m | hall-wide-far.png[39m[0m
[  24% ] [90m[1m_update_scan_actions[22m | loop-overview.png[39m[0m
[  24% ] [90m[1m_update_scan_actions[22m | medieval-00.25.png[39m[0m
[  24% ] [90m[1m_update_scan_actions[22m | medieval-08.25.png[39m[0m
[  24% ] [90m[1m_update_scan_actions[22m | medieval-85.25.png[39m[0m
[  24% ] [90m[1m_update_scan_actions[22m | medieval-86.25.png[39m[0m
[  24% ] [90m[1m_update_scan_actions[22m | medieval-87.25.png[39m[0m
[  24% ] [90m[1m_update_scan_actions[22m | medieval-89.25.png[39m[0m
[  24% ] [90m[1m_update_scan_actions[22m | medieval-cases-east.png[39m[0m
[  25% ] [90m[1m_update_scan_actions[22m | medieval-cases-portal.png[39m[0m
[  25% ] [90m[1m_update_scan_actions[22m | medieval-pan-contact.jpg[39m[0m
[  25% ] [90m[1m_update_scan_actions[22m | medieval-portal-wall-wide.png[39m[0m
[  25% ] [90m[1m_update_scan_actions[22m | medieval-survey-112.jpg[39m[0m
[  25% ] [90m[1m_update_scan_actions[22m | medieval-survey-122.jpg[39m[0m
[  25% ] [90m[1m_update_scan_actions[22m | medieval-survey-136.jpg[39m[0m
[  25% ] [90m[1m_update_scan_actions[22m | medieval-survey-141.jpg[39m[0m
[  25% ] [90m[1m_update_scan_actions[22m | medieval-survey-146.jpg[39m[0m
[  25% ] [90m[1m_update_scan_actions[22m | medieval-survey-152.jpg[39m[0m
[  25% ] [90m[1m_update_scan_actions[22m | medieval-wide.png[39m[0m
[  25% ] [90m[1m_update_scan_actions[22m | memmi-magdalene-zoom-0.jpg[39m[0m
[  25% ] [90m[1m_update_scan_actions[22m | perugino-in-room.png[39m[0m
[  25% ] [90m[1m_update_scan_actions[22m | portal-angle.png[39m[0m
[  25% ] [90m[1m_update_scan_actions[22m | portal-front.png[39m[0m
[  25% ] [90m[1m_update_scan_actions[22m | renaissance-wide.png[39m[0m
[  25% ] [90m[1m_update_scan_actions[22m | risd-official-floor5-map.png[39m[0m
[  25% ] [90m[1m_update_scan_actions[22m | room.png[39m[0m
[  25% ] [90m[1m_update_scan_actions[22m | route-plan.svg[39m[0m
[  25% ] [90m[1m_update_scan_actions[22m | source-hall-65.00.png[39m[0m
[  25% ] [90m[1m_update_scan_actions[22m | source-hall-177.50.png[39m[0m
[  25% ] [90m[1m_update_scan_actions[22m | taking-peter-zoom-0.jpg[39m[0m
[  25% ] [90m[1m_update_scan_actions[22m | torpe-madonna-zoom-0.jpg[39m[0m
[  25% ] [90m[1m_update_scan_actions[22m | tracery-front.png[39m[0m
[  25% ] [90m[1m_update_scan_actions[22m | virgin-annunciation-zoom-0.jpg[39m[0m
[  25% ] [90m[1m_update_scan_actions[22m | wide-gallery-entry.png[39m[0m
[  25% ] [90m[1m_update_scan_actions[22m | wide-purple-entry.png[39m[0m
[  25% ] [90m[1m_update_scan_actions[22m | wide-source-camera.png[39m[0m
[  25% ] [90m[1m_update_scan_actions[22m | braque-frame-original.webp[39m[0m
[  26% ] [90m[1m_update_scan_actions[22m | braque-frame-reference.png[39m[0m
[  26% ] [90m[1m_update_scan_actions[22m | braque-still-life-official.jpg[39m[0m
[  26% ] [90m[1m_update_scan_actions[22m | browser-forward.png[39m[0m
[  26% ] [90m[1m_update_scan_actions[22m | browser-reverse.png[39m[0m
[  26% ] [90m[1m_update_scan_actions[22m | cezanne-banks-river-official.jpg[39m[0m
[  26% ] [90m[1m_update_scan_actions[22m | cezanne-frame-original.webp[39m[0m
[  26% ] [90m[1m_update_scan_actions[22m | cezanne-frame-reference.png[39m[0m
[  26% ] [90m[1m_update_scan_actions[22m | hall-wide-arch.png[39m[0m
[  26% ] [90m[1m_update_scan_actions[22m | initial-review-offset-error.png[39m[0m
[  26% ] [90m[1m_update_scan_actions[22m | landing-medieval-reverse.png[39m[0m
[  26% ] [90m[1m_update_scan_actions[22m | landing-modern-door.png[39m[0m
[  26% ] [90m[1m_update_scan_actions[22m | landing-stair-void.png[39m[0m
[  26% ] [90m[1m_update_scan_actions[22m | landing-walk.png[39m[0m
[  26% ] [90m[1m_update_scan_actions[22m | landing-white-door.png[39m[0m
[  26% ] [90m[1m_update_scan_actions[22m | landing-wide.jpg[39m[0m
[  26% ] [90m[1m_update_scan_actions[22m | loop-overview.png[39m[0m
[  26% ] [90m[1m_update_scan_actions[22m | matisse-green-pumpkin-official.jpg[39m[0m
[  26% ] [90m[1m_update_scan_actions[22m | medieval-stair-wall-wide.png[39m[0m
[  26% ] [90m[1m_update_scan_actions[22m | modern-braque.png[39m[0m
[  26% ] [90m[1m_update_scan_actions[22m | modern-cezanne.png[39m[0m
[  26% ] [90m[1m_update_scan_actions[22m | modern-entry-wide.png[39m[0m
[  26% ] [90m[1m_update_scan_actions[22m | modern-far-wall-sequence.jpg[39m[0m
[  26% ] [90m[1m_update_scan_actions[22m | modern-pumpkin.png[39m[0m
[  26% ] [90m[1m_update_scan_actions[22m | modern-villon.png[39m[0m
[  26% ] [90m[1m_update_scan_actions[22m | modern-walk.png[39m[0m
[  26% ] [90m[1m_update_scan_actions[22m | modern-wide.jpg[39m[0m
[  26% ] [90m[1m_update_scan_actions[22m | modern-windows-wide.png[39m[0m
[  27% ] [90m[1m_update_scan_actions[22m | native-review-contact-sheet.jpg[39m[0m
[  27% ] [90m[1m_update_scan_actions[22m | seated-woman-duchamp-villon-official.jpg[39m[0m
[  27% ] [90m[1m_update_scan_actions[22m | v45-capped-stair-door.png[39m[0m
[  27% ] [90m[1m_update_scan_actions[22m | villon-head-woman-official.jpg[39m[0m
[  27% ] [90m[1m_update_scan_actions[22m | wide-2.25-source.jpg[39m[0m
[  27% ] [90m[1m_update_scan_actions[22m | wide-4.25-source.jpg[39m[0m
[  27% ] [90m[1m_update_scan_actions[22m | wide-6.25-source.jpg[39m[0m
[  27% ] [90m[1m_update_scan_actions[22m | wide-8.25-source.jpg[39m[0m
[  27% ] [90m[1m_update_scan_actions[22m | wide-10.25-source.jpg[39m[0m
[  27% ] [90m[1m_update_scan_actions[22m | wide-12.25-source.jpg[39m[0m
[  27% ] [90m[1m_update_scan_actions[22m | wide-14.25-source.jpg[39m[0m
[  27% ] [90m[1m_update_scan_actions[22m | wide-16.25-source.jpg[39m[0m
[  27% ] [90m[1m_update_scan_actions[22m | wide-36.25-source.jpg[39m[0m
[  27% ] [90m[1m_update_scan_actions[22m | wide-38.25-source.jpg[39m[0m
[  27% ] [90m[1m_update_scan_actions[22m | wide-40.25-source.jpg[39m[0m
[  27% ] [90m[1m_update_scan_actions[22m | wide-42.25-source.jpg[39m[0m
[  27% ] [90m[1m_update_scan_actions[22m | wide-44.25-source.jpg[39m[0m
[  27% ] [90m[1m_update_scan_actions[22m | wide-46.25-source.jpg[39m[0m
[  27% ] [90m[1m_update_scan_actions[22m | wide-48.25-source.jpg[39m[0m
[  27% ] [90m[1m_update_scan_actions[22m | wide-50.25-source.jpg[39m[0m
[  27% ] [90m[1m_update_scan_actions[22m | wide-51.25-source.jpg[39m[0m
[  27% ] [90m[1m_update_scan_actions[22m | wide-52.25-source.jpg[39m[0m
[  27% ] [90m[1m_update_scan_actions[22m | wide-53.25-source.jpg[39m[0m
[  27% ] [90m[1m_update_scan_actions[22m | wide-54.25-source.jpg[39m[0m
[  27% ] [90m[1m_update_scan_actions[22m | wide-56.25-source.jpg[39m[0m
[  27% ] [90m[1m_update_scan_actions[22m | wide-58.25-source.jpg[39m[0m
[  27% ] [90m[1m_update_scan_actions[22m | wide-60.25-source.jpg[39m[0m
[  27% ] [90m[1m_update_scan_actions[22m | wide-62.25-source.jpg[39m[0m
[  28% ] [90m[1m_update_scan_actions[22m | wide-64.25-source.jpg[39m[0m
[  28% ] [90m[1m_update_scan_actions[22m | wide-66.25-source.jpg[39m[0m
[  28% ] [90m[1m_update_scan_actions[22m | wide-68.25-source.jpg[39m[0m
[  28% ] [90m[1m_update_scan_actions[22m | wide-70.25-source.jpg[39m[0m
[  28% ] [90m[1m_update_scan_actions[22m | wide-72.25-source.jpg[39m[0m
[  28% ] [90m[1m_update_scan_actions[22m | wide-76.25-source.jpg[39m[0m
[  28% ] [90m[1m_update_scan_actions[22m | wide-80.25-source.jpg[39m[0m
[  28% ] [90m[1m_update_scan_actions[22m | wide-84.25-source.jpg[39m[0m
[  28% ] [90m[1m_update_scan_actions[22m | browser-forward.png[39m[0m
[  28% ] [90m[1m_update_scan_actions[22m | browser-jamb.png[39m[0m
[  28% ] [90m[1m_update_scan_actions[22m | browser-reverse.png[39m[0m
[  28% ] [90m[1m_update_scan_actions[22m | european-door-detail.png[39m[0m
[  28% ] [90m[1m_update_scan_actions[22m | european-door-reverse.png[39m[0m
[  28% ] [90m[1m_update_scan_actions[22m | gallery-far-door.png[39m[0m
[  28% ] [90m[1m_update_scan_actions[22m | phase-11.png[39m[0m
[  28% ] [90m[1m_update_scan_actions[22m | phase-12.png[39m[0m
[  28% ] [90m[1m_update_scan_actions[22m | renaissance-wide.png[39m[0m
[  28% ] [90m[1m_update_scan_actions[22m | shell-01-launch.png[39m[0m
[  28% ] [90m[1m_update_scan_actions[22m | shell-09-resized.png[39m[0m
[  28% ] [90m[1m_update_scan_actions[22m | source-leaf-102.75.png[39m[0m
[  28% ] [90m[1m_update_scan_actions[22m | source-leaf-104.75.png[39m[0m
[  28% ] [90m[1m_update_scan_actions[22m | browser-forward.png[39m[0m
[  28% ] [90m[1m_update_scan_actions[22m | browser-jamb.png[39m[0m
[  28% ] [90m[1m_update_scan_actions[22m | browser-return-jamb.png[39m[0m
[  28% ] [90m[1m_update_scan_actions[22m | browser-reverse.png[39m[0m
[  28% ] [90m[1m_update_scan_actions[22m | collection-gold-case-wide-native.png[39m[0m
[  28% ] [90m[1m_update_scan_actions[22m | collection-grey-corot-survey.png[39m[0m
[  29% ] [90m[1m_update_scan_actions[22m | collection-grey-forest-survey.png[39m[0m
[  29% ] [90m[1m_update_scan_actions[22m | collection-grey-sculpture-survey.png[39m[0m
[  29% ] [90m[1m_update_scan_actions[22m | collection-purple-wall-wide-native.png[39m[0m
[  29% ] [90m[1m_update_scan_actions[22m | collection-rockefeller-west-wide-native.png[39m[0m
[  29% ] [90m[1m_update_scan_actions[22m | collection-stair-lion-wide-survey.png[39m[0m
[  29% ] [90m[1m_update_scan_actions[22m | gallery.png[39m[0m
[  29% ] [90m[1m_update_scan_actions[22m | official-auditorium.jpg[39m[0m
[  29% ] [90m[1m_update_scan_actions[22m | official-floor5.png[39m[0m
[  29% ] [90m[1m_update_scan_actions[22m | official-floor43.png[39m[0m
[  29% ] [90m[1m_update_scan_actions[22m | purple-wall-detail.png[39m[0m
[  29% ] [90m[1m_update_scan_actions[22m | room.png[39m[0m
[  29% ] [90m[1m_update_scan_actions[22m | shell-01-launch.png[39m[0m
[  29% ] [90m[1m_update_scan_actions[22m | shell-09-resized.png[39m[0m
[  29% ] [90m[1m_update_scan_actions[22m | wide-gallery-entry.png[39m[0m
[  29% ] [90m[1m_update_scan_actions[22m | wide-gold-pedestal.png[39m[0m
[  29% ] [90m[1m_update_scan_actions[22m | wide-purple-entry.png[39m[0m
[  29% ] [90m[1m_update_scan_actions[22m | wide-settee-portrait.png[39m[0m
[  29% ] [90m[1m_update_scan_actions[22m | wide-source-camera.png[39m[0m
[  29% ] [90m[1m_update_scan_actions[22m | browser-forward.png[39m[0m
[  29% ] [90m[1m_update_scan_actions[22m | browser-reverse.png[39m[0m
[  29% ] [90m[1m_update_scan_actions[22m | grille-12.25-review.jpg[39m[0m
[  29% ] [90m[1m_update_scan_actions[22m | grille-13.25-review.jpg[39m[0m
[  29% ] [90m[1m_update_scan_actions[22m | grille-14.25-review.jpg[39m[0m
[  29% ] [90m[1m_update_scan_actions[22m | grille-88.75-review.jpg[39m[0m
[  29% ] [90m[1m_update_scan_actions[22m | hall-wide-arch.png[39m[0m
[  29% ] [90m[1m_update_scan_actions[22m | loop-overview.png[39m[0m
[  29% ] [90m[1m_update_scan_actions[22m | magdalene-frame-fitted.png[39m[0m
[  30% ] [90m[1m_update_scan_actions[22m | magdalene-painting-original-crop.png[39m[0m
[  30% ] [90m[1m_update_scan_actions[22m | medieval-frame-front.png[39m[0m
[  30% ] [90m[1m_update_scan_actions[22m | medieval-frame-oblique.png[39m[0m
[  30% ] [90m[1m_update_scan_actions[22m | medieval-grill-zoom-0.jpg[39m[0m
[  30% ] [90m[1m_update_scan_actions[22m | medieval-north-panel-wide.png[39m[0m
[  30% ] [90m[1m_update_scan_actions[22m | medieval-panel-magdalene.png[39m[0m
[  30% ] [90m[1m_update_scan_actions[22m | medieval-portal-wall-wide.png[39m[0m
[  30% ] [90m[1m_update_scan_actions[22m | unbaked-medieval-frame-oblique.png[39m[0m
[  30% ] [90m[1m_update_scan_actions[22m | unbaked-medieval-north-panel-wide.png[39m[0m
[  30% ] [90m[1m_update_scan_actions[22m | unbaked-medieval-panel-magdalene.png[39m[0m
[  30% ] [90m[1m_update_scan_actions[22m | architecture-asset.png[39m[0m
[  30% ] [90m[1m_update_scan_actions[22m | bookcase-asset.png[39m[0m
[  30% ] [90m[1m_update_scan_actions[22m | bookcase-detail.png[39m[0m
[  30% ] [90m[1m_update_scan_actions[22m | bookcase-oblique.png[39m[0m
[  30% ] [90m[1m_update_scan_actions[22m | browser-forward.png[39m[0m
[  30% ] [90m[1m_update_scan_actions[22m | browser-jamb.png[39m[0m
[  30% ] [90m[1m_update_scan_actions[22m | browser-return-jamb.png[39m[0m
[  30% ] [90m[1m_update_scan_actions[22m | browser-reverse.png[39m[0m
[  30% ] [90m[1m_update_scan_actions[22m | bust-asset.png[39m[0m
[  30% ] [90m[1m_update_scan_actions[22m | bust-detail.png[39m[0m
[  30% ] [90m[1m_update_scan_actions[22m | bust-front-uv.png[39m[0m
[  30% ] [90m[1m_update_scan_actions[22m | bust-rear-uv.png[39m[0m
[  30% ] [90m[1m_update_scan_actions[22m | bust-side-uv.png[39m[0m
[  30% ] [90m[1m_update_scan_actions[22m | door-sconce-detail.png[39m[0m
[  30% ] [90m[1m_update_scan_actions[22m | entrance-chair-detail.png[39m[0m
[  30% ] [90m[1m_update_scan_actions[22m | fetti-in-room.png[39m[0m
[  30% ] [90m[1m_update_scan_actions[22m | gallery-far-door.png[39m[0m
[  30% ] [90m[1m_update_scan_actions[22m | gallery-piers.png[39m[0m
[  31% ] [90m[1m_update_scan_actions[22m | gallery-wide.png[39m[0m
[  31% ] [90m[1m_update_scan_actions[22m | gallery.png[39m[0m
[  31% ] [90m[1m_update_scan_actions[22m | gold-service-asset.png[39m[0m
[  31% ] [90m[1m_update_scan_actions[22m | gold-service-detail.png[39m[0m
[  31% ] [90m[1m_update_scan_actions[22m | goltzius-frame-angle.png[39m[0m
[  31% ] [90m[1m_update_scan_actions[22m | goltzius-frame-detail.png[39m[0m
[  31% ] [90m[1m_update_scan_actions[22m | goltzius-frame-walking.png[39m[0m
[  31% ] [90m[1m_update_scan_actions[22m | mirror-detail.png[39m[0m
[  31% ] [90m[1m_update_scan_actions[22m | phase-0.png[39m[0m
[  31% ] [90m[1m_update_scan_actions[22m | phase-1.png[39m[0m
[  31% ] [90m[1m_update_scan_actions[22m | phase-2.png[39m[0m
[  31% ] [90m[1m_update_scan_actions[22m | phase-3.png[39m[0m
[  31% ] [90m[1m_update_scan_actions[22m | phase-4.png[39m[0m
[  31% ] [90m[1m_update_scan_actions[22m | phase-5.png[39m[0m
[  31% ] [90m[1m_update_scan_actions[22m | phase-6.png[39m[0m
[  31% ] [90m[1m_update_scan_actions[22m | phase-7.png[39m[0m
[  31% ] [90m[1m_update_scan_actions[22m | phase-8.png[39m[0m
[  31% ] [90m[1m_update_scan_actions[22m | phase-9.png[39m[0m
[  31% ] [90m[1m_update_scan_actions[22m | phase-10.png[39m[0m
[  31% ] [90m[1m_update_scan_actions[22m | pink-service-asset.png[39m[0m
[  31% ] [90m[1m_update_scan_actions[22m | pink-service-detail.png[39m[0m
[  31% ] [90m[1m_update_scan_actions[22m | room.png[39m[0m
[  31% ] [90m[1m_update_scan_actions[22m | settee-detail.png[39m[0m
[  31% ] [90m[1m_update_scan_actions[22m | source-crucifixion.png[39m[0m
[  31% ] [90m[1m_update_scan_actions[22m | source-gagini.png[39m[0m
[  31% ] [90m[1m_update_scan_actions[22m | source-goltzius.png[39m[0m
[  31% ] [90m[1m_update_scan_actions[22m | source-previtali.png[39m[0m
[  32% ] [90m[1m_update_scan_actions[22m | wallpaper-asset.png[39m[0m
[  32% ] [90m[1m_update_scan_actions[22m | wide-gallery-entry.png[39m[0m
[  32% ] [90m[1m_update_scan_actions[22m | wide-purple-entry.png[39m[0m
[  32% ] [90m[1m_update_scan_actions[22m | wide-source-camera.png[39m[0m
[  32% ] [90m[1m_update_scan_actions[22m | architecture-asset.png[39m[0m
[  32% ] [90m[1m_update_scan_actions[22m | before-grey-camera-v29.png[39m[0m
[  32% ] [90m[1m_update_scan_actions[22m | bookcase-asset.png[39m[0m
[  32% ] [90m[1m_update_scan_actions[22m | bookcase-detail.png[39m[0m
[  32% ] [90m[1m_update_scan_actions[22m | bookcase-oblique.png[39m[0m
[  32% ] [90m[1m_update_scan_actions[22m | browser-forward.png[39m[0m
[  32% ] [90m[1m_update_scan_actions[22m | browser-jamb.png[39m[0m
[  32% ] [90m[1m_update_scan_actions[22m | browser-return-jamb.png[39m[0m
[  32% ] [90m[1m_update_scan_actions[22m | browser-reverse.png[39m[0m
[  32% ] [90m[1m_update_scan_actions[22m | bust-asset.png[39m[0m
[  32% ] [90m[1m_update_scan_actions[22m | bust-detail.png[39m[0m
[  32% ] [90m[1m_update_scan_actions[22m | bust-front-uv.png[39m[0m
[  32% ] [90m[1m_update_scan_actions[22m | bust-rear-uv.png[39m[0m
[  32% ] [90m[1m_update_scan_actions[22m | bust-side-uv.png[39m[0m
[  32% ] [90m[1m_update_scan_actions[22m | collection-castle-native.png[39m[0m
[  32% ] [90m[1m_update_scan_actions[22m | collection-coach-label-native.png[39m[0m
[  32% ] [90m[1m_update_scan_actions[22m | collection-daubigny-native.png[39m[0m
[  32% ] [90m[1m_update_scan_actions[22m | collection-waterfall-native.png[39m[0m
[  32% ] [90m[1m_update_scan_actions[22m | corot-in-room.png[39m[0m
[  32% ] [90m[1m_update_scan_actions[22m | courbet-in-room.png[39m[0m
[  32% ] [90m[1m_update_scan_actions[22m | daubigny-grey-landscape-official.jpg[39m[0m
[  32% ] [90m[1m_update_scan_actions[22m | door-sconce-detail.png[39m[0m
[  32% ] [90m[1m_update_scan_actions[22m | entrance-chair-detail.png[39m[0m
[  32% ] [90m[1m_update_scan_actions[22m | fetti-in-room.png[39m[0m
[  33% ] [90m[1m_update_scan_actions[22m | gallery-far-door.png[39m[0m
[  33% ] [90m[1m_update_scan_actions[22m | gallery-piers.png[39m[0m
[  33% ] [90m[1m_update_scan_actions[22m | gallery-wide.png[39m[0m
[  33% ] [90m[1m_update_scan_actions[22m | gallery.png[39m[0m
[  33% ] [90m[1m_update_scan_actions[22m | gold-service-asset.png[39m[0m
[  33% ] [90m[1m_update_scan_actions[22m | gold-service-detail.png[39m[0m
[  33% ] [90m[1m_update_scan_actions[22m | goltzius-in-room.png[39m[0m
[  33% ] [90m[1m_update_scan_actions[22m | grey-door-corner.png[39m[0m
[  33% ] [90m[1m_update_scan_actions[22m | grey-gallery-wide.png[39m[0m
[  33% ] [90m[1m_update_scan_actions[22m | grey-purple-reverse.png[39m[0m
[  33% ] [90m[1m_update_scan_actions[22m | grey-walk.png[39m[0m
[  33% ] [90m[1m_update_scan_actions[22m | layout.svg[39m[0m
[  33% ] [90m[1m_update_scan_actions[22m | medieval-wide.png[39m[0m
[  33% ] [90m[1m_update_scan_actions[22m | mirror-detail.png[39m[0m
[  33% ] [90m[1m_update_scan_actions[22m | pannini-colosseum-official.jpg[39m[0m
[  33% ] [90m[1m_update_scan_actions[22m | phase-0.png[39m[0m
[  33% ] [90m[1m_update_scan_actions[22m | phase-1.png[39m[0m
[  33% ] [90m[1m_update_scan_actions[22m | phase-2.png[39m[0m
[  33% ] [90m[1m_update_scan_actions[22m | phase-3.png[39m[0m
[  33% ] [90m[1m_update_scan_actions[22m | phase-4.png[39m[0m
[  33% ] [90m[1m_update_scan_actions[22m | phase-5.png[39m[0m
[  33% ] [90m[1m_update_scan_actions[22m | phase-6.png[39m[0m
[  33% ] [90m[1m_update_scan_actions[22m | phase-7.png[39m[0m
[  33% ] [90m[1m_update_scan_actions[22m | phase-8.png[39m[0m
[  33% ] [90m[1m_update_scan_actions[22m | phase-9.png[39m[0m
[  33% ] [90m[1m_update_scan_actions[22m | phase-10.png[39m[0m
[  33% ] [90m[1m_update_scan_actions[22m | phase-11.png[39m[0m
[  34% ] [90m[1m_update_scan_actions[22m | phase-12.png[39m[0m
[  34% ] [90m[1m_update_scan_actions[22m | phase-13.png[39m[0m
[  34% ] [90m[1m_update_scan_actions[22m | phase-14.png[39m[0m
[  34% ] [90m[1m_update_scan_actions[22m | phase-15.png[39m[0m
[  34% ] [90m[1m_update_scan_actions[22m | phase-16.png[39m[0m
[  34% ] [90m[1m_update_scan_actions[22m | phase-17.png[39m[0m
[  34% ] [90m[1m_update_scan_actions[22m | phase-18.png[39m[0m
[  34% ] [90m[1m_update_scan_actions[22m | phase-19.png[39m[0m
[  34% ] [90m[1m_update_scan_actions[22m | phase-20.png[39m[0m
[  34% ] [90m[1m_update_scan_actions[22m | phase-21.png[39m[0m
[  34% ] [90m[1m_update_scan_actions[22m | phase-22.png[39m[0m
[  34% ] [90m[1m_update_scan_actions[22m | phase-23.png[39m[0m
[  34% ] [90m[1m_update_scan_actions[22m | phase-24.png[39m[0m
[  34% ] [90m[1m_update_scan_actions[22m | phase-25.png[39m[0m
[  34% ] [90m[1m_update_scan_actions[22m | phase-26.png[39m[0m
[  34% ] [90m[1m_update_scan_actions[22m | pink-service-asset.png[39m[0m
[  34% ] [90m[1m_update_scan_actions[22m | pink-service-detail.png[39m[0m
[  34% ] [90m[1m_update_scan_actions[22m | portal-angle.png[39m[0m
[  34% ] [90m[1m_update_scan_actions[22m | portal-front.png[39m[0m
[  34% ] [90m[1m_update_scan_actions[22m | purple-grey-wide.png[39m[0m
[  34% ] [90m[1m_update_scan_actions[22m | purple-wall-detail.png[39m[0m
[  34% ] [90m[1m_update_scan_actions[22m | renaissance-wide.png[39m[0m
[  34% ] [90m[1m_update_scan_actions[22m | room.png[39m[0m
[  34% ] [90m[1m_update_scan_actions[22m | settee-detail.png[39m[0m
[  34% ] [90m[1m_update_scan_actions[22m | shell-01-launch.png[39m[0m
[  34% ] [90m[1m_update_scan_actions[22m | shell-09-resized.png[39m[0m
[  34% ] [90m[1m_update_scan_actions[22m | source-corot-frame-complete-native.png[39m[0m
[  35% ] [90m[1m_update_scan_actions[22m | source-courbet-frame-native.png[39m[0m
[  35% ] [90m[1m_update_scan_actions[22m | source-white-panel-door-native.png[39m[0m
[  35% ] [90m[1m_update_scan_actions[22m | tracery-angle.png[39m[0m
[  35% ] [90m[1m_update_scan_actions[22m | tracery-front.png[39m[0m
[  35% ] [90m[1m_update_scan_actions[22m | villeneuve-aqueduct-official.jpg[39m[0m
[  35% ] [90m[1m_update_scan_actions[22m | wallpaper-asset.png[39m[0m
[  35% ] [90m[1m_update_scan_actions[22m | wide-gallery-entry.png[39m[0m
[  35% ] [90m[1m_update_scan_actions[22m | wide-gold-pedestal.png[39m[0m
[  35% ] [90m[1m_update_scan_actions[22m | wide-purple-entry.png[39m[0m
[  35% ] [90m[1m_update_scan_actions[22m | wide-settee-portrait.png[39m[0m
[  35% ] [90m[1m_update_scan_actions[22m | wide-source-camera.png[39m[0m
[  35% ] [90m[1m_update_scan_actions[22m | annotated-hall-177.50.png[39m[0m
[  35% ] [90m[1m_update_scan_actions[22m | annotated-renaissance-63.75.png[39m[0m
[  35% ] [90m[1m_update_scan_actions[22m | annotated-renaissance-64.75.png[39m[0m
[  35% ] [90m[1m_update_scan_actions[22m | browser-forward.png[39m[0m
[  35% ] [90m[1m_update_scan_actions[22m | browser-jamb.png[39m[0m
[  35% ] [90m[1m_update_scan_actions[22m | browser-reverse.png[39m[0m
[  35% ] [90m[1m_update_scan_actions[22m | european-door-reverse.png[39m[0m
[  35% ] [90m[1m_update_scan_actions[22m | gallery-far-door.png[39m[0m
[  35% ] [90m[1m_update_scan_actions[22m | painting-16.236.jpg[39m[0m
[  35% ] [90m[1m_update_scan_actions[22m | perugino-frame.png[39m[0m
[  35% ] [90m[1m_update_scan_actions[22m | perugino-in-room.png[39m[0m
[  35% ] [90m[1m_update_scan_actions[22m | perugino-walking.png[39m[0m
[  35% ] [90m[1m_update_scan_actions[22m | renaissance-before.png[39m[0m
[  35% ] [90m[1m_update_scan_actions[22m | renaissance-door-corner.png[39m[0m
[  35% ] [90m[1m_update_scan_actions[22m | renaissance-door-wall.png[39m[0m
[  35% ] [90m[1m_update_scan_actions[22m | renaissance-first-render-too-dark.png[39m[0m
[  35% ] [90m[1m_update_scan_actions[22m | renaissance-wide.png[39m[0m
[  36% ] [90m[1m_update_scan_actions[22m | risd-official-floor5-map.png[39m[0m
[  36% ] [90m[1m_update_scan_actions[22m | source-hall-22.50.png[39m[0m
[  36% ] [90m[1m_update_scan_actions[22m | source-hall-65.00.png[39m[0m
[  36% ] [90m[1m_update_scan_actions[22m | source-hall-177.50.png[39m[0m
[  36% ] [90m[1m_update_scan_actions[22m | source-renaissance-35.75.png[39m[0m
[  36% ] [90m[1m_update_scan_actions[22m | source-renaissance-63.75.png[39m[0m
[  36% ] [90m[1m_update_scan_actions[22m | source-renaissance-64.75.png[39m[0m
[  36% ] [90m[1m_update_scan_actions[22m | collection-muse-inventory-review.jpg[39m[0m
[  36% ] [90m[1m_update_scan_actions[22m | collection-muse-rest.jpg[39m[0m
[  36% ] [90m[1m_update_scan_actions[22m | collection-services-last.jpg[39m[0m
[  36% ] [90m[1m_update_scan_actions[22m | collection-services-muse.jpg[39m[0m
[  36% ] [90m[1m_update_scan_actions[22m | collection-services-review.jpg[39m[0m
[  36% ] [90m[1m_update_scan_actions[22m | collection-services-sides.jpg[39m[0m
[  36% ] [90m[1m_update_scan_actions[22m | collection-wall-route.jpg[39m[0m
[  36% ] [90m[1m_update_scan_actions[22m | IMG_6380-detail-0.jpg[39m[0m
[  36% ] [90m[1m_update_scan_actions[22m | IMG_6380-detail-1.jpg[39m[0m
[  36% ] [90m[1m_update_scan_actions[22m | IMG_6380-detail-2.jpg[39m[0m
[  36% ] [90m[1m_update_scan_actions[22m | IMG_6380-detail-3.jpg[39m[0m
[  36% ] [90m[1m_update_scan_actions[22m | IMG_6384-detail-0.jpg[39m[0m
[  36% ] [90m[1m_update_scan_actions[22m | IMG_6384-detail-1.jpg[39m[0m
[  36% ] [90m[1m_update_scan_actions[22m | IMG_6384-detail-2.jpg[39m[0m
[  36% ] [90m[1m_update_scan_actions[22m | IMG_6385-detail-0.jpg[39m[0m
[  36% ] [90m[1m_update_scan_actions[22m | IMG_6386-detail-0.jpg[39m[0m
[  36% ] [90m[1m_update_scan_actions[22m | IMG_6386-detail-1.jpg[39m[0m
[  36% ] [90m[1m_update_scan_actions[22m | IMG_6386-detail-2.jpg[39m[0m
[  36% ] [90m[1m_update_scan_actions[22m | source-bookcase.png[39m[0m
[  36% ] [90m[1m_update_scan_actions[22m | source-door-sconces.png[39m[0m
[  37% ] [90m[1m_update_scan_actions[22m | source-goldcase.png[39m[0m
[  37% ] [90m[1m_update_scan_actions[22m | source-pinkcase.png[39m[0m
[  37% ] [90m[1m_update_scan_actions[22m | source-textile.png[39m[0m
[  37% ] [90m[1m_update_scan_actions[22m | architecture-asset.png[39m[0m
[  37% ] [90m[1m_update_scan_actions[22m | bookcase-asset.png[39m[0m
[  37% ] [90m[1m_update_scan_actions[22m | bookcase-detail.png[39m[0m
[  37% ] [90m[1m_update_scan_actions[22m | bookcase-oblique.png[39m[0m
[  37% ] [90m[1m_update_scan_actions[22m | browser-forward.png[39m[0m
[  37% ] [90m[1m_update_scan_actions[22m | browser-jamb.png[39m[0m
[  37% ] [90m[1m_update_scan_actions[22m | browser-return-jamb.png[39m[0m
[  37% ] [90m[1m_update_scan_actions[22m | browser-reverse.png[39m[0m
[  37% ] [90m[1m_update_scan_actions[22m | bust-asset.png[39m[0m
[  37% ] [90m[1m_update_scan_actions[22m | bust-detail.png[39m[0m
[  37% ] [90m[1m_update_scan_actions[22m | bust-front-uv.png[39m[0m
[  37% ] [90m[1m_update_scan_actions[22m | bust-rear-uv.png[39m[0m
[  37% ] [90m[1m_update_scan_actions[22m | bust-side-uv.png[39m[0m
[  37% ] [90m[1m_update_scan_actions[22m | corot-in-room.png[39m[0m
[  37% ] [90m[1m_update_scan_actions[22m | courbet-in-room.png[39m[0m
[  37% ] [90m[1m_update_scan_actions[22m | door-sconce-detail.png[39m[0m
[  37% ] [90m[1m_update_scan_actions[22m | entrance-chair-detail.png[39m[0m
[  37% ] [90m[1m_update_scan_actions[22m | fetti-in-room.png[39m[0m
[  37% ] [90m[1m_update_scan_actions[22m | gallery-far-door.png[39m[0m
[  37% ] [90m[1m_update_scan_actions[22m | gallery-piers.png[39m[0m
[  37% ] [90m[1m_update_scan_actions[22m | gallery-wide.png[39m[0m
[  37% ] [90m[1m_update_scan_actions[22m | gallery.png[39m[0m
[  37% ] [90m[1m_update_scan_actions[22m | gold-service-asset.png[39m[0m
[  37% ] [90m[1m_update_scan_actions[22m | gold-service-detail.png[39m[0m
[  37% ] [90m[1m_update_scan_actions[22m | goltzius-in-room.png[39m[0m
[  38% ] [90m[1m_update_scan_actions[22m | grey-door-corner.png[39m[0m
[  38% ] [90m[1m_update_scan_actions[22m | grey-gallery-wide.png[39m[0m
[  38% ] [90m[1m_update_scan_actions[22m | grey-purple-reverse.png[39m[0m
[  38% ] [90m[1m_update_scan_actions[22m | grey-walk.png[39m[0m
[  38% ] [90m[1m_update_scan_actions[22m | ionic-capital-front-before-trim-fix.png[39m[0m
[  38% ] [90m[1m_update_scan_actions[22m | ionic-capital-front.png[39m[0m
[  38% ] [90m[1m_update_scan_actions[22m | ionic-capital-oblique-before-trim-fix.png[39m[0m
[  38% ] [90m[1m_update_scan_actions[22m | ionic-capital-oblique.png[39m[0m
[  38% ] [90m[1m_update_scan_actions[22m | layout.svg[39m[0m
[  38% ] [90m[1m_update_scan_actions[22m | medieval-wide.png[39m[0m
[  38% ] [90m[1m_update_scan_actions[22m | mirror-detail.png[39m[0m
[  38% ] [90m[1m_update_scan_actions[22m | phase-0.png[39m[0m
[  38% ] [90m[1m_update_scan_actions[22m | phase-1.png[39m[0m
[  38% ] [90m[1m_update_scan_actions[22m | phase-2.png[39m[0m
[  38% ] [90m[1m_update_scan_actions[22m | phase-3.png[39m[0m
[  38% ] [90m[1m_update_scan_actions[22m | phase-4.png[39m[0m
[  38% ] [90m[1m_update_scan_actions[22m | phase-5.png[39m[0m
[  38% ] [90m[1m_update_scan_actions[22m | phase-6.png[39m[0m
[  38% ] [90m[1m_update_scan_actions[22m | phase-7.png[39m[0m
[  38% ] [90m[1m_update_scan_actions[22m | phase-8.png[39m[0m
[  38% ] [90m[1m_update_scan_actions[22m | phase-9.png[39m[0m
[  38% ] [90m[1m_update_scan_actions[22m | phase-10.png[39m[0m
[  38% ] [90m[1m_update_scan_actions[22m | phase-11.png[39m[0m
[  38% ] [90m[1m_update_scan_actions[22m | phase-12.png[39m[0m
[  38% ] [90m[1m_update_scan_actions[22m | phase-13.png[39m[0m
[  38% ] [90m[1m_update_scan_actions[22m | phase-14.png[39m[0m
[  38% ] [90m[1m_update_scan_actions[22m | phase-15.png[39m[0m
[  39% ] [90m[1m_update_scan_actions[22m | phase-16.png[39m[0m
[  39% ] [90m[1m_update_scan_actions[22m | phase-17.png[39m[0m
[  39% ] [90m[1m_update_scan_actions[22m | phase-18.png[39m[0m
[  39% ] [90m[1m_update_scan_actions[22m | phase-19.png[39m[0m
[  39% ] [90m[1m_update_scan_actions[22m | phase-20.png[39m[0m
[  39% ] [90m[1m_update_scan_actions[22m | phase-21.png[39m[0m
[  39% ] [90m[1m_update_scan_actions[22m | phase-22.png[39m[0m
[  39% ] [90m[1m_update_scan_actions[22m | phase-23.png[39m[0m
[  39% ] [90m[1m_update_scan_actions[22m | phase-24.png[39m[0m
[  39% ] [90m[1m_update_scan_actions[22m | phase-25.png[39m[0m
[  39% ] [90m[1m_update_scan_actions[22m | phase-26.png[39m[0m
[  39% ] [90m[1m_update_scan_actions[22m | pink-service-asset.png[39m[0m
[  39% ] [90m[1m_update_scan_actions[22m | pink-service-detail.png[39m[0m
[  39% ] [90m[1m_update_scan_actions[22m | portal-angle.png[39m[0m
[  39% ] [90m[1m_update_scan_actions[22m | portal-front.png[39m[0m
[  39% ] [90m[1m_update_scan_actions[22m | purple-grey-wide.png[39m[0m
[  39% ] [90m[1m_update_scan_actions[22m | purple-wall-detail.png[39m[0m
[  39% ] [90m[1m_update_scan_actions[22m | renaissance-wide.png[39m[0m
[  39% ] [90m[1m_update_scan_actions[22m | room.png[39m[0m
[  39% ] [90m[1m_update_scan_actions[22m | settee-detail.png[39m[0m
[  39% ] [90m[1m_update_scan_actions[22m | source-ionic-native.png[39m[0m
[  39% ] [90m[1m_update_scan_actions[22m | tracery-angle.png[39m[0m
[  39% ] [90m[1m_update_scan_actions[22m | tracery-front.png[39m[0m
[  39% ] [90m[1m_update_scan_actions[22m | wallpaper-asset.png[39m[0m
[  39% ] [90m[1m_update_scan_actions[22m | wide-gallery-entry.png[39m[0m
[  39% ] [90m[1m_update_scan_actions[22m | wide-gold-pedestal.png[39m[0m
[  39% ] [90m[1m_update_scan_actions[22m | wide-purple-entry.png[39m[0m
[  40% ] [90m[1m_update_scan_actions[22m | wide-settee-portrait.png[39m[0m
[  40% ] [90m[1m_update_scan_actions[22m | wide-source-camera.png[39m[0m
[  40% ] [90m[1m_update_scan_actions[22m | browser-forward.png[39m[0m
[  40% ] [90m[1m_update_scan_actions[22m | browser-reverse.png[39m[0m
[  40% ] [90m[1m_update_scan_actions[22m | grille-10.50-source.jpg[39m[0m
[  40% ] [90m[1m_update_scan_actions[22m | grille-10.75-source.jpg[39m[0m
[  40% ] [90m[1m_update_scan_actions[22m | grille-11.00-source.jpg[39m[0m
[  40% ] [90m[1m_update_scan_actions[22m | grille-11.25-source.jpg[39m[0m
[  40% ] [90m[1m_update_scan_actions[22m | grille-12.000-source.jpg[39m[0m
[  40% ] [90m[1m_update_scan_actions[22m | grille-12.375-source.jpg[39m[0m
[  40% ] [90m[1m_update_scan_actions[22m | hall-wide-arch.png[39m[0m
[  40% ] [90m[1m_update_scan_actions[22m | loop-overview.png[39m[0m
[  40% ] [90m[1m_update_scan_actions[22m | medieval-frame-front.png[39m[0m
[  40% ] [90m[1m_update_scan_actions[22m | medieval-grille-front.png[39m[0m
[  40% ] [90m[1m_update_scan_actions[22m | medieval-grille-metal.png[39m[0m
[  40% ] [90m[1m_update_scan_actions[22m | medieval-grille-oblique.png[39m[0m
[  40% ] [90m[1m_update_scan_actions[22m | medieval-grille-original.webp[39m[0m
[  40% ] [90m[1m_update_scan_actions[22m | medieval-grille-rectified-study.png[39m[0m
[  40% ] [90m[1m_update_scan_actions[22m | medieval-portal-wall-wide.png[39m[0m
[  40% ] [90m[1m_update_scan_actions[22m | medieval-walk.png[39m[0m
[  40% ] [90m[1m_update_scan_actions[22m | medieval-wide.png[39m[0m
[  40% ] [90m[1m_update_scan_actions[22m | renaissance-walk.png[39m[0m
[  40% ] [90m[1m_update_scan_actions[22m | renaissance-wide.png[39m[0m
[  40% ] [90m[1m_update_scan_actions[22m | v42-grille-88.75-review.jpg[39m[0m
[  40% ] [90m[1m_update_scan_actions[22m | v43-portal-wall-wide.png[39m[0m
[  40% ] [90m[1m_update_scan_actions[22m | v44-thin-medieval-grille-front.png[39m[0m
[  40% ] [90m[1m_update_scan_actions[22m | v44-thin-medieval-grille-oblique.png[39m[0m
[  40% ] [90m[1m_update_scan_actions[22m | v44-thin-medieval-portal-wall-wide.png[39m[0m
[  41% ] [90m[1m_update_scan_actions[22m | v44-thin-medieval-wide.png[39m[0m
[  41% ] [90m[1m_update_scan_actions[22m | official-zoom.jpg[39m[0m
[  41% ] [90m[1m_update_scan_actions[22m | browser-forward.png[39m[0m
[  41% ] [90m[1m_update_scan_actions[22m | browser-jamb.png[39m[0m
[  41% ] [90m[1m_update_scan_actions[22m | browser-return-jamb.png[39m[0m
[  41% ] [90m[1m_update_scan_actions[22m | browser-reverse.png[39m[0m
[  41% ] [90m[1m_update_scan_actions[22m | fauconnier-mountaineers-zoom-0.jpg[39m[0m
[  41% ] [90m[1m_update_scan_actions[22m | hall-wide-arch.png[39m[0m
[  41% ] [90m[1m_update_scan_actions[22m | landing-lion-front.png[39m[0m
[  41% ] [90m[1m_update_scan_actions[22m | landing-lion-oblique.png[39m[0m
[  41% ] [90m[1m_update_scan_actions[22m | landing-lion-wide.png[39m[0m
[  41% ] [90m[1m_update_scan_actions[22m | landing-modern-door.png[39m[0m
[  41% ] [90m[1m_update_scan_actions[22m | landing-plaster-original.webp[39m[0m
[  41% ] [90m[1m_update_scan_actions[22m | landing-plaster-style-main-hall.png[39m[0m
[  41% ] [90m[1m_update_scan_actions[22m | landing-plaster-video-native.png[39m[0m
[  41% ] [90m[1m_update_scan_actions[22m | landing-stair-void.png[39m[0m
[  41% ] [90m[1m_update_scan_actions[22m | landing-walk.png[39m[0m
[  41% ] [90m[1m_update_scan_actions[22m | lion-panel-official.png[39m[0m
[  41% ] [90m[1m_update_scan_actions[22m | lion-panel-original.webp[39m[0m
[  41% ] [90m[1m_update_scan_actions[22m | modern-entry-wide.png[39m[0m
[  41% ] [90m[1m_update_scan_actions[22m | modern-walk.png[39m[0m
[  41% ] [90m[1m_update_scan_actions[22m | modern-windows-wide.png[39m[0m
[  41% ] [90m[1m_update_scan_actions[22m | striding-lion-zoom-0.jpg[39m[0m
[  41% ] [90m[1m_update_scan_actions[22m | v46-modern-entry-wide.png[39m[0m
[  41% ] [90m[1m_update_scan_actions[22m | v47b-lion-floating-before-fix.png[39m[0m
[  41% ] [90m[1m_update_scan_actions[22m | wide-36.25-source.jpg[39m[0m
[  41% ] [90m[1m_update_scan_actions[22m | wide-42.25-source.jpg[39m[0m
[  42% ] [90m[1m_update_scan_actions[22m | wide-80.25-source.jpg[39m[0m
[  42% ] [90m[1m_update_scan_actions[22m | browser-forward.png[39m[0m
[  42% ] [90m[1m_update_scan_actions[22m | browser-jamb.png[39m[0m
[  42% ] [90m[1m_update_scan_actions[22m | browser-reverse.png[39m[0m
[  42% ] [90m[1m_update_scan_actions[22m | medieval-cases-east.png[39m[0m
[  42% ] [90m[1m_update_scan_actions[22m | medieval-cases-portal.png[39m[0m
[  42% ] [90m[1m_update_scan_actions[22m | medieval-wide-before.png[39m[0m
[  42% ] [90m[1m_update_scan_actions[22m | medieval-wide.png[39m[0m
[  42% ] [90m[1m_update_scan_actions[22m | phase-29.png[39m[0m
[  42% ] [90m[1m_update_scan_actions[22m | phase-30.png[39m[0m
[  42% ] [90m[1m_update_scan_actions[22m | phase-31.png[39m[0m
[  42% ] [90m[1m_update_scan_actions[22m | phase-32.png[39m[0m
[  42% ] [90m[1m_update_scan_actions[22m | source-78.25.png[39m[0m
[  42% ] [90m[1m_update_scan_actions[22m | source-88.75.png[39m[0m
[  42% ] [90m[1m_update_scan_actions[22m | source-96.25.png[39m[0m
[  42% ] [90m[1m_update_scan_actions[22m | source-grey-hall-105.25.png[39m[0m
[  42% ] [90m[1m_update_scan_actions[22m | source-grey-hall-106.75.png[39m[0m
[  42% ] [90m[1m_update_scan_actions[22m | bake-indirect-progress.png[39m[0m
[  42% ] [90m[1m_update_scan_actions[22m | bartolo-madonna-zoom-0.jpg[39m[0m
[  42% ] [90m[1m_update_scan_actions[22m | dark-medieval-north-panel-wide.png[39m[0m
[  42% ] [90m[1m_update_scan_actions[22m | dark-medieval-panel-bartolo.png[39m[0m
[  42% ] [90m[1m_update_scan_actions[22m | dark-medieval-panel-peter.png[39m[0m
[  42% ] [90m[1m_update_scan_actions[22m | dark-medieval-panel-virgin.png[39m[0m
[  42% ] [90m[1m_update_scan_actions[22m | hall-source-camera.png[39m[0m
[  42% ] [90m[1m_update_scan_actions[22m | hall-wide-arch.png[39m[0m
[  42% ] [90m[1m_update_scan_actions[22m | loop-overview.png[39m[0m
[  42% ] [90m[1m_update_scan_actions[22m | magdalene-frame-guide-v2.png[39m[0m
[  42% ] [90m[1m_update_scan_actions[22m | magdalene-frame-original.webp[39m[0m
[  43% ] [90m[1m_update_scan_actions[22m | magdalene-frame-v2b-original.webp[39m[0m
[  43% ] [90m[1m_update_scan_actions[22m | medieval-fit-85.75.png[39m[0m
[  43% ] [90m[1m_update_scan_actions[22m | medieval-fit-86.75.png[39m[0m
[  43% ] [90m[1m_update_scan_actions[22m | medieval-fit-87.25.png[39m[0m
[  43% ] [90m[1m_update_scan_actions[22m | medieval-north-panel-wide.png[39m[0m
[  43% ] [90m[1m_update_scan_actions[22m | medieval-panel-bartolo.png[39m[0m
[  43% ] [90m[1m_update_scan_actions[22m | medieval-panel-peter.png[39m[0m
[  43% ] [90m[1m_update_scan_actions[22m | medieval-panel-virgin.png[39m[0m
[  43% ] [90m[1m_update_scan_actions[22m | medieval-portal-wall-wide.png[39m[0m
[  43% ] [90m[1m_update_scan_actions[22m | memmi-magdalene-zoom-0.jpg[39m[0m
[  43% ] [90m[1m_update_scan_actions[22m | panel-66.75.png[39m[0m
[  43% ] [90m[1m_update_scan_actions[22m | panel-70.25.png[39m[0m
[  43% ] [90m[1m_update_scan_actions[22m | panel-72.75.png[39m[0m
[  43% ] [90m[1m_update_scan_actions[22m | panel-75.25.png[39m[0m
[  43% ] [90m[1m_update_scan_actions[22m | panel-85.75.png[39m[0m
[  43% ] [90m[1m_update_scan_actions[22m | panel-86.75.png[39m[0m
[  43% ] [90m[1m_update_scan_actions[22m | portal-front.png[39m[0m
[  43% ] [90m[1m_update_scan_actions[22m | taking-peter-zoom-0.jpg[39m[0m
[  43% ] [90m[1m_update_scan_actions[22m | virgin-annunciation-zoom-0.jpg[39m[0m
[  43% ] [90m[1m_update_scan_actions[22m | hall-wide-arch.png[39m[0m
[  43% ] [90m[1m_update_scan_actions[22m | landing-lion-wide.png[39m[0m
[  43% ] [90m[1m_update_scan_actions[22m | modern-entry-wide.png[39m[0m
[  43% ] [90m[1m_update_scan_actions[22m | modern-large-front.png[39m[0m
[  43% ] [90m[1m_update_scan_actions[22m | modern-villon.png[39m[0m
[  43% ] [90m[1m_update_scan_actions[22m | bookcase-detail.png[39m[0m
[  43% ] [90m[1m_update_scan_actions[22m | bookcase-oblique.png[39m[0m
[  43% ] [90m[1m_update_scan_actions[22m | browser-forward.png[39m[0m
[  44% ] [90m[1m_update_scan_actions[22m | browser-jamb.png[39m[0m
[  44% ] [90m[1m_update_scan_actions[22m | browser-return-jamb.png[39m[0m
[  44% ] [90m[1m_update_scan_actions[22m | browser-reverse.png[39m[0m
[  44% ] [90m[1m_update_scan_actions[22m | gallery.png[39m[0m
[  44% ] [90m[1m_update_scan_actions[22m | mirror-detail.png[39m[0m
[  44% ] [90m[1m_update_scan_actions[22m | phase-0.png[39m[0m
[  44% ] [90m[1m_update_scan_actions[22m | phase-1.png[39m[0m
[  44% ] [90m[1m_update_scan_actions[22m | phase-2.png[39m[0m
[  44% ] [90m[1m_update_scan_actions[22m | phase-3.png[39m[0m
[  44% ] [90m[1m_update_scan_actions[22m | phase-4.png[39m[0m
[  44% ] [90m[1m_update_scan_actions[22m | phase-5.png[39m[0m
[  44% ] [90m[1m_update_scan_actions[22m | room.png[39m[0m
[  44% ] [90m[1m_update_scan_actions[22m | bookcase-detail.png[39m[0m
[  44% ] [90m[1m_update_scan_actions[22m | bookcase-oblique.png[39m[0m
[  44% ] [90m[1m_update_scan_actions[22m | browser-forward.png[39m[0m
[  44% ] [90m[1m_update_scan_actions[22m | browser-jamb.png[39m[0m
[  44% ] [90m[1m_update_scan_actions[22m | browser-return-jamb.png[39m[0m
[  44% ] [90m[1m_update_scan_actions[22m | browser-reverse.png[39m[0m
[  44% ] [90m[1m_update_scan_actions[22m | entrance-chair-detail.png[39m[0m
[  44% ] [90m[1m_update_scan_actions[22m | gallery.png[39m[0m
[  44% ] [90m[1m_update_scan_actions[22m | mirror-detail.png[39m[0m
[  44% ] [90m[1m_update_scan_actions[22m | phase-0.png[39m[0m
[  44% ] [90m[1m_update_scan_actions[22m | phase-1.png[39m[0m
[  44% ] [90m[1m_update_scan_actions[22m | phase-2.png[39m[0m
[  44% ] [90m[1m_update_scan_actions[22m | phase-3.png[39m[0m
[  44% ] [90m[1m_update_scan_actions[22m | phase-4.png[39m[0m
[  44% ] [90m[1m_update_scan_actions[22m | phase-5.png[39m[0m
[  45% ] [90m[1m_update_scan_actions[22m | phase-6.png[39m[0m
[  45% ] [90m[1m_update_scan_actions[22m | phase-7.png[39m[0m
[  45% ] [90m[1m_update_scan_actions[22m | phase-8.png[39m[0m
[  45% ] [90m[1m_update_scan_actions[22m | room.png[39m[0m
[  45% ] [90m[1m_update_scan_actions[22m | settee-detail.png[39m[0m
[  45% ] [90m[1m_update_scan_actions[22m | shell-01-launch.png[39m[0m
[  45% ] [90m[1m_update_scan_actions[22m | shell-07-collection.png[39m[0m
[  45% ] [90m[1m_update_scan_actions[22m | tureen-detail.png[39m[0m
[  45% ] [90m[1m_update_scan_actions[22m | architecture-asset.png[39m[0m
[  45% ] [90m[1m_update_scan_actions[22m | bookcase-asset.png[39m[0m
[  45% ] [90m[1m_update_scan_actions[22m | bookcase-detail.png[39m[0m
[  45% ] [90m[1m_update_scan_actions[22m | bookcase-oblique.png[39m[0m
[  45% ] [90m[1m_update_scan_actions[22m | browser-forward.png[39m[0m
[  45% ] [90m[1m_update_scan_actions[22m | browser-jamb.png[39m[0m
[  45% ] [90m[1m_update_scan_actions[22m | browser-return-jamb.png[39m[0m
[  45% ] [90m[1m_update_scan_actions[22m | browser-reverse.png[39m[0m
[  45% ] [90m[1m_update_scan_actions[22m | bust-asset.png[39m[0m
[  45% ] [90m[1m_update_scan_actions[22m | bust-detail.png[39m[0m
[  45% ] [90m[1m_update_scan_actions[22m | bust-front-uv.png[39m[0m
[  45% ] [90m[1m_update_scan_actions[22m | bust-rear-uv.png[39m[0m
[  45% ] [90m[1m_update_scan_actions[22m | bust-side-uv.png[39m[0m
[  45% ] [90m[1m_update_scan_actions[22m | door-sconce-detail.png[39m[0m
[  45% ] [90m[1m_update_scan_actions[22m | entrance-chair-detail.png[39m[0m
[  45% ] [90m[1m_update_scan_actions[22m | fetti-in-room.png[39m[0m
[  45% ] [90m[1m_update_scan_actions[22m | gallery-far-door.png[39m[0m
[  45% ] [90m[1m_update_scan_actions[22m | gallery-piers.png[39m[0m
[  45% ] [90m[1m_update_scan_actions[22m | gallery-wide.png[39m[0m
[  45% ] [90m[1m_update_scan_actions[22m | gallery.png[39m[0m
[  46% ] [90m[1m_update_scan_actions[22m | gold-service-asset.png[39m[0m
[  46% ] [90m[1m_update_scan_actions[22m | gold-service-detail.png[39m[0m
[  46% ] [90m[1m_update_scan_actions[22m | goltzius-frame-angle.png[39m[0m
[  46% ] [90m[1m_update_scan_actions[22m | goltzius-frame-detail.png[39m[0m
[  46% ] [90m[1m_update_scan_actions[22m | goltzius-frame-walking.png[39m[0m
[  46% ] [90m[1m_update_scan_actions[22m | goltzius-in-room.png[39m[0m
[  46% ] [90m[1m_update_scan_actions[22m | layout-reviewed.png[39m[0m
[  46% ] [90m[1m_update_scan_actions[22m | layout.svg[39m[0m
[  46% ] [90m[1m_update_scan_actions[22m | medieval-wide.png[39m[0m
[  46% ] [90m[1m_update_scan_actions[22m | mirror-detail.png[39m[0m
[  46% ] [90m[1m_update_scan_actions[22m | phase-0.png[39m[0m
[  46% ] [90m[1m_update_scan_actions[22m | phase-1.png[39m[0m
[  46% ] [90m[1m_update_scan_actions[22m | phase-2.png[39m[0m
[  46% ] [90m[1m_update_scan_actions[22m | phase-3.png[39m[0m
[  46% ] [90m[1m_update_scan_actions[22m | phase-4.png[39m[0m
[  46% ] [90m[1m_update_scan_actions[22m | phase-5.png[39m[0m
[  46% ] [90m[1m_update_scan_actions[22m | phase-6.png[39m[0m
[  46% ] [90m[1m_update_scan_actions[22m | phase-7.png[39m[0m
[  46% ] [90m[1m_update_scan_actions[22m | phase-8.png[39m[0m
[  46% ] [90m[1m_update_scan_actions[22m | phase-9.png[39m[0m
[  46% ] [90m[1m_update_scan_actions[22m | phase-10.png[39m[0m
[  46% ] [90m[1m_update_scan_actions[22m | phase-11.png[39m[0m
[  46% ] [90m[1m_update_scan_actions[22m | phase-12.png[39m[0m
[  46% ] [90m[1m_update_scan_actions[22m | phase-13.png[39m[0m
[  46% ] [90m[1m_update_scan_actions[22m | phase-14.png[39m[0m
[  46% ] [90m[1m_update_scan_actions[22m | phase-15.png[39m[0m
[  46% ] [90m[1m_update_scan_actions[22m | phase-16.png[39m[0m
[  47% ] [90m[1m_update_scan_actions[22m | phase-17.png[39m[0m
[  47% ] [90m[1m_update_scan_actions[22m | pink-service-asset.png[39m[0m
[  47% ] [90m[1m_update_scan_actions[22m | pink-service-detail.png[39m[0m
[  47% ] [90m[1m_update_scan_actions[22m | portal-angle.png[39m[0m
[  47% ] [90m[1m_update_scan_actions[22m | portal-front.png[39m[0m
[  47% ] [90m[1m_update_scan_actions[22m | renaissance-wide.png[39m[0m
[  47% ] [90m[1m_update_scan_actions[22m | room.png[39m[0m
[  47% ] [90m[1m_update_scan_actions[22m | settee-detail.png[39m[0m
[  47% ] [90m[1m_update_scan_actions[22m | shell-01-launch.png[39m[0m
[  47% ] [90m[1m_update_scan_actions[22m | shell-09-resized.png[39m[0m
[  47% ] [90m[1m_update_scan_actions[22m | source-goltzius-18.25.png[39m[0m
[  47% ] [90m[1m_update_scan_actions[22m | source-goltzius-19.25.png[39m[0m
[  47% ] [90m[1m_update_scan_actions[22m | source-portal-native.png[39m[0m
[  47% ] [90m[1m_update_scan_actions[22m | source-tracery-native.png[39m[0m
[  47% ] [90m[1m_update_scan_actions[22m | tracery-angle.png[39m[0m
[  47% ] [90m[1m_update_scan_actions[22m | tracery-front.png[39m[0m
[  47% ] [90m[1m_update_scan_actions[22m | wallpaper-asset.png[39m[0m
[  47% ] [90m[1m_update_scan_actions[22m | wide-gallery-entry.png[39m[0m
[  47% ] [90m[1m_update_scan_actions[22m | wide-purple-entry.png[39m[0m
[  47% ] [90m[1m_update_scan_actions[22m | wide-source-camera.png[39m[0m
[  47% ] [90m[1m_update_scan_actions[22m | apostle-41045-original.webp[39m[0m
[  47% ] [90m[1m_update_scan_actions[22m | apostle-41045-zoom-0.jpg[39m[0m
[  47% ] [90m[1m_update_scan_actions[22m | apostle-41045-zoom-1.jpg[39m[0m
[  47% ] [90m[1m_update_scan_actions[22m | apostle-41045-zoom-2.jpg[39m[0m
[  47% ] [90m[1m_update_scan_actions[22m | apostle-41046-original.webp[39m[0m
[  47% ] [90m[1m_update_scan_actions[22m | apostle-41046-zoom-0.jpg[39m[0m
[  47% ] [90m[1m_update_scan_actions[22m | apostle-41046-zoom-1.jpg[39m[0m
[  47% ] [90m[1m_update_scan_actions[22m | apostle-41046-zoom-2.jpg[39m[0m
[  48% ] [90m[1m_update_scan_actions[22m | browser-forward.png[39m[0m
[  48% ] [90m[1m_update_scan_actions[22m | browser-reverse.png[39m[0m
[  48% ] [90m[1m_update_scan_actions[22m | collection-v45-apostle-side-study.jpg[39m[0m
[  48% ] [90m[1m_update_scan_actions[22m | collection-v45-IMG_6382-east-wide.jpg[39m[0m
[  48% ] [90m[1m_update_scan_actions[22m | collection-v45-IMG_6387-east-wide.jpg[39m[0m
[  48% ] [90m[1m_update_scan_actions[22m | collection-v45-modern-wide.jpg[39m[0m
[  48% ] [90m[1m_update_scan_actions[22m | hall-wide-arch.png[39m[0m
[  48% ] [90m[1m_update_scan_actions[22m | loop-overview.png[39m[0m
[  48% ] [90m[1m_update_scan_actions[22m | medieval-apostle-left.png[39m[0m
[  48% ] [90m[1m_update_scan_actions[22m | medieval-apostle-right.png[39m[0m
[  48% ] [90m[1m_update_scan_actions[22m | medieval-portal-wall-wide.png[39m[0m
[  48% ] [90m[1m_update_scan_actions[22m | medieval-stair-door-detail.png[39m[0m
[  48% ] [90m[1m_update_scan_actions[22m | medieval-stair-wall-wide.png[39m[0m
[  48% ] [90m[1m_update_scan_actions[22m | medieval-walk.png[39m[0m
[  48% ] [90m[1m_update_scan_actions[22m | medieval-wide.png[39m[0m
[  48% ] [90m[1m_update_scan_actions[22m | renaissance-wide.png[39m[0m
[  48% ] [90m[1m_update_scan_actions[22m | stair-15.75-source.jpg[39m[0m
[  48% ] [90m[1m_update_scan_actions[22m | stair-16.75-source.jpg[39m[0m
[  48% ] [90m[1m_update_scan_actions[22m | stair-17.25-source.jpg[39m[0m
[  48% ] [90m[1m_update_scan_actions[22m | stair-18.25-source.jpg[39m[0m
[  48% ] [90m[1m_update_scan_actions[22m | stair-20.75-source.jpg[39m[0m
[  48% ] [90m[1m_update_scan_actions[22m | stair-24.75-source.jpg[39m[0m
[  48% ] [90m[1m_update_scan_actions[22m | stair-26.25-source.jpg[39m[0m
[  48% ] [90m[1m_update_scan_actions[22m | stair-27.25-source.jpg[39m[0m
[  48% ] [90m[1m_update_scan_actions[22m | stair-77.75-source.jpg[39m[0m
[  48% ] [90m[1m_update_scan_actions[22m | stair-78.75-source.jpg[39m[0m
[  48% ] [90m[1m_update_scan_actions[22m | stair-82.75-source.jpg[39m[0m
[  49% ] [90m[1m_update_scan_actions[22m | v44-medieval-wide.png[39m[0m
[  49% ] [90m[1m_update_scan_actions[22m | v45-stretched-sides-unbaked.png[39m[0m
[  49% ] [90m[1m_update_scan_actions[22m | villon-head-official.jpg[39m[0m
[  49% ] [90m[1m_update_scan_actions[22m | villon-head-video.jpg[39m[0m
[  49% ] [90m[1m_update_scan_actions[22m | browser-forward.png[39m[0m
[  49% ] [90m[1m_update_scan_actions[22m | browser-jamb.png[39m[0m
[  49% ] [90m[1m_update_scan_actions[22m | browser-return-jamb.png[39m[0m
[  49% ] [90m[1m_update_scan_actions[22m | browser-reverse.png[39m[0m
[  49% ] [90m[1m_update_scan_actions[22m | architecture-asset.png[39m[0m
[  49% ] [90m[1m_update_scan_actions[22m | bookcase-asset.png[39m[0m
[  49% ] [90m[1m_update_scan_actions[22m | bookcase-detail.png[39m[0m
[  49% ] [90m[1m_update_scan_actions[22m | bookcase-oblique.png[39m[0m
[  49% ] [90m[1m_update_scan_actions[22m | bust-asset.png[39m[0m
[  49% ] [90m[1m_update_scan_actions[22m | bust-detail.png[39m[0m
[  49% ] [90m[1m_update_scan_actions[22m | bust-front-uv.png[39m[0m
[  49% ] [90m[1m_update_scan_actions[22m | bust-rear-uv.png[39m[0m
[  49% ] [90m[1m_update_scan_actions[22m | bust-side-uv.png[39m[0m
[  49% ] [90m[1m_update_scan_actions[22m | door-sconce-detail.png[39m[0m
[  49% ] [90m[1m_update_scan_actions[22m | entrance-chair-detail.png[39m[0m
[  49% ] [90m[1m_update_scan_actions[22m | fetti-frame-angle.png[39m[0m
[  49% ] [90m[1m_update_scan_actions[22m | fetti-frame-detail.png[39m[0m
[  49% ] [90m[1m_update_scan_actions[22m | fetti-frame-walking.png[39m[0m
[  49% ] [90m[1m_update_scan_actions[22m | gallery.png[39m[0m
[  49% ] [90m[1m_update_scan_actions[22m | gold-service-asset.png[39m[0m
[  49% ] [90m[1m_update_scan_actions[22m | gold-service-detail.png[39m[0m
[  49% ] [90m[1m_update_scan_actions[22m | mirror-detail.png[39m[0m
[  49% ] [90m[1m_update_scan_actions[22m | phase-0.png[39m[0m
[  50% ] [90m[1m_update_scan_actions[22m | phase-1.png[39m[0m
[  50% ] [90m[1m_update_scan_actions[22m | phase-2.png[39m[0m
[  50% ] [90m[1m_update_scan_actions[22m | phase-3.png[39m[0m
[  50% ] [90m[1m_update_scan_actions[22m | phase-4.png[39m[0m
[  50% ] [90m[1m_update_scan_actions[22m | phase-5.png[39m[0m
[  50% ] [90m[1m_update_scan_actions[22m | phase-6.png[39m[0m
[  50% ] [90m[1m_update_scan_actions[22m | phase-7.png[39m[0m
[  50% ] [90m[1m_update_scan_actions[22m | phase-8.png[39m[0m
[  50% ] [90m[1m_update_scan_actions[22m | pink-service-asset.png[39m[0m
[  50% ] [90m[1m_update_scan_actions[22m | pink-service-detail.png[39m[0m
[  50% ] [90m[1m_update_scan_actions[22m | recamier-atlas.png[39m[0m
[  50% ] [90m[1m_update_scan_actions[22m | room.png[39m[0m
[  50% ] [90m[1m_update_scan_actions[22m | settee-detail.png[39m[0m
[  50% ] [90m[1m_update_scan_actions[22m | source-brown-panel.png[39m[0m
[  50% ] [90m[1m_update_scan_actions[22m | source-fetti-frame.png[39m[0m
[  50% ] [90m[1m_update_scan_actions[22m | source-wallpaper.png[39m[0m
[  50% ] [90m[1m_update_scan_actions[22m | wallpaper-asset.png[39m[0m
[  50% ] [90m[1m_update_scan_actions[22m | wide-gallery-entry.png[39m[0m
[  50% ] [90m[1m_update_scan_actions[22m | wide-purple-entry.png[39m[0m
[  50% ] [90m[1m_update_scan_actions[22m | wide-source-camera.png[39m[0m
[  50% ] [90m[1m_update_scan_actions[22m | annotated-0.png[39m[0m
[  50% ] [90m[1m_update_scan_actions[22m | annotated-1.png[39m[0m
[  50% ] [90m[1m_update_scan_actions[22m | barbier-family-zoom-0.jpg[39m[0m
[  50% ] [90m[1m_update_scan_actions[22m | european-wide-native.png[39m[0m
[  50% ] [90m[1m_update_scan_actions[22m | family-0.25-detail.png[39m[0m
[  50% ] [90m[1m_update_scan_actions[22m | family-2.25-detail.png[39m[0m
[  50% ] [90m[1m_update_scan_actions[22m | far-wall-fit-detail.png[39m[0m
[  50% ] [90m[1m_update_scan_actions[22m | far-wall-holdout-detail.png[39m[0m
[  51% ] [90m[1m_update_scan_actions[22m | lawrence-sarah-zoom-0.jpg[39m[0m
[  51% ] [90m[1m_update_scan_actions[22m | medieval-wide-native.png[39m[0m
[  51% ] [90m[1m_update_scan_actions[22m | portal-distant-native.png[39m[0m
[  51% ] [90m[1m_update_scan_actions[22m | renaissance-wide-native.png[39m[0m
[  51% ] [90m[1m_update_scan_actions[22m | built-plan.png[39m[0m
[  51% ] [90m[1m_update_scan_actions[22m | IMG_6387-46.5s.jpg[39m[0m
[  51% ] [90m[1m_update_scan_actions[22m | IMG_6387-47.5s.jpg[39m[0m
[  51% ] [90m[1m_update_scan_actions[22m | IMG_6387-51.0s.jpg[39m[0m
[  51% ] [90m[1m_update_scan_actions[22m | IMG_6387-52.0s.jpg[39m[0m
[  51% ] [90m[1m_update_scan_actions[22m | IMG_6387-58.5s.jpg[39m[0m
[  51% ] [90m[1m_update_scan_actions[22m | IMG_6387-63.0s.jpg[39m[0m
[  51% ] [90m[1m_update_scan_actions[22m | IMG_6387-67.5s.jpg[39m[0m
[  51% ] [90m[1m_update_scan_actions[22m | IMG_6387-68.5s.jpg[39m[0m
[  51% ] [90m[1m_update_scan_actions[22m | IMG_6387-69.5s.jpg[39m[0m
[  51% ] [90m[1m_update_scan_actions[22m | IMG_6387-75.0s.jpg[39m[0m
[  51% ] [90m[1m_update_scan_actions[22m | IMG_6387-82.0s.jpg[39m[0m
[  51% ] [90m[1m_update_scan_actions[22m | IMG_6387-83.5s.jpg[39m[0m
[  51% ] [90m[1m_update_scan_actions[22m | IMG_6387-pan-2fps-sheet-0.jpg[39m[0m
[  51% ] [90m[1m_update_scan_actions[22m | IMG_6387-pan-2fps-sheet-1.jpg[39m[0m
[  51% ] [90m[1m_update_scan_actions[22m | IMG_6387-pan-2fps-sheet-2.jpg[39m[0m
[  51% ] [90m[1m_update_scan_actions[22m | IMG_6387-pan-2fps-sheet-3.jpg[39m[0m
[  51% ] [90m[1m_update_scan_actions[22m | IMG_6387-pan-2fps-sheet-4.jpg[39m[0m
[  51% ] [90m[1m_update_scan_actions[22m | entry-42.0-51.0s.jpg[39m[0m
[  51% ] [90m[1m_update_scan_actions[22m | pan-0-51.0-57.5s.jpg[39m[0m
[  51% ] [90m[1m_update_scan_actions[22m | pan-a-58.0-62.5s.jpg[39m[0m
[  51% ] [90m[1m_update_scan_actions[22m | pan-b-63.0-68.0s.jpg[39m[0m
[  51% ] [90m[1m_update_scan_actions[22m | pan-c-68.5-75.0s.jpg[39m[0m
[  52% ] [90m[1m_update_scan_actions[22m | pan-d-75.5-84.5s.jpg[39m[0m
[  52% ] [90m[1m_update_scan_actions[22m | plan.png[39m[0m
[  52% ] [90m[1m_update_scan_actions[22m | case-far.jpg[39m[0m
[  52% ] [90m[1m_update_scan_actions[22m | case-vs-native.jpg[39m[0m
[  52% ] [90m[1m_update_scan_actions[22m | figure-turnaround.jpg[39m[0m
[  52% ] [90m[1m_update_scan_actions[22m | figure-vs-official.jpg[39m[0m
[  52% ] [90m[1m_update_scan_actions[22m | native-IMG_6387-51.0s.png[39m[0m
[  52% ] [90m[1m_update_scan_actions[22m | native-IMG_6387-59.5s.png[39m[0m
[  52% ] [90m[1m_update_scan_actions[22m | native-IMG_6387-63.5s.png[39m[0m
[  52% ] [90m[1m_update_scan_actions[22m | native-IMG_6387-64.5s.png[39m[0m
[  52% ] [90m[1m_update_scan_actions[22m | native-IMG_6387-65.5s.png[39m[0m
[  52% ] [90m[1m_update_scan_actions[22m | native-IMG_6387-68.5s.png[39m[0m
[  52% ] [90m[1m_update_scan_actions[22m | seated-woman-case.obj[39m[0m
[  52% ] [90m[1m_update_scan_actions[22m | seated-woman.obj[39m[0m
[  52% ] [90m[1m_update_scan_actions[22m | villon-source-v48b-patched.png[39m[0m
[  52% ] [90m[1m_update_scan_actions[22m | decorative-front.png[39m[0m
[  52% ] [90m[1m_update_scan_actions[22m | head-surface-v2-oblique.png[39m[0m
[  52% ] [90m[1m_update_scan_actions[22m | joined-plan.png[39m[0m
[  52% ] [90m[1m_update_scan_actions[22m | muse-frame-angle.png[39m[0m
[  52% ] [90m[1m_update_scan_actions[22m | sculpture-muse.webp[39m[0m
[  52% ] [90m[1m_update_scan_actions[22m | canvas-fit.jpg[39m[0m
[  52% ] [90m[1m_update_scan_actions[22m | dense-overview.png[39m[0m
[  52% ] [90m[1m_update_scan_actions[22m | heldout-failures.jpg[39m[0m
[  52% ] [90m[1m_update_scan_actions[22m | IMG_6384-22.5s.jpg[39m[0m
[  52% ] [90m[1m_update_scan_actions[22m | IMG_6384-57.5s.jpg[39m[0m
[  52% ] [90m[1m_update_scan_actions[22m | IMG_6384-72.5s.jpg[39m[0m
[  52% ] [90m[1m_update_scan_actions[22m | IMG_6384-87.5s.jpg[39m[0m
[  52% ] [90m[1m_update_scan_actions[22m | IMG_6385-27.5s.jpg[39m[0m
[  53% ] [90m[1m_update_scan_actions[22m | IMG_6386-37.5s.jpg[39m[0m
[  53% ] [90m[1m_update_scan_actions[22m | IMG_6386-47.5s.jpg[39m[0m
[  53% ] [90m[1m_update_scan_actions[22m | IMG_6386-52.5s.jpg[39m[0m
[  53% ] [90m[1m_update_scan_actions[22m | IMG_6386-57.5s.jpg[39m[0m
[  53% ] [90m[1m_update_scan_actions[22m | IMG_6386-67.5s.jpg[39m[0m
[  53% ] [90m[1m_update_scan_actions[22m | IMG_6386-87.5s.jpg[39m[0m
[  53% ] [90m[1m_update_scan_actions[22m | metric-section.png[39m[0m
[  53% ] [90m[1m_update_scan_actions[22m | muse-frame-angle.png[39m[0m
[  53% ] [90m[1m_update_scan_actions[22m | muse-frame-detail.png[39m[0m
[  53% ] [90m[1m_update_scan_actions[22m | muse-frame-walking.png[39m[0m
[  53% ] [90m[1m_update_scan_actions[22m | risd-floor5-map-2020.png[39m[0m
[  53% ] [90m[1m_update_scan_actions[22m | sparse-overview.png[39m[0m
[  53% ] [90m[1m_update_scan_actions[22m | b7e66eee6aac0ed42db55788dd2d2cd2e65fa3128b6599c769f140eff71e0ce6.jpg[39m[0m
[  53% ] [90m[1m_update_scan_actions[22m | f50520a15ef1eb172fc00e472bd117be00d2f4f3136fb6949d4e06752ba6a50b.jpg[39m[0m
[  53% ] [90m[1m_update_scan_actions[22m | browser-paintings-720.png[39m[0m
[  53% ] [90m[1m_update_scan_actions[22m | browser-paintings.png[39m[0m
[  53% ] [90m[1m_update_scan_actions[22m | browser.png[39m[0m
[  53% ] [90m[1m_update_scan_actions[22m | native-paintings-720.png[39m[0m
[  53% ] [90m[1m_update_scan_actions[22m | native-paintings.png[39m[0m
[  53% ] [90m[1m_update_scan_actions[22m | native.png[39m[0m
[  53% ] [90m[1m_update_scan_actions[22m | official-object-1377691.png[39m[0m
[  53% ] [90m[1m_update_scan_actions[22m | official-object-1584511.png[39m[0m
[  53% ] [90m[1m_update_scan_actions[22m | 00-before.png[39m[0m
[  53% ] [90m[1m_update_scan_actions[22m | 01-after-1920x1080.png[39m[0m
[  53% ] [90m[1m_update_scan_actions[22m | 02-sort-popup.png[39m[0m
[  53% ] [90m[1m_update_scan_actions[22m | 02b-controls-draft.png[39m[0m
[  53% ] [90m[1m_update_scan_actions[22m | 03-loading.png[39m[0m
[  54% ] [90m[1m_update_scan_actions[22m | 04-empty.png[39m[0m
[  54% ] [90m[1m_update_scan_actions[22m | 05-error-retry.png[39m[0m
[  54% ] [90m[1m_update_scan_actions[22m | 06-after-1440x900.png[39m[0m
[  54% ] [90m[1m_update_scan_actions[22m | 07-selected-details.png[39m[0m
[  54% ] [90m[1m_update_scan_actions[22m | 08-save-error.png[39m[0m
[  54% ] [90m[1m_update_scan_actions[22m | before.png[39m[0m
[  54% ] [90m[1m_update_scan_actions[22m | collection-crt.png[39m[0m
[  54% ] [90m[1m_update_scan_actions[22m | collection-off.png[39m[0m
[  54% ] [90m[1m_update_scan_actions[22m | fit-720x486.png[39m[0m
[  54% ] [90m[1m_update_scan_actions[22m | fit-1200x600.png[39m[0m
[  54% ] [90m[1m_update_scan_actions[22m | fit-1920x1080.png[39m[0m
[  54% ] [90m[1m_update_scan_actions[22m | sketchbook-painted.png[39m[0m
[  54% ] [90m[1m_update_scan_actions[22m | tab-0.png[39m[0m
[  54% ] [90m[1m_update_scan_actions[22m | tab-1.png[39m[0m
[  54% ] [90m[1m_update_scan_actions[22m | tab-2.png[39m[0m
[  54% ] [90m[1m_update_scan_actions[22m | tab-3.png[39m[0m
[  54% ] [90m[1m_update_scan_actions[22m | tab-4.png[39m[0m
[  54% ] [90m[1m_update_scan_actions[22m | tab-5.png[39m[0m
[  54% ] [90m[1m_update_scan_actions[22m | 01-launch.png[39m[0m
[  54% ] [90m[1m_update_scan_actions[22m | 02-flowers-title.png[39m[0m
[  54% ] [90m[1m_update_scan_actions[22m | 03-instructions.png[39m[0m
[  54% ] [90m[1m_update_scan_actions[22m | 04-garden.png[39m[0m
[  54% ] [90m[1m_update_scan_actions[22m | 05-dragging.png[39m[0m
[  54% ] [90m[1m_update_scan_actions[22m | 06-placed.png[39m[0m
[  54% ] [90m[1m_update_scan_actions[22m | 07-collection-again.png[39m[0m
[  54% ] [90m[1m_update_scan_actions[22m | 08-flowers-again.png[39m[0m
[  54% ] [90m[1m_update_scan_actions[22m | 09-send-form.png[39m[0m
[  55% ] [90m[1m_update_scan_actions[22m | 10-preview.png[39m[0m
[  55% ] [90m[1m_update_scan_actions[22m | 11-delivered.png[39m[0m
[  55% ] [90m[1m_update_scan_actions[22m | 12-your-flowers.png[39m[0m
[  55% ] [90m[1m_update_scan_actions[22m | 13-sample.png[39m[0m
[  55% ] [90m[1m_update_scan_actions[22m | native-placeholder.png[39m[0m
[  55% ] [90m[1m_update_scan_actions[22m | sheet-send.png[39m[0m
[  55% ] [90m[1m_update_scan_actions[22m | sheet.png[39m[0m
[  55% ] [90m[1m_update_scan_actions[22m | site-01-title.png[39m[0m
[  55% ] [90m[1m_update_scan_actions[22m | site-02-instructions.png[39m[0m
[  55% ] [90m[1m_update_scan_actions[22m | taskbar-after.png[39m[0m
[  55% ] [90m[1m_update_scan_actions[22m | taskbar-before.png[39m[0m
[  55% ] [90m[1m_update_scan_actions[22m | entry-1600.png[39m[0m
[  55% ] [90m[1m_update_scan_actions[22m | opposite-wall-720.png[39m[0m
[  55% ] [90m[1m_update_scan_actions[22m | opposite-wall-1600.png[39m[0m
[  55% ] [90m[1m_update_scan_actions[22m | baseline-720-art.png[39m[0m
[  55% ] [90m[1m_update_scan_actions[22m | baseline-720-entry.png[39m[0m
[  55% ] [90m[1m_update_scan_actions[22m | baseline-1600-art.png[39m[0m
[  55% ] [90m[1m_update_scan_actions[22m | button-bottom-720.png[39m[0m
[  55% ] [90m[1m_update_scan_actions[22m | button-bottom-1600.png[39m[0m
[  55% ] [90m[1m_update_scan_actions[22m | candidate-720-art.png[39m[0m
[  55% ] [90m[1m_update_scan_actions[22m | candidate-720-entry.png[39m[0m
[  55% ] [90m[1m_update_scan_actions[22m | candidate-1600-art.png[39m[0m
[  55% ] [90m[1m_update_scan_actions[22m | corner.png[39m[0m
[  55% ] [90m[1m_update_scan_actions[22m | corner.png[39m[0m
[  55% ] [90m[1m_update_scan_actions[22m | baseline-720-art.png[39m[0m
[  55% ] [90m[1m_update_scan_actions[22m | baseline-720-entry.png[39m[0m
[  55% ] [90m[1m_update_scan_actions[22m | baseline-720-turn.png[39m[0m
[  55% ] [90m[1m_update_scan_actions[22m | baseline-720-warm.png[39m[0m
[  56% ] [90m[1m_update_scan_actions[22m | baseline-720-white.png[39m[0m
[  56% ] [90m[1m_update_scan_actions[22m | baseline-1600-art.png[39m[0m
[  56% ] [90m[1m_update_scan_actions[22m | baseline-1600-entry.png[39m[0m
[  56% ] [90m[1m_update_scan_actions[22m | baseline-1600-turn.png[39m[0m
[  56% ] [90m[1m_update_scan_actions[22m | baseline-1600-warm.png[39m[0m
[  56% ] [90m[1m_update_scan_actions[22m | baseline-1600-white.png[39m[0m
[  56% ] [90m[1m_update_scan_actions[22m | candidate-720-art.png[39m[0m
[  56% ] [90m[1m_update_scan_actions[22m | candidate-720-entry.png[39m[0m
[  56% ] [90m[1m_update_scan_actions[22m | candidate-720-turn.png[39m[0m
[  56% ] [90m[1m_update_scan_actions[22m | candidate-720-warm.png[39m[0m
[  56% ] [90m[1m_update_scan_actions[22m | candidate-720-white.png[39m[0m
[  56% ] [90m[1m_update_scan_actions[22m | candidate-1600-art.png[39m[0m
[  56% ] [90m[1m_update_scan_actions[22m | candidate-1600-entry.png[39m[0m
[  56% ] [90m[1m_update_scan_actions[22m | candidate-1600-turn.png[39m[0m
[  56% ] [90m[1m_update_scan_actions[22m | candidate-1600-warm.png[39m[0m
[  56% ] [90m[1m_update_scan_actions[22m | candidate-1600-white.png[39m[0m
[  56% ] [90m[1m_update_scan_actions[22m | browser-default-hardware.png[39m[0m
[  56% ] [90m[1m_update_scan_actions[22m | browser-entry.png[39m[0m
[  56% ] [90m[1m_update_scan_actions[22m | browser-mid.png[39m[0m
[  56% ] [90m[1m_update_scan_actions[22m | browser-original-lighting-hardware.png[39m[0m
[  56% ] [90m[1m_update_scan_actions[22m | browser-white-arch.png[39m[0m
[  56% ] [90m[1m_update_scan_actions[22m | head-orbit-e-rtx.png[39m[0m
[  56% ] [90m[1m_update_scan_actions[22m | head-orbit-neutral-rtx.png[39m[0m
[  56% ] [90m[1m_update_scan_actions[22m | head-orbit-q-rtx.png[39m[0m
[  56% ] [90m[1m_update_scan_actions[22m | native-cool.png[39m[0m
[  56% ] [90m[1m_update_scan_actions[22m | native-original-lighting.png[39m[0m
[  56% ] [90m[1m_update_scan_actions[22m | native-probe-disabled.png[39m[0m
[  57% ] [90m[1m_update_scan_actions[22m | native-warm-gain.png[39m[0m
[  57% ] [90m[1m_update_scan_actions[22m | native-warm.png[39m[0m
[  57% ] [90m[1m_update_scan_actions[22m | native-white-room-gain.png[39m[0m
[  57% ] [90m[1m_update_scan_actions[22m | native-white-room.png[39m[0m
[  57% ] [90m[1m_update_scan_actions[22m | candidate-art-sheet.png[39m[0m
[  57% ] [90m[1m_update_scan_actions[22m | candidate-corner-exact.png[39m[0m
[  57% ] [90m[1m_update_scan_actions[22m | candidate-corner-sheet.png[39m[0m
[  57% ] [90m[1m_update_scan_actions[22m | candidate-warm-sheet.png[39m[0m
[  57% ] [90m[1m_update_scan_actions[22m | candidate-white-sheet.png[39m[0m
[  57% ] [90m[1m_update_scan_actions[22m | control-art-sheet.png[39m[0m
[  57% ] [90m[1m_update_scan_actions[22m | control-corner-exact.png[39m[0m
[  57% ] [90m[1m_update_scan_actions[22m | control-corner-sheet.png[39m[0m
[  57% ] [90m[1m_update_scan_actions[22m | control-warm-sheet.png[39m[0m
[  57% ] [90m[1m_update_scan_actions[22m | control-white-sheet.png[39m[0m
[  57% ] [90m[1m_update_scan_actions[22m | sentinel-control.png[39m[0m
[  57% ] [90m[1m_update_scan_actions[22m | sentinel-sentinel-background.png[39m[0m
[  57% ] [90m[1m_update_scan_actions[22m | drag.png[39m[0m
[  57% ] [90m[1m_update_scan_actions[22m | shell-720.png[39m[0m
[  57% ] [90m[1m_update_scan_actions[22m | shell-1600.png[39m[0m
[  57% ] [90m[1m_update_scan_actions[22m | start.png[39m[0m
[  57% ] [90m[1m_update_scan_actions[22m | entry.png[39m[0m
[  57% ] [90m[1m_update_scan_actions[22m | white-720.png[39m[0m
[  57% ] [90m[1m_update_scan_actions[22m | white.png[39m[0m
[  57% ] [90m[1m_update_scan_actions[22m | A-720-art.png[39m[0m
[  57% ] [90m[1m_update_scan_actions[22m | A-720-warm.png[39m[0m
[  57% ] [90m[1m_update_scan_actions[22m | A-720-white.png[39m[0m
[  57% ] [90m[1m_update_scan_actions[22m | A-1600-art.png[39m[0m
[  57% ] [90m[1m_update_scan_actions[22m | A-1600-warm.png[39m[0m
[  58% ] [90m[1m_update_scan_actions[22m | A-1600-white.png[39m[0m
[  58% ] [90m[1m_update_scan_actions[22m | B-720-art.png[39m[0m
[  58% ] [90m[1m_update_scan_actions[22m | B-720-warm.png[39m[0m
[  58% ] [90m[1m_update_scan_actions[22m | B-720-white.png[39m[0m
[  58% ] [90m[1m_update_scan_actions[22m | B-1600-art.png[39m[0m
[  58% ] [90m[1m_update_scan_actions[22m | B-1600-warm.png[39m[0m
[  58% ] [90m[1m_update_scan_actions[22m | B-1600-white.png[39m[0m
[  58% ] [90m[1m_update_scan_actions[22m | A-720-warm.png[39m[0m
[  58% ] [90m[1m_update_scan_actions[22m | A-720-white.png[39m[0m
[  58% ] [90m[1m_update_scan_actions[22m | A-1600-warm.png[39m[0m
[  58% ] [90m[1m_update_scan_actions[22m | A-1600-white.png[39m[0m
[  58% ] [90m[1m_update_scan_actions[22m | B-720-warm.png[39m[0m
[  58% ] [90m[1m_update_scan_actions[22m | B-720-white.png[39m[0m
[  58% ] [90m[1m_update_scan_actions[22m | B-1600-warm.png[39m[0m
[  58% ] [90m[1m_update_scan_actions[22m | B-1600-white.png[39m[0m
[  58% ] [90m[1m_update_scan_actions[22m | C-720-warm.png[39m[0m
[  58% ] [90m[1m_update_scan_actions[22m | C-720-white.png[39m[0m
[  58% ] [90m[1m_update_scan_actions[22m | C-1600-warm.png[39m[0m
[  58% ] [90m[1m_update_scan_actions[22m | C-1600-white.png[39m[0m
[  58% ] [90m[1m_update_scan_actions[22m | chart-3d-bypass.png[39m[0m
[  58% ] [90m[1m_update_scan_actions[22m | chart-3d-source.png[39m[0m
[  58% ] [90m[1m_update_scan_actions[22m | after-turn.png[39m[0m
[  58% ] [90m[1m_update_scan_actions[22m | after.png[39m[0m
[  58% ] [90m[1m_update_scan_actions[22m | before.png[39m[0m
[  58% ] [90m[1m_update_scan_actions[22m | controls.png[39m[0m
[  58% ] [90m[1m_update_scan_actions[22m | dollhouse-baked.png[39m[0m
[  58% ] [90m[1m_update_scan_actions[22m | dollhouse-old-light.png[39m[0m
[  59% ] [90m[1m_update_scan_actions[22m | gallery-baked.png[39m[0m
[  59% ] [90m[1m_update_scan_actions[22m | 720-entry.png[39m[0m
[  59% ] [90m[1m_update_scan_actions[22m | 720-idle.png[39m[0m
[  59% ] [90m[1m_update_scan_actions[22m | 720-return-far.png[39m[0m
[  59% ] [90m[1m_update_scan_actions[22m | 720-white-far.png[39m[0m
[  59% ] [90m[1m_update_scan_actions[22m | 1600-entry.png[39m[0m
[  59% ] [90m[1m_update_scan_actions[22m | 1600-idle.png[39m[0m
[  59% ] [90m[1m_update_scan_actions[22m | 1600-return-far.png[39m[0m
[  59% ] [90m[1m_update_scan_actions[22m | 1600-white-far.png[39m[0m
[  59% ] [90m[1m_update_scan_actions[22m | after.png[39m[0m
[  59% ] [90m[1m_update_scan_actions[22m | before.png[39m[0m
[  59% ] [90m[1m_update_scan_actions[22m | far-after.png[39m[0m
[  59% ] [90m[1m_update_scan_actions[22m | native-after.png[39m[0m
[  59% ] [90m[1m_update_scan_actions[22m | entry.png[39m[0m
[  59% ] [90m[1m_update_scan_actions[22m | other-wall.png[39m[0m
[  59% ] [90m[1m_update_scan_actions[22m | shell-720.png[39m[0m
[  59% ] [90m[1m_update_scan_actions[22m | art-720.png[39m[0m
[  59% ] [90m[1m_update_scan_actions[22m | corner-before-shortcut-1600.png[39m[0m
[  59% ] [90m[1m_update_scan_actions[22m | entry-1600.png[39m[0m
[  59% ] [90m[1m_update_scan_actions[22m | opposite-wall-720.png[39m[0m
[  59% ] [90m[1m_update_scan_actions[22m | opposite-wall-1600.png[39m[0m
[  59% ] [90m[1m_update_scan_actions[22m | turn-720.png[39m[0m
[  59% ] [90m[1m_update_scan_actions[22m | warm-720.png[39m[0m
[  59% ] [90m[1m_update_scan_actions[22m | after-east.png[39m[0m
[  59% ] [90m[1m_update_scan_actions[22m | after-entry.png[39m[0m
[  59% ] [90m[1m_update_scan_actions[22m | after-west.png[39m[0m
[  59% ] [90m[1m_update_scan_actions[22m | before-east.png[39m[0m
[  60% ] [90m[1m_update_scan_actions[22m | before-west.png[39m[0m
[  60% ] [90m[1m_update_scan_actions[22m | browser-720.png[39m[0m
[  60% ] [90m[1m_update_scan_actions[22m | browser-1600.png[39m[0m
[  60% ] [90m[1m_update_scan_actions[22m | browser-start.png[39m[0m
[  60% ] [90m[1m_update_scan_actions[22m | broad-720-art.png[39m[0m
[  60% ] [90m[1m_update_scan_actions[22m | broad-720-entry.png[39m[0m
[  60% ] [90m[1m_update_scan_actions[22m | broad-720-warm.png[39m[0m
[  60% ] [90m[1m_update_scan_actions[22m | broad-1600-art.png[39m[0m
[  60% ] [90m[1m_update_scan_actions[22m | broad-1600-entry.png[39m[0m
[  60% ] [90m[1m_update_scan_actions[22m | broad-1600-warm.png[39m[0m
[  60% ] [90m[1m_update_scan_actions[22m | control-720-art.png[39m[0m
[  60% ] [90m[1m_update_scan_actions[22m | control-720-entry.png[39m[0m
[  60% ] [90m[1m_update_scan_actions[22m | control-720-warm.png[39m[0m
[  60% ] [90m[1m_update_scan_actions[22m | control-1600-art.png[39m[0m
[  60% ] [90m[1m_update_scan_actions[22m | control-1600-entry.png[39m[0m
[  60% ] [90m[1m_update_scan_actions[22m | control-1600-warm.png[39m[0m
[  60% ] [90m[1m_update_scan_actions[22m | broad-00.png[39m[0m
[  60% ] [90m[1m_update_scan_actions[22m | broad-01.png[39m[0m
[  60% ] [90m[1m_update_scan_actions[22m | broad-02.png[39m[0m
[  60% ] [90m[1m_update_scan_actions[22m | broad-03.png[39m[0m
[  60% ] [90m[1m_update_scan_actions[22m | broad-04.png[39m[0m
[  60% ] [90m[1m_update_scan_actions[22m | broad-05.png[39m[0m
[  60% ] [90m[1m_update_scan_actions[22m | broad-06.png[39m[0m
[  60% ] [90m[1m_update_scan_actions[22m | broad-07.png[39m[0m
[  60% ] [90m[1m_update_scan_actions[22m | broad-08.png[39m[0m
[  60% ] [90m[1m_update_scan_actions[22m | broad-09.png[39m[0m
[  60% ] [90m[1m_update_scan_actions[22m | broad-10.png[39m[0m
[  60% ] [90m[1m_update_scan_actions[22m | broad-11.png[39m[0m
[  61% ] [90m[1m_update_scan_actions[22m | broad-12.png[39m[0m
[  61% ] [90m[1m_update_scan_actions[22m | broad-13.png[39m[0m
[  61% ] [90m[1m_update_scan_actions[22m | broad-14.png[39m[0m
[  61% ] [90m[1m_update_scan_actions[22m | broad-15.png[39m[0m
[  61% ] [90m[1m_update_scan_actions[22m | broad-16.png[39m[0m
[  61% ] [90m[1m_update_scan_actions[22m | control-00.png[39m[0m
[  61% ] [90m[1m_update_scan_actions[22m | control-01.png[39m[0m
[  61% ] [90m[1m_update_scan_actions[22m | control-02.png[39m[0m
[  61% ] [90m[1m_update_scan_actions[22m | control-03.png[39m[0m
[  61% ] [90m[1m_update_scan_actions[22m | control-04.png[39m[0m
[  61% ] [90m[1m_update_scan_actions[22m | control-05.png[39m[0m
[  61% ] [90m[1m_update_scan_actions[22m | control-06.png[39m[0m
[  61% ] [90m[1m_update_scan_actions[22m | control-07.png[39m[0m
[  61% ] [90m[1m_update_scan_actions[22m | control-08.png[39m[0m
[  61% ] [90m[1m_update_scan_actions[22m | control-09.png[39m[0m
[  61% ] [90m[1m_update_scan_actions[22m | control-10.png[39m[0m
[  61% ] [90m[1m_update_scan_actions[22m | control-11.png[39m[0m
[  61% ] [90m[1m_update_scan_actions[22m | control-12.png[39m[0m
[  61% ] [90m[1m_update_scan_actions[22m | control-13.png[39m[0m
[  61% ] [90m[1m_update_scan_actions[22m | control-14.png[39m[0m
[  61% ] [90m[1m_update_scan_actions[22m | control-15.png[39m[0m
[  61% ] [90m[1m_update_scan_actions[22m | control-16.png[39m[0m
[  61% ] [90m[1m_update_scan_actions[22m | broad.png[39m[0m
[  61% ] [90m[1m_update_scan_actions[22m | control.png[39m[0m
[  61% ] [90m[1m_update_scan_actions[22m | production-720.png[39m[0m
[  61% ] [90m[1m_update_scan_actions[22m | production-1600.png[39m[0m
[  61% ] [90m[1m_update_scan_actions[22m | calibrated-720-light-warm.png[39m[0m
[  62% ] [90m[1m_update_scan_actions[22m | calibrated-720-white.png[39m[0m
[  62% ] [90m[1m_update_scan_actions[22m | control-720-light-warm.png[39m[0m
[  62% ] [90m[1m_update_scan_actions[22m | control-720-white.png[39m[0m
[  62% ] [90m[1m_update_scan_actions[22m | end.png[39m[0m
[  62% ] [90m[1m_update_scan_actions[22m | start.png[39m[0m
[  62% ] [90m[1m_update_scan_actions[22m | after.png[39m[0m
[  62% ] [90m[1m_update_scan_actions[22m | before.png[39m[0m
[  62% ] [90m[1m_update_scan_actions[22m | after.png[39m[0m
[  62% ] [90m[1m_update_scan_actions[22m | before.png[39m[0m
[  62% ] [90m[1m_update_scan_actions[22m | browser.png[39m[0m
[  62% ] [90m[1m_update_scan_actions[22m | geometry-bench.png[39m[0m
[  62% ] [90m[1m_update_scan_actions[22m | geometry-browser.png[39m[0m
[  62% ] [90m[1m_update_scan_actions[22m | geometry-floor.png[39m[0m
[  62% ] [90m[1m_update_scan_actions[22m | geometry-other-wall.png[39m[0m
[  62% ] [90m[1m_update_scan_actions[22m | geometry-room.png[39m[0m
[  62% ] [90m[1m_update_scan_actions[22m | other-wall.png[39m[0m
[  62% ] [90m[1m_update_scan_actions[22m | white-architecture.png[39m[0m
[  62% ] [90m[1m_update_scan_actions[22m | cool.png[39m[0m
[  62% ] [90m[1m_update_scan_actions[22m | disabled.png[39m[0m
[  62% ] [90m[1m_update_scan_actions[22m | entry.png[39m[0m
[  62% ] [90m[1m_update_scan_actions[22m | gallery-light-far.png[39m[0m
[  62% ] [90m[1m_update_scan_actions[22m | gallery-light-mid.png[39m[0m
[  62% ] [90m[1m_update_scan_actions[22m | hand-interact.png[39m[0m
[  62% ] [90m[1m_update_scan_actions[22m | head-look.png[39m[0m
[  62% ] [90m[1m_update_scan_actions[22m | lighting-original.png[39m[0m
[  62% ] [90m[1m_update_scan_actions[22m | original.png[39m[0m
[  62% ] [90m[1m_update_scan_actions[22m | raw.png[39m[0m
[  62% ] [90m[1m_update_scan_actions[22m | return-far.png[39m[0m
[  63% ] [90m[1m_update_scan_actions[22m | sprite.png[39m[0m
[  63% ] [90m[1m_update_scan_actions[22m | warm-isolated.png[39m[0m
[  63% ] [90m[1m_update_scan_actions[22m | warm.png[39m[0m
[  63% ] [90m[1m_update_scan_actions[22m | white-arch.png[39m[0m
[  63% ] [90m[1m_update_scan_actions[22m | white-far.png[39m[0m
[  63% ] [90m[1m_update_scan_actions[22m | white-room.png[39m[0m
[  63% ] [90m[1m_update_scan_actions[22m | embedded-front-after.png[39m[0m
[  63% ] [90m[1m_update_scan_actions[22m | embedded-front-before.png[39m[0m
[  63% ] [90m[1m_update_scan_actions[22m | embedded-idle.png[39m[0m
[  63% ] [90m[1m_update_scan_actions[22m | embedded-stride-after.png[39m[0m
[  63% ] [90m[1m_update_scan_actions[22m | embedded-white-after.png[39m[0m
[  63% ] [90m[1m_update_scan_actions[22m | embedded-white-before.png[39m[0m
[  63% ] [90m[1m_update_scan_actions[22m | embedded-white.png[39m[0m
[  63% ] [90m[1m_update_scan_actions[22m | large-white.png[39m[0m
[  63% ] [90m[1m_update_scan_actions[22m | native-side-after.png[39m[0m
[  63% ] [90m[1m_update_scan_actions[22m | ACT-01--favorites.png[39m[0m
[  63% ] [90m[1m_update_scan_actions[22m | ACT-03--contents-open-book.png[39m[0m
[  63% ] [90m[1m_update_scan_actions[22m | ACT-06--kmail.png[39m[0m
[  63% ] [90m[1m_update_scan_actions[22m | ACT-08--kopete.png[39m[0m
[  63% ] [90m[1m_update_scan_actions[22m | ACT-09--download.png[39m[0m
[  63% ] [90m[1m_update_scan_actions[22m | DEP-01--kpaint.png[39m[0m
[  63% ] [90m[1m_update_scan_actions[22m | DEP-02--folder_print.png[39m[0m
[  63% ] [90m[1m_update_scan_actions[22m | DEP-07--camera.png[39m[0m
[  63% ] [90m[1m_update_scan_actions[22m | DEP-11--coin_case-emerald.png[39m[0m
[  63% ] [90m[1m_update_scan_actions[22m | MED-01--video.png[39m[0m
[  63% ] [90m[1m_update_scan_actions[22m | MED-02--sound.png[39m[0m
[  63% ] [90m[1m_update_scan_actions[22m | MED-09--viewmag.png[39m[0m
[  64% ] [90m[1m_update_scan_actions[22m | MED-10--colorize.png[39m[0m
[  64% ] [90m[1m_update_scan_actions[22m | NAV-02--package.png[39m[0m
[  64% ] [90m[1m_update_scan_actions[22m | NAV-06--lock.png[39m[0m
[  64% ] [90m[1m_update_scan_actions[22m | REC-02--date.png[39m[0m
[  64% ] [90m[1m_update_scan_actions[22m | REC-03--signature.png[39m[0m
[  64% ] [90m[1m_update_scan_actions[22m | REC-06--kfind.png[39m[0m
[  64% ] [90m[1m_update_scan_actions[22m | REC-09--messagebox_warning.png[39m[0m
[  64% ] [90m[1m_update_scan_actions[22m | UI-01--kfind.png[39m[0m
[  64% ] [90m[1m_update_scan_actions[22m | UI-02--filter.png[39m[0m
[  64% ] [90m[1m_update_scan_actions[22m | UI-03--view_icon.png[39m[0m
[  64% ] [90m[1m_update_scan_actions[22m | UI-04--sort_az.png[39m[0m
[  64% ] [90m[1m_update_scan_actions[22m | UI-05--personal.png[39m[0m
[  64% ] [90m[1m_update_scan_actions[22m | emerald-deco--big_plant.png[39m[0m
[  64% ] [90m[1m_update_scan_actions[22m | emerald-deco--glass_ornament.png[39m[0m
[  64% ] [90m[1m_update_scan_actions[22m | emerald-deco--gorgeous_plant.png[39m[0m
[  64% ] [90m[1m_update_scan_actions[22m | emerald-deco--heavy_desk.png[39m[0m
[  64% ] [90m[1m_update_scan_actions[22m | emerald-deco--pretty_desk.png[39m[0m
[  64% ] [90m[1m_update_scan_actions[22m | emerald-deco--ragged_desk.png[39m[0m
[  64% ] [90m[1m_update_scan_actions[22m | emerald-deco--red_brick.png[39m[0m
[  64% ] [90m[1m_update_scan_actions[22m | emerald-deco--regirock_doll.png[39m[0m
[  64% ] [90m[1m_update_scan_actions[22m | emerald-deco--registeel_doll.png[39m[0m
[  64% ] [90m[1m_update_scan_actions[22m | emerald-deco--snorlax_doll.png[39m[0m
[  64% ] [90m[1m_update_scan_actions[22m | emerald-deco--solid_board.png[39m[0m
[  64% ] [90m[1m_update_scan_actions[22m | emerald-deco--stand.png[39m[0m
[  64% ] [90m[1m_update_scan_actions[22m | emerald-item--amulet_coin.png[39m[0m
[  64% ] [90m[1m_update_scan_actions[22m | emerald-item--berry_pouch.png[39m[0m
[  64% ] [90m[1m_update_scan_actions[22m | emerald-item--claw_fossil.png[39m[0m
[  65% ] [90m[1m_update_scan_actions[22m | emerald-item--coin_case.png[39m[0m
[  65% ] [90m[1m_update_scan_actions[22m | emerald-item--contest_pass.png[39m[0m
[  65% ] [90m[1m_update_scan_actions[22m | emerald-item--devon_scope.png[39m[0m
[  65% ] [90m[1m_update_scan_actions[22m | emerald-item--fame_checker.png[39m[0m
[  65% ] [90m[1m_update_scan_actions[22m | emerald-item--go_goggles.png[39m[0m
[  65% ] [90m[1m_update_scan_actions[22m | emerald-item--itemfinder.png[39m[0m
[  65% ] [90m[1m_update_scan_actions[22m | emerald-item--letter.png[39m[0m
[  65% ] [90m[1m_update_scan_actions[22m | emerald-item--old_sea_map.png[39m[0m
[  65% ] [90m[1m_update_scan_actions[22m | emerald-item--poke_doll.png[39m[0m
[  65% ] [90m[1m_update_scan_actions[22m | emerald-item--shard.png[39m[0m
[  65% ] [90m[1m_update_scan_actions[22m | firered--bicycle.png[39m[0m
[  65% ] [90m[1m_update_scan_actions[22m | firered--card_key.png[39m[0m
[  65% ] [90m[1m_update_scan_actions[22m | firered--dome_fossil.png[39m[0m
[  65% ] [90m[1m_update_scan_actions[22m | firered--helix_fossil.png[39m[0m
[  65% ] [90m[1m_update_scan_actions[22m | firered--nugget.png[39m[0m
[  65% ] [90m[1m_update_scan_actions[22m | firered--old_amber.png[39m[0m
[  65% ] [90m[1m_update_scan_actions[22m | firered--silph_scope.png[39m[0m
[  65% ] [90m[1m_update_scan_actions[22m | firered--star_piece.png[39m[0m
[  65% ] [90m[1m_update_scan_actions[22m | firered--tea.png[39m[0m
[  65% ] [90m[1m_update_scan_actions[22m | firered--town_map.png[39m[0m
[  65% ] [90m[1m_update_scan_actions[22m | hover.png[39m[0m
[  65% ] [90m[1m_update_scan_actions[22m | idle.png[39m[0m
[  65% ] [90m[1m_update_scan_actions[22m | pressed.png[39m[0m
[  65% ] [90m[1m_update_scan_actions[22m | settled.png[39m[0m
[  65% ] [90m[1m_update_scan_actions[22m | concept-references-game-pool.png[39m[0m
[  65% ] [90m[1m_update_scan_actions[22m | concept-references-verified.png[39m[0m
[  65% ] [90m[1m_update_scan_actions[22m | first-three-icons-64px.png[39m[0m
[  65% ] [90m[1m_update_scan_actions[22m | process-1k-to-64px.png[39m[0m
[  66% ] [90m[1m_update_scan_actions[22m | search-sweep-contained-poses.png[39m[0m
[  66% ] [90m[1m_update_scan_actions[22m | search-sweep-final-poses.png[39m[0m
[  66% ] [90m[1m_update_scan_actions[22m | search-sweep-poses.png[39m[0m
[  66% ] [90m[1m_update_scan_actions[22m | set-so-far.png[39m[0m
[  66% ] [90m[1m_update_scan_actions[22m | state-set-take2.png[39m[0m
[  66% ] [90m[1m_update_scan_actions[22m | state-set-take3-filled.png[39m[0m
[  66% ] [90m[1m_update_scan_actions[22m | stills-1k-candidates.png[39m[0m
[  66% ] [90m[1m_update_scan_actions[22m | stills-reduced-to-64px.png[39m[0m
[  66% ] [90m[1m_update_scan_actions[22m | style-reference-five-originals.png[39m[0m
[  66% ] [90m[1m_update_scan_actions[22m | bar-glow-zoom.png[39m[0m
[  66% ] [90m[1m_update_scan_actions[22m | haze-off-on.png[39m[0m
[  66% ] [90m[1m_update_scan_actions[22m | load-sequence.png[39m[0m
[  66% ] [90m[1m_update_scan_actions[22m | spread-out-exit.png[39m[0m
[  66% ] [90m[1m_update_scan_actions[22m | steady-bar.png[39m[0m
[  66% ] [90m[1m_update_scan_actions[22m | tape-subtle-1.25x.png[39m[0m
[  66% ] [90m[1m_update_scan_actions[22m | video-on-demand.png[39m[0m
[  66% ] [90m[1m_update_scan_actions[22m | sheet-bar.png[39m[0m
[  66% ] [90m[1m_update_scan_actions[22m | sheet-tabs.png[39m[0m
[  66% ] [90m[1m_update_scan_actions[22m | w01-launch.png[39m[0m
[  66% ] [90m[1m_update_scan_actions[22m | w02-map.png[39m[0m
[  66% ] [90m[1m_update_scan_actions[22m | w02-switch-0.png[39m[0m
[  66% ] [90m[1m_update_scan_actions[22m | w02-switch-1.png[39m[0m
[  66% ] [90m[1m_update_scan_actions[22m | w02-switch-2.png[39m[0m
[  66% ] [90m[1m_update_scan_actions[22m | w02-switch-3.png[39m[0m
[  66% ] [90m[1m_update_scan_actions[22m | w03-map-zoomed.png[39m[0m
[  66% ] [90m[1m_update_scan_actions[22m | w04-sketchbook.png[39m[0m
[  66% ] [90m[1m_update_scan_actions[22m | w05-sketchbook-drawn.png[39m[0m
[  67% ] [90m[1m_update_scan_actions[22m | w06-3d-viewer.png[39m[0m
[  67% ] [90m[1m_update_scan_actions[22m | w07-3d-viewer-orbited.png[39m[0m
[  67% ] [90m[1m_update_scan_actions[22m | w08-video.png[39m[0m
[  67% ] [90m[1m_update_scan_actions[22m | w09-video-tile-3.png[39m[0m
[  67% ] [90m[1m_update_scan_actions[22m | w10-collection.png[39m[0m
[  67% ] [90m[1m_update_scan_actions[22m | w11-collection-dragged.png[39m[0m
[  67% ] [90m[1m_update_scan_actions[22m | w12-playground.png[39m[0m
[  67% ] [90m[1m_update_scan_actions[22m | w14-grow-0.png[39m[0m
[  67% ] [90m[1m_update_scan_actions[22m | w14-grow-1.png[39m[0m
[  67% ] [90m[1m_update_scan_actions[22m | w14-grow-2.png[39m[0m
[  67% ] [90m[1m_update_scan_actions[22m | w14-grow-3.png[39m[0m
[  67% ] [90m[1m_update_scan_actions[22m | w14-grow-4.png[39m[0m
[  67% ] [90m[1m_update_scan_actions[22m | w14-grow-5.png[39m[0m
[  67% ] [90m[1m_update_scan_actions[22m | w15-blank-page.png[39m[0m
[  67% ] [90m[1m_update_scan_actions[22m | w16-after-close.png[39m[0m
[  67% ] [90m[1m_update_scan_actions[22m | sheet-bar.png[39m[0m
[  67% ] [90m[1m_update_scan_actions[22m | sheet-tabs.png[39m[0m
[  67% ] [90m[1m_update_scan_actions[22m | w01-launch.png[39m[0m
[  67% ] [90m[1m_update_scan_actions[22m | w02-map.png[39m[0m
[  67% ] [90m[1m_update_scan_actions[22m | w02-switch-0.png[39m[0m
[  67% ] [90m[1m_update_scan_actions[22m | w02-switch-1.png[39m[0m
[  67% ] [90m[1m_update_scan_actions[22m | w02-switch-2.png[39m[0m
[  67% ] [90m[1m_update_scan_actions[22m | w02-switch-3.png[39m[0m
[  67% ] [90m[1m_update_scan_actions[22m | w03-map-zoomed.png[39m[0m
[  67% ] [90m[1m_update_scan_actions[22m | w04-sketchbook.png[39m[0m
[  67% ] [90m[1m_update_scan_actions[22m | w05-sketchbook-drawn.png[39m[0m
[  67% ] [90m[1m_update_scan_actions[22m | w06-3d-viewer.png[39m[0m
[  67% ] [90m[1m_update_scan_actions[22m | w07-3d-viewer-orbited.png[39m[0m
[  68% ] [90m[1m_update_scan_actions[22m | w08-video.png[39m[0m
[  68% ] [90m[1m_update_scan_actions[22m | w09-video-tile-3.png[39m[0m
[  68% ] [90m[1m_update_scan_actions[22m | w10-collection.png[39m[0m
[  68% ] [90m[1m_update_scan_actions[22m | w11-collection-dragged.png[39m[0m
[  68% ] [90m[1m_update_scan_actions[22m | w12-playground.png[39m[0m
[  68% ] [90m[1m_update_scan_actions[22m | w14-grow-0.png[39m[0m
[  68% ] [90m[1m_update_scan_actions[22m | w14-grow-1.png[39m[0m
[  68% ] [90m[1m_update_scan_actions[22m | w14-grow-2.png[39m[0m
[  68% ] [90m[1m_update_scan_actions[22m | w14-grow-3.png[39m[0m
[  68% ] [90m[1m_update_scan_actions[22m | w14-grow-4.png[39m[0m
[  68% ] [90m[1m_update_scan_actions[22m | w14-grow-5.png[39m[0m
[  68% ] [90m[1m_update_scan_actions[22m | w15-blank-page.png[39m[0m
[  68% ] [90m[1m_update_scan_actions[22m | w16-after-close.png[39m[0m
[  68% ] [90m[1m_update_scan_actions[22m | 01-desktop.png[39m[0m
[  68% ] [90m[1m_update_scan_actions[22m | 02-trade-moved.png[39m[0m
[  68% ] [90m[1m_update_scan_actions[22m | 03-hidden.png[39m[0m
[  68% ] [90m[1m_update_scan_actions[22m | 04-resumed.png[39m[0m
[  68% ] [90m[1m_update_scan_actions[22m | 05-page-1920x1000.png[39m[0m
[  68% ] [90m[1m_update_scan_actions[22m | 06-page-1440x820.png[39m[0m
[  68% ] [90m[1m_update_scan_actions[22m | 07-window-1440x900.png[39m[0m
[  68% ] [90m[1m_update_scan_actions[22m | 08-restored.png[39m[0m
[  68% ] [90m[1m_update_scan_actions[22m | layout-reference.png[39m[0m
[  68% ] [90m[1m_update_scan_actions[22m | before.png[39m[0m
[  68% ] [90m[1m_update_scan_actions[22m | compare2.png[39m[0m
[  68% ] [90m[1m_update_scan_actions[22m | edges-fixed.png[39m[0m
[  68% ] [90m[1m_update_scan_actions[22m | fengshui-original.png[39m[0m
[  68% ] [90m[1m_update_scan_actions[22m | layout-reference-in-game.png[39m[0m
[  69% ] [90m[1m_update_scan_actions[22m | layout-reference.png[39m[0m
[  69% ] [90m[1m_update_scan_actions[22m | light-profile-in-dark-mode.png[39m[0m
[  69% ] [90m[1m_update_scan_actions[22m | light-profile-scrolled.png[39m[0m
[  69% ] [90m[1m_update_scan_actions[22m | owner-dark-mode-edge.png[39m[0m
[  69% ] [90m[1m_update_scan_actions[22m | ref-aspect-scrolled.png[39m[0m
[  69% ] [90m[1m_update_scan_actions[22m | ref-aspect.png[39m[0m
[  69% ] [90m[1m_update_scan_actions[22m | window-over-arena.png[39m[0m
[  69% ] [90m[1m_update_scan_actions[22m | 3d9f131a30f625218a2916da95044aaebd6b6e2855238e5382c0e7cab314df56.jpg[39m[0m
[  69% ] [90m[1m_update_scan_actions[22m | 4bd8ca167dac068b90d487ff88e661a49c0a99936597c4d80dd9d05dcbe095a1.jpg[39m[0m
[  69% ] [90m[1m_update_scan_actions[22m | 4cf81dbe259d011496c63773d202b71f9031c1a9e6b6f055eebd43fca2f5e8fb.jpg[39m[0m
[  69% ] [90m[1m_update_scan_actions[22m | 5cbc1f879d1d1aaeb3c29f6df3d63af59547b4755dba993c6288bf6af4d62e8c.jpg[39m[0m
[  69% ] [90m[1m_update_scan_actions[22m | 5efac9ed8dcff848e3406ea7b97472c92d2d863502a76b0af5f268768acaacea.jpg[39m[0m
[  69% ] [90m[1m_update_scan_actions[22m | 6b71815d35e53282fefd515bde647b3e56277515c1c5e67d2f5b179de6761e0f.jpg[39m[0m
[  69% ] [90m[1m_update_scan_actions[22m | 8ea22adc261ccf80ee6c27c74b9f7324509f79b41adca8594de0d31739ec7ee8.jpg[39m[0m
[  69% ] [90m[1m_update_scan_actions[22m | 18d3d71d4df68ed67f69bcc16e9fcd477ee43089a5fe4811ae1a1669cc73e2cb.jpg[39m[0m
[  69% ] [90m[1m_update_scan_actions[22m | 24d1df97ce2d46431fef361b8c64be5931f752c3a553f43f2554fdcc25eb39ca.jpg[39m[0m
[  69% ] [90m[1m_update_scan_actions[22m | 031b205006f5a0190e4472fcf6b8a5738ea79d4fb28150b37f4c60a126be680e.jpg[39m[0m
[  69% ] [90m[1m_update_scan_actions[22m | 50cab9dffb58bf40a1509b7188faf64255ec2e63adc96f0f644e3e4446f242fd.jpg[39m[0m
[  69% ] [90m[1m_update_scan_actions[22m | 822cd46ceab55723737147c7defdcd27442a7ed98be5ecc07307e2876d047fb4.jpg[39m[0m
[  69% ] [90m[1m_update_scan_actions[22m | 790312c2a73943efbe8dbbb68d6f7dcd6ce841ad6a09499bc29282c5f4264d0c.jpg[39m[0m
[  69% ] [90m[1m_update_scan_actions[22m | 6651120af8f52875e77e78c49ca914ca05ef84762ae9d6017c19f47d1367215c.jpg[39m[0m
[  69% ] [90m[1m_update_scan_actions[22m | a0f1b6a4339c276b3d2884d8881d8f71ae9a0cd7e7b8f5bce2b1e5c6a2540265.jpg[39m[0m
[  69% ] [90m[1m_update_scan_actions[22m | ac49959b6009654c6b1787b725a75613e0ce2fcaacf4740215609c2a5d186513.jpg[39m[0m
[  69% ] [90m[1m_update_scan_actions[22m | c6c7910711892384a9f5d8f46fa9b602df7a92e9be7990014ecda7af0e89fb67.jpg[39m[0m
[  69% ] [90m[1m_update_scan_actions[22m | cc0cd6ddd93b488486121781f6a26b3b60cc871cdb010c775a806b3db401d0d1.jpg[39m[0m
[  69% ] [90m[1m_update_scan_actions[22m | ce5c2f8a0e385b7e0b27ebc846501aace2878965e735a655ee86d1f9dde2ec8a.jpg[39m[0m
[  69% ] [90m[1m_update_scan_actions[22m | d9f1f7bc2846d94a025f6e6657419bc575528a1715dd94a97e091a18254e5af2.jpg[39m[0m
[  70% ] [90m[1m_update_scan_actions[22m | d76d010ba6ca651f5a1e310c7e1ffab9071c1de7d88a0c37102c4a3e081a3324.jpg[39m[0m
[  70% ] [90m[1m_update_scan_actions[22m | f89dbc7091c2ec722d6ceac3037d27e90827c7849a62789aafdcd913fc5ae2ce.jpg[39m[0m
[  70% ] [90m[1m_update_scan_actions[22m | f9573b011318f634958183f6f68b7c86a8850624d42d1b2366bea79a983f0ee3.jpg[39m[0m
[  70% ] [90m[1m_update_scan_actions[22m | f14316795c64a158c56d8f25be455d7ba2a816b3ebd4fe2c26f4d74e31c82097.jpg[39m[0m
[  70% ] [90m[1m_update_scan_actions[22m | fc5f62367ffdf01e52b6dc3662f5c763c1c13ca3d1f841bfba8ef909f070edf0.jpg[39m[0m
[  70% ] [90m[1m_update_scan_actions[22m | collection-expanded.png[39m[0m
[  70% ] [90m[1m_update_scan_actions[22m | collection-hover.png[39m[0m
[  70% ] [90m[1m_update_scan_actions[22m | playground-expanded.png[39m[0m
[  70% ] [90m[1m_update_scan_actions[22m | playground-gallery.png[39m[0m
[  70% ] [90m[1m_update_scan_actions[22m | playground-hover.png[39m[0m
[  70% ] [90m[1m_update_scan_actions[22m | book-and-viewer.png[39m[0m
[  70% ] [90m[1m_update_scan_actions[22m | compact.png[39m[0m
[  70% ] [90m[1m_update_scan_actions[22m | desktop.png[39m[0m
[  70% ] [90m[1m_update_scan_actions[22m | gallery-launch.png[39m[0m
[  70% ] [90m[1m_update_scan_actions[22m | after.png[39m[0m
[  70% ] [90m[1m_update_scan_actions[22m | before.png[39m[0m
[  70% ] [90m[1m_update_scan_actions[22m | 01-viewer.png[39m[0m
[  70% ] [90m[1m_update_scan_actions[22m | 02-paused.png[39m[0m
[  70% ] [90m[1m_update_scan_actions[22m | 03-paused-later.png[39m[0m
[  70% ] [90m[1m_update_scan_actions[22m | 04-orbited.png[39m[0m
[  70% ] [90m[1m_update_scan_actions[22m | 05-zoomed.png[39m[0m
[  70% ] [90m[1m_update_scan_actions[22m | 06-window-moved.png[39m[0m
[  70% ] [90m[1m_update_scan_actions[22m | 07-catalogue-moved.png[39m[0m
[  70% ] [90m[1m_update_scan_actions[22m | 08-before-hidden.png[39m[0m
[  70% ] [90m[1m_update_scan_actions[22m | 09-hidden.png[39m[0m
[  70% ] [90m[1m_update_scan_actions[22m | 10-resumed.png[39m[0m
[  70% ] [90m[1m_update_scan_actions[22m | 11-resized.png[39m[0m
[  70% ] [90m[1m_update_scan_actions[22m | 12-restored.png[39m[0m
[  71% ] [90m[1m_update_scan_actions[22m | 13-fill-1440x820.png[39m[0m
[  71% ] [90m[1m_update_scan_actions[22m | 13-fill-1920x1000.png[39m[0m
[  71% ] [90m[1m_update_scan_actions[22m | sheet-bar.png[39m[0m
[  71% ] [90m[1m_update_scan_actions[22m | w01-launch.png[39m[0m
[  71% ] [90m[1m_update_scan_actions[22m | w02-map.png[39m[0m
[  71% ] [90m[1m_update_scan_actions[22m | w02-switch-0.png[39m[0m
[  71% ] [90m[1m_update_scan_actions[22m | w02-switch-1.png[39m[0m
[  71% ] [90m[1m_update_scan_actions[22m | w02-switch-2.png[39m[0m
[  71% ] [90m[1m_update_scan_actions[22m | w02-switch-3.png[39m[0m
[  71% ] [90m[1m_update_scan_actions[22m | w03-map-zoomed.png[39m[0m
[  71% ] [90m[1m_update_scan_actions[22m | w04-collection.png[39m[0m
[  71% ] [90m[1m_update_scan_actions[22m | w05-has-image.png[39m[0m
[  71% ] [90m[1m_update_scan_actions[22m | w06-after-card.png[39m[0m
[  71% ] [90m[1m_update_scan_actions[22m | w07-playground.png[39m[0m
[  71% ] [90m[1m_update_scan_actions[22m | w08-phone.png[39m[0m
[  71% ] [90m[1m_update_scan_actions[22m | w09-grow-0.png[39m[0m
[  71% ] [90m[1m_update_scan_actions[22m | w09-grow-1.png[39m[0m
[  71% ] [90m[1m_update_scan_actions[22m | w09-grow-2.png[39m[0m
[  71% ] [90m[1m_update_scan_actions[22m | w09-grow-3.png[39m[0m
[  71% ] [90m[1m_update_scan_actions[22m | w09-grow-4.png[39m[0m
[  71% ] [90m[1m_update_scan_actions[22m | w09-grow-5.png[39m[0m
[  71% ] [90m[1m_update_scan_actions[22m | w10-blank-page.png[39m[0m
[  71% ] [90m[1m_update_scan_actions[22m | w11-after-close.png[39m[0m
[  71% ] [90m[1m_update_scan_actions[22m | launch-0000.png[39m[0m
[  71% ] [90m[1m_update_scan_actions[22m | launch-0001.png[39m[0m
[  71% ] [90m[1m_update_scan_actions[22m | launch-0002.png[39m[0m
[  71% ] [90m[1m_update_scan_actions[22m | launch-0003.png[39m[0m
[  72% ] [90m[1m_update_scan_actions[22m | launch-0004.png[39m[0m
[  72% ] [90m[1m_update_scan_actions[22m | launch-0005.png[39m[0m
[  72% ] [90m[1m_update_scan_actions[22m | launch-0006.png[39m[0m
[  72% ] [90m[1m_update_scan_actions[22m | launch-0007.png[39m[0m
[  72% ] [90m[1m_update_scan_actions[22m | launch-0008.png[39m[0m
[  72% ] [90m[1m_update_scan_actions[22m | launch-0009.png[39m[0m
[  72% ] [90m[1m_update_scan_actions[22m | launch-0010.png[39m[0m
[  72% ] [90m[1m_update_scan_actions[22m | launch-0011.png[39m[0m
[  72% ] [90m[1m_update_scan_actions[22m | launch-0012.png[39m[0m
[  72% ] [90m[1m_update_scan_actions[22m | launch-0013.png[39m[0m
[  72% ] [90m[1m_update_scan_actions[22m | launch-0014.png[39m[0m
[  72% ] [90m[1m_update_scan_actions[22m | launch-0015.png[39m[0m
[  72% ] [90m[1m_update_scan_actions[22m | map-0000.png[39m[0m
[  72% ] [90m[1m_update_scan_actions[22m | map-0001.png[39m[0m
[  72% ] [90m[1m_update_scan_actions[22m | map-0002.png[39m[0m
[  72% ] [90m[1m_update_scan_actions[22m | map-0003.png[39m[0m
[  72% ] [90m[1m_update_scan_actions[22m | map-0004.png[39m[0m
[  72% ] [90m[1m_update_scan_actions[22m | map-0005.png[39m[0m
[  72% ] [90m[1m_update_scan_actions[22m | switch-0000.png[39m[0m
[  72% ] [90m[1m_update_scan_actions[22m | switch-0001.png[39m[0m
[  72% ] [90m[1m_update_scan_actions[22m | switch-0002.png[39m[0m
[  72% ] [90m[1m_update_scan_actions[22m | switch-0003.png[39m[0m
[  72% ] [90m[1m_update_scan_actions[22m | switch-0004.png[39m[0m
[  72% ] [90m[1m_update_scan_actions[22m | switch-0005.png[39m[0m
[  72% ] [90m[1m_update_scan_actions[22m | 01-launch.png[39m[0m
[  72% ] [90m[1m_update_scan_actions[22m | 02-map.png[39m[0m
[  72% ] [90m[1m_update_scan_actions[22m | 03-sketchbook.png[39m[0m
[  72% ] [90m[1m_update_scan_actions[22m | 04-fixed-kept.png[39m[0m
[  73% ] [90m[1m_update_scan_actions[22m | 05-stub-blank.png[39m[0m
[  73% ] [90m[1m_update_scan_actions[22m | 06-grey.png[39m[0m
[  73% ] [90m[1m_update_scan_actions[22m | 07-collection.png[39m[0m
[  73% ] [90m[1m_update_scan_actions[22m | 08-untenanted.png[39m[0m
[  73% ] [90m[1m_update_scan_actions[22m | 09-resized.png[39m[0m
[  73% ] [90m[1m_update_scan_actions[22m | 10-restored.png[39m[0m
[  73% ] [90m[1m_update_scan_actions[22m | film-launch.png[39m[0m
[  73% ] [90m[1m_update_scan_actions[22m | film-map-click.png[39m[0m
[  73% ] [90m[1m_update_scan_actions[22m | film-switch.png[39m[0m
[  73% ] [90m[1m_update_scan_actions[22m | sheet-bar.png[39m[0m
[  73% ] [90m[1m_update_scan_actions[22m | web-map.png[39m[0m
[  73% ] [90m[1m_update_scan_actions[22m | web-sketchbook.png[39m[0m
[  73% ] [90m[1m_update_scan_actions[22m | 01-desktop.png[39m[0m
[  73% ] [90m[1m_update_scan_actions[22m | 02-fill-1920x1000.png[39m[0m
[  73% ] [90m[1m_update_scan_actions[22m | 03-fill-1440x820.png[39m[0m
[  73% ] [90m[1m_update_scan_actions[22m | 04-tray-a.png[39m[0m
[  73% ] [90m[1m_update_scan_actions[22m | 05-mixed.png[39m[0m
[  73% ] [90m[1m_update_scan_actions[22m | 06-painted.png[39m[0m
[  73% ] [90m[1m_update_scan_actions[22m | 07-rested.png[39m[0m
[  73% ] [90m[1m_update_scan_actions[22m | 08-turning.png[39m[0m
[  73% ] [90m[1m_update_scan_actions[22m | 09-turned.png[39m[0m
[  73% ] [90m[1m_update_scan_actions[22m | 10-turned-back.png[39m[0m
[  73% ] [90m[1m_update_scan_actions[22m | 11-before-hidden.png[39m[0m
[  73% ] [90m[1m_update_scan_actions[22m | 12-hidden.png[39m[0m
[  73% ] [90m[1m_update_scan_actions[22m | 13-resumed.png[39m[0m
[  73% ] [90m[1m_update_scan_actions[22m | 14-resized.png[39m[0m
[  73% ] [90m[1m_update_scan_actions[22m | 15-restored.png[39m[0m
[  74% ] [90m[1m_update_scan_actions[22m | 01-layout.png[39m[0m
[  74% ] [90m[1m_update_scan_actions[22m | 02-drawn.png[39m[0m
[  74% ] [90m[1m_update_scan_actions[22m | 03-palette-interaction.png[39m[0m
[  74% ] [90m[1m_update_scan_actions[22m | 04-palette-mixing-fixed.png[39m[0m
[  74% ] [90m[1m_update_scan_actions[22m | web-painting-framed.png[39m[0m
[  74% ] [90m[1m_update_scan_actions[22m | web-painting-resized.png[39m[0m
[  74% ] [90m[1m_update_scan_actions[22m | book-shadow-overlap.png[39m[0m
[  74% ] [90m[1m_update_scan_actions[22m | compact.png[39m[0m
[  74% ] [90m[1m_update_scan_actions[22m | desktop.png[39m[0m
[  74% ] [90m[1m_update_scan_actions[22m | compact.png[39m[0m
[  74% ] [90m[1m_update_scan_actions[22m | desktop.png[39m[0m
[  74% ] [90m[1m_update_scan_actions[22m | original-frame-enlarged.png[39m[0m
[  74% ] [90m[1m_update_scan_actions[22m | palette-mixing.png[39m[0m
[  74% ] [90m[1m_update_scan_actions[22m | compact.png[39m[0m
[  74% ] [90m[1m_update_scan_actions[22m | desktop.png[39m[0m
[  74% ] [90m[1m_update_scan_actions[22m | 01-squiggle-on.png[39m[0m
[  74% ] [90m[1m_update_scan_actions[22m | 02-squiggle-off.png[39m[0m
[  74% ] [90m[1m_update_scan_actions[22m | 03-next-held-frame.png[39m[0m
[  74% ] [90m[1m_update_scan_actions[22m | 04-sculpture-orbit.png[39m[0m
[  74% ] [90m[1m_update_scan_actions[22m | 05-paint-full.png[39m[0m
[  74% ] [90m[1m_update_scan_actions[22m | 05-paint-half.png[39m[0m
[  74% ] [90m[1m_update_scan_actions[22m | spot-join.png[39m[0m
[  74% ] [90m[1m_update_scan_actions[22m | spot-line.png[39m[0m
[  74% ] [90m[1m_update_scan_actions[22m | w01-initial.png[39m[0m
[  74% ] [90m[1m_update_scan_actions[22m | w02-grow-0.png[39m[0m
[  74% ] [90m[1m_update_scan_actions[22m | w02-grow-1.png[39m[0m
[  74% ] [90m[1m_update_scan_actions[22m | w02-grow-2.png[39m[0m
[  75% ] [90m[1m_update_scan_actions[22m | w02-grow-3.png[39m[0m
[  75% ] [90m[1m_update_scan_actions[22m | w02-grow-4.png[39m[0m
[  75% ] [90m[1m_update_scan_actions[22m | w02-grow-5.png[39m[0m
[  75% ] [90m[1m_update_scan_actions[22m | w03-settled.png[39m[0m
[  75% ] [90m[1m_update_scan_actions[22m | w04-three.png[39m[0m
[  75% ] [90m[1m_update_scan_actions[22m | w05-close-0.png[39m[0m
[  75% ] [90m[1m_update_scan_actions[22m | w05-close-1.png[39m[0m
[  75% ] [90m[1m_update_scan_actions[22m | w05-close-2.png[39m[0m
[  75% ] [90m[1m_update_scan_actions[22m | w05-close-3.png[39m[0m
[  75% ] [90m[1m_update_scan_actions[22m | w05-close-4.png[39m[0m
[  75% ] [90m[1m_update_scan_actions[22m | w05-close-5.png[39m[0m
[  75% ] [90m[1m_update_scan_actions[22m | w06-after-close.png[39m[0m
[  75% ] [90m[1m_update_scan_actions[22m | web-sheet-zoom.png[39m[0m
[  75% ] [90m[1m_update_scan_actions[22m | 01-initial.png[39m[0m
[  75% ] [90m[1m_update_scan_actions[22m | 02-mid-grow.png[39m[0m
[  75% ] [90m[1m_update_scan_actions[22m | 03-connecting.png[39m[0m
[  75% ] [90m[1m_update_scan_actions[22m | 04-blank-page.png[39m[0m
[  75% ] [90m[1m_update_scan_actions[22m | 05-selected-0.png[39m[0m
[  75% ] [90m[1m_update_scan_actions[22m | 06-selected-1.png[39m[0m
[  75% ] [90m[1m_update_scan_actions[22m | 07-third-tab.png[39m[0m
[  75% ] [90m[1m_update_scan_actions[22m | 08-full-row.png[39m[0m
[  75% ] [90m[1m_update_scan_actions[22m | 09-closed-last.png[39m[0m
[  75% ] [90m[1m_update_scan_actions[22m | 10-closed-second.png[39m[0m
[  75% ] [90m[1m_update_scan_actions[22m | 11-all-closed.png[39m[0m
[  75% ] [90m[1m_update_scan_actions[22m | 12-reopened.png[39m[0m
[  75% ] [90m[1m_update_scan_actions[22m | 13-fixed-open.png[39m[0m
[  75% ] [90m[1m_update_scan_actions[22m | 14-fixed-kept.png[39m[0m
[  75% ] [90m[1m_update_scan_actions[22m | 15-after-fixed-stub.png[39m[0m
[  76% ] [90m[1m_update_scan_actions[22m | active-tab-2x.png[39m[0m
[  76% ] [90m[1m_update_scan_actions[22m | fade-sheet.png[39m[0m
[  76% ] [90m[1m_update_scan_actions[22m | 01-collection-selected.png[39m[0m
[  76% ] [90m[1m_update_scan_actions[22m | 02-map-selected.png[39m[0m
[  76% ] [90m[1m_update_scan_actions[22m | 03-collection-reselected.png[39m[0m
[  76% ] [90m[1m_update_scan_actions[22m | reveal-steady.png[39m[0m
[  76% ] [90m[1m_update_scan_actions[22m | selected-720x486.png[39m[0m
[  76% ] [90m[1m_update_scan_actions[22m | selected-1920x1080.png[39m[0m
[  76% ] [90m[1m_update_scan_actions[22m | 01-launch.png[39m[0m
[  76% ] [90m[1m_update_scan_actions[22m | bar-01-launch.png[39m[0m
[  76% ] [90m[1m_update_scan_actions[22m | bar-02-map-selected.png[39m[0m
[  76% ] [90m[1m_update_scan_actions[22m | bar-03-new-tab.png[39m[0m
[  76% ] [90m[1m_update_scan_actions[22m | bar-04-sketchbook-selected.png[39m[0m
[  76% ] [90m[1m_update_scan_actions[22m | variant-A-stub-grey.png[39m[0m
[  76% ] [90m[1m_update_scan_actions[22m | variant-B-light-grey.png[39m[0m
[  76% ] [90m[1m_update_scan_actions[22m | variant-C-stub-grey-raised.png[39m[0m
[  76% ] [90m[1m_update_scan_actions[22m | variant-D-deeper-grey.png[39m[0m
[  76% ] [90m[1m_update_scan_actions[22m | after.png[39m[0m
[  76% ] [90m[1m_update_scan_actions[22m | before.png[39m[0m
[  76% ] [90m[1m_update_scan_actions[22m | browser-small.png[39m[0m
[  76% ] [90m[1m_update_scan_actions[22m | 01-shown.png[39m[0m
[  76% ] [90m[1m_update_scan_actions[22m | 02-playing.png[39m[0m
[  76% ] [90m[1m_update_scan_actions[22m | 03-tile-3.png[39m[0m
[  76% ] [90m[1m_update_scan_actions[22m | 04-paused.png[39m[0m
[  76% ] [90m[1m_update_scan_actions[22m | 05-paused-20.png[39m[0m
[  76% ] [90m[1m_update_scan_actions[22m | 06-seeked.png[39m[0m
[  76% ] [90m[1m_update_scan_actions[22m | 07-fullscreen.png[39m[0m
[  77% ] [90m[1m_update_scan_actions[22m | 08-windowed.png[39m[0m
[  77% ] [90m[1m_update_scan_actions[22m | 09-viewer-moved.png[39m[0m
[  77% ] [90m[1m_update_scan_actions[22m | 10-before-hidden.png[39m[0m
[  77% ] [90m[1m_update_scan_actions[22m | 11-hidden.png[39m[0m
[  77% ] [90m[1m_update_scan_actions[22m | 12-resumed.png[39m[0m
[  77% ] [90m[1m_update_scan_actions[22m | 13-resized.png[39m[0m
[  77% ] [90m[1m_update_scan_actions[22m | 14-fill-1440x820.png[39m[0m
[  77% ] [90m[1m_update_scan_actions[22m | 14-fill-1920x1000.png[39m[0m
[  77% ] [90m[1m_update_scan_actions[22m | browser-shell-720.png[39m[0m
[  77% ] [90m[1m_update_scan_actions[22m | browser-start.png[39m[0m
[  77% ] [90m[1m_update_scan_actions[22m | candidate-annotated.png[39m[0m
[  77% ] [90m[1m_update_scan_actions[22m | candidate-viewport.png[39m[0m
[  77% ] [90m[1m_update_scan_actions[22m | comparison-video-986s.png[39m[0m
[  77% ] [90m[1m_update_scan_actions[22m | owner-current-annotated.png[39m[0m
[  77% ] [90m[1m_update_scan_actions[22m | owner-current-viewport.png[39m[0m
[  77% ] [90m[1m_update_scan_actions[22m | reference-annotated.png[39m[0m
[  77% ] [90m[1m_update_scan_actions[22m | reference-viewport.png[39m[0m
[  77% ] [90m[1m_update_scan_actions[22m | candidate-room.png[39m[0m
[  77% ] [90m[1m_update_scan_actions[22m | home-light-shapes.png[39m[0m
[  77% ] [90m[1m_update_scan_actions[22m | home-materials.png[39m[0m
[  77% ] [90m[1m_update_scan_actions[22m | home-room.png[39m[0m
[  77% ] [90m[1m_update_scan_actions[22m | owner-room.png[39m[0m
[  77% ] [90m[1m_update_scan_actions[22m | white-contact.png[39m[0m
[  77% ] [90m[1m_update_scan_actions[22m | white-vault.png[39m[0m
[  77% ] [90m[1m_update_scan_actions[22m | 00-idle.png[39m[0m
[  77% ] [90m[1m_update_scan_actions[22m | 10-small.png[39m[0m
[  77% ] [90m[1m_update_scan_actions[22m | current-foot-crops.png[39m[0m
[  77% ] [90m[1m_update_scan_actions[22m | light-center-return.png[39m[0m
[  78% ] [90m[1m_update_scan_actions[22m | light-center.png[39m[0m
[  78% ] [90m[1m_update_scan_actions[22m | light-left.png[39m[0m
[  78% ] [90m[1m_update_scan_actions[22m | light-right.png[39m[0m
[  78% ] [90m[1m_update_scan_actions[22m | owner-foot-gap-annotated.png[39m[0m
[  78% ] [90m[1m_update_scan_actions[22m | owner-original.png[39m[0m
[  78% ] [90m[1m_update_scan_actions[22m | reference-5730-5734.png[39m[0m
[  78% ] [90m[1m_update_scan_actions[22m | reference-contact.png[39m[0m
[  78% ] [90m[1m_update_scan_actions[22m | reference-moving-5900.png[39m[0m
[  78% ] [90m[1m_update_scan_actions[22m | reversal-consecutive.png[39m[0m
[  78% ] [90m[1m_update_scan_actions[22m | video-982.png[39m[0m
[  78% ] [90m[1m_update_scan_actions[22m | video-1800.png[39m[0m
[  78% ] [90m[1m_update_scan_actions[22m | video-3452.png[39m[0m
[  78% ] [90m[1m_update_scan_actions[22m | video-3540.png[39m[0m
[  78% ] [90m[1m_update_scan_actions[22m | video-3660.png[39m[0m
[  78% ] [90m[1m_update_scan_actions[22m | video-4800.png[39m[0m
[  78% ] [90m[1m_update_scan_actions[22m | video-6600.png[39m[0m
[  78% ] [90m[1m_update_scan_actions[22m | chat.png[39m[0m
[  78% ] [90m[1m_update_scan_actions[22m | itinerary.png[39m[0m
[  78% ] [90m[1m_update_scan_actions[22m | minimap.png[39m[0m
[  78% ] [90m[1m_update_scan_actions[22m | notification.png[39m[0m
[  78% ] [90m[1m_update_scan_actions[22m | 0-0-field.png[39m[0m
[  78% ] [90m[1m_update_scan_actions[22m | 0-1-field.png[39m[0m
[  78% ] [90m[1m_update_scan_actions[22m | 0-2-field.png[39m[0m
[  78% ] [90m[1m_update_scan_actions[22m | 0-3-field.png[39m[0m
[  78% ] [90m[1m_update_scan_actions[22m | 0-4-field.png[39m[0m
[  78% ] [90m[1m_update_scan_actions[22m | 0-5-field.png[39m[0m
[  78% ] [90m[1m_update_scan_actions[22m | 1-0-field.png[39m[0m
[  79% ] [90m[1m_update_scan_actions[22m | 1-1-field.png[39m[0m
[  79% ] [90m[1m_update_scan_actions[22m | 1-2-field.png[39m[0m
[  79% ] [90m[1m_update_scan_actions[22m | 1-3-field.png[39m[0m
[  79% ] [90m[1m_update_scan_actions[22m | 1-4-field.png[39m[0m
[  79% ] [90m[1m_update_scan_actions[22m | 1-5-field.png[39m[0m
[  79% ] [90m[1m_update_scan_actions[22m | 2-0-field.png[39m[0m
[  79% ] [90m[1m_update_scan_actions[22m | 2-1-field.png[39m[0m
[  79% ] [90m[1m_update_scan_actions[22m | 2-2-field.png[39m[0m
[  79% ] [90m[1m_update_scan_actions[22m | 2-3-field.png[39m[0m
[  79% ] [90m[1m_update_scan_actions[22m | 2-4-field.png[39m[0m
[  79% ] [90m[1m_update_scan_actions[22m | 2-5-field.png[39m[0m
[  79% ] [90m[1m_update_scan_actions[22m | 3-0-field.png[39m[0m
[  79% ] [90m[1m_update_scan_actions[22m | 3-1-field.png[39m[0m
[  79% ] [90m[1m_update_scan_actions[22m | 3-2-field.png[39m[0m
[  79% ] [90m[1m_update_scan_actions[22m | 3-3-field.png[39m[0m
[  79% ] [90m[1m_update_scan_actions[22m | 3-4-field.png[39m[0m
[  79% ] [90m[1m_update_scan_actions[22m | 3-5-field.png[39m[0m
[  79% ] [90m[1m_update_scan_actions[22m | 4-0-field.png[39m[0m
[  79% ] [90m[1m_update_scan_actions[22m | 4-1-field.png[39m[0m
[  79% ] [90m[1m_update_scan_actions[22m | 4-2-field.png[39m[0m
[  79% ] [90m[1m_update_scan_actions[22m | 4-3-field.png[39m[0m
[  79% ] [90m[1m_update_scan_actions[22m | 4-4-field.png[39m[0m
[  79% ] [90m[1m_update_scan_actions[22m | 4-5-field.png[39m[0m
[  79% ] [90m[1m_update_scan_actions[22m | 5-0-field.png[39m[0m
[  79% ] [90m[1m_update_scan_actions[22m | 5-1-field.png[39m[0m
[  79% ] [90m[1m_update_scan_actions[22m | 5-2-field.png[39m[0m
[  79% ] [90m[1m_update_scan_actions[22m | 5-3-field.png[39m[0m
[  80% ] [90m[1m_update_scan_actions[22m | 5-4-field.png[39m[0m
[  80% ] [90m[1m_update_scan_actions[22m | 5-5-field.png[39m[0m
[  80% ] [90m[1m_update_scan_actions[22m | 6-0-field.png[39m[0m
[  80% ] [90m[1m_update_scan_actions[22m | 6-1-field.png[39m[0m
[  80% ] [90m[1m_update_scan_actions[22m | 6-2-field.png[39m[0m
[  80% ] [90m[1m_update_scan_actions[22m | 6-3-field.png[39m[0m
[  80% ] [90m[1m_update_scan_actions[22m | 6-4-field.png[39m[0m
[  80% ] [90m[1m_update_scan_actions[22m | 6-5-field.png[39m[0m
[  80% ] [90m[1m_update_scan_actions[22m | 7-0-field.png[39m[0m
[  80% ] [90m[1m_update_scan_actions[22m | 7-1-field.png[39m[0m
[  80% ] [90m[1m_update_scan_actions[22m | 7-2-field.png[39m[0m
[  80% ] [90m[1m_update_scan_actions[22m | 7-3-field.png[39m[0m
[  80% ] [90m[1m_update_scan_actions[22m | 7-4-field.png[39m[0m
[  80% ] [90m[1m_update_scan_actions[22m | 7-5-field.png[39m[0m
[  80% ] [90m[1m_update_scan_actions[22m | africa-annotations.png[39m[0m
[  80% ] [90m[1m_update_scan_actions[22m | africa-labels.png[39m[0m
[  80% ] [90m[1m_update_scan_actions[22m | africa.png[39m[0m
[  80% ] [90m[1m_update_scan_actions[22m | asia-annotations.png[39m[0m
[  80% ] [90m[1m_update_scan_actions[22m | asia-labels.png[39m[0m
[  80% ] [90m[1m_update_scan_actions[22m | asia.png[39m[0m
[  80% ] [90m[1m_update_scan_actions[22m | australia-annotations.png[39m[0m
[  80% ] [90m[1m_update_scan_actions[22m | australia-labels.png[39m[0m
[  80% ] [90m[1m_update_scan_actions[22m | australia.png[39m[0m
[  80% ] [90m[1m_update_scan_actions[22m | canada-annotations.png[39m[0m
[  80% ] [90m[1m_update_scan_actions[22m | canada-labels.png[39m[0m
[  80% ] [90m[1m_update_scan_actions[22m | canada.png[39m[0m
[  80% ] [90m[1m_update_scan_actions[22m | caribbean-annotations.png[39m[0m
[  80% ] [90m[1m_update_scan_actions[22m | caribbean-labels.png[39m[0m
[  81% ] [90m[1m_update_scan_actions[22m | caribbean.png[39m[0m
[  81% ] [90m[1m_update_scan_actions[22m | demo-marker-8.jpg[39m[0m
[  81% ] [90m[1m_update_scan_actions[22m | demo-marker-14.jpg[39m[0m
[  81% ] [90m[1m_update_scan_actions[22m | europe-annotations.png[39m[0m
[  81% ] [90m[1m_update_scan_actions[22m | europe-labels.png[39m[0m
[  81% ] [90m[1m_update_scan_actions[22m | europe.png[39m[0m
[  81% ] [90m[1m_update_scan_actions[22m | middle-east-annotations.png[39m[0m
[  81% ] [90m[1m_update_scan_actions[22m | middle-east-labels.png[39m[0m
[  81% ] [90m[1m_update_scan_actions[22m | middle-east.png[39m[0m
[  81% ] [90m[1m_update_scan_actions[22m | russia-annotations.png[39m[0m
[  81% ] [90m[1m_update_scan_actions[22m | russia-labels.png[39m[0m
[  81% ] [90m[1m_update_scan_actions[22m | russia.png[39m[0m
[  81% ] [90m[1m_update_scan_actions[22m | south-america-annotations.png[39m[0m
[  81% ] [90m[1m_update_scan_actions[22m | south-america-labels.png[39m[0m
[  81% ] [90m[1m_update_scan_actions[22m | south-america.png[39m[0m
[  81% ] [90m[1m_update_scan_actions[22m | terrain.png[39m[0m
[  81% ] [90m[1m_update_scan_actions[22m | usa-annotations.png[39m[0m
[  81% ] [90m[1m_update_scan_actions[22m | usa-labels.png[39m[0m
[  81% ] [90m[1m_update_scan_actions[22m | usa.png[39m[0m
[  81% ] [90m[1m_update_scan_actions[22m | window-frame.png[39m[0m
[  81% ] [90m[1m_update_scan_actions[22m | world-badges.png[39m[0m
[  81% ] [90m[1m_update_scan_actions[22m | PixelMplus12-Regular.ttf[39m[0m
[  81% ] [90m[1m_update_scan_actions[22m | title.png[39m[0m
[  81% ] [90m[1m_update_scan_actions[22m | PixelMplus12-Regular.ttf[39m[0m
[  81% ] [90m[1m_update_scan_actions[22m | chat.png[39m[0m
[  81% ] [90m[1m_update_scan_actions[22m | fengshui.png[39m[0m
[  81% ] [90m[1m_update_scan_actions[22m | filters.png[39m[0m
[  82% ] [90m[1m_update_scan_actions[22m | options.png[39m[0m
[  82% ] [90m[1m_update_scan_actions[22m | phone.png[39m[0m
[  82% ] [90m[1m_update_scan_actions[22m | postpet.png[39m[0m
[  82% ] [90m[1m_update_scan_actions[22m | sketchbook-journal.png[39m[0m
[  82% ] [90m[1m_update_scan_actions[22m | trade.png[39m[0m
[  82% ] [90m[1m_update_scan_actions[22m | websurfer-window.webp[39m[0m
[  82% ] [90m[1m_update_scan_actions[22m | sidebar.png[39m[0m
[  82% ] [90m[1m_update_scan_actions[22m | background.png[39m[0m
[  82% ] [90m[1m_update_scan_actions[22m | timer-source.png[39m[0m
[  82% ] [90m[1m_update_scan_actions[22m | audio.png[39m[0m
[  82% ] [90m[1m_update_scan_actions[22m | menu.png[39m[0m
[  82% ] [90m[1m_update_scan_actions[22m | next.png[39m[0m
[  82% ] [90m[1m_update_scan_actions[22m | play-pause.png[39m[0m
[  82% ] [90m[1m_update_scan_actions[22m | previous.png[39m[0m
[  82% ] [90m[1m_update_scan_actions[22m | scrubber.png[39m[0m
[  82% ] [90m[1m_update_scan_actions[22m | track-empty.png[39m[0m
[  82% ] [90m[1m_update_scan_actions[22m | track-fill.png[39m[0m
[  82% ] [90m[1m_update_scan_actions[22m | 3124123123.jpg[39m[0m
[  82% ] [90m[1m_update_scan_actions[22m | proton-buddha-3124123123.glb[39m[0m
[  82% ] [90m[1m_update_scan_actions[22m | 01-staff.png[39m[0m
[  82% ] [90m[1m_update_scan_actions[22m | 02-green-sculpture.png[39m[0m
[  82% ] [90m[1m_update_scan_actions[22m | 03-horse-rider.png[39m[0m
[  82% ] [90m[1m_update_scan_actions[22m | 04-gold-couch.png[39m[0m
[  82% ] [90m[1m_update_scan_actions[22m | 05-bust.png[39m[0m
[  82% ] [90m[1m_update_scan_actions[22m | 06-bowl.png[39m[0m
[  82% ] [90m[1m_update_scan_actions[22m | 07-bull.png[39m[0m
[  82% ] [90m[1m_update_scan_actions[22m | 08-dog.png[39m[0m
[  82% ] [90m[1m_update_scan_actions[22m | 1264886.png[39m[0m
[  83% ] [90m[1m_update_scan_actions[22m | 1344456.png[39m[0m
[  83% ] [90m[1m_update_scan_actions[22m | 1487831.png[39m[0m
[  83% ] [90m[1m_update_scan_actions[22m | 1532371.png[39m[0m
[  83% ] [90m[1m_update_scan_actions[22m | 1548171.png[39m[0m
[  83% ] [90m[1m_update_scan_actions[22m | 1552311.png[39m[0m
[  83% ] [90m[1m_update_scan_actions[22m | 1554066.png[39m[0m
[  83% ] [90m[1m_update_scan_actions[22m | 1557236.png[39m[0m
[  83% ] [90m[1m_update_scan_actions[22m | 1573591.png[39m[0m
[  83% ] [90m[1m_update_scan_actions[22m | 1581601.png[39m[0m
[  83% ] [90m[1m_update_scan_actions[22m | panel-2x.png[39m[0m
[  83% ] [90m[1m_update_scan_actions[22m | page.png[39m[0m
[  83% ] [90m[1m_update_scan_actions[22m | documents.png[39m[0m
[  83% ] [90m[1m_update_scan_actions[22m | downloads.png[39m[0m
[  83% ] [90m[1m_update_scan_actions[22m | do_not_open.png[39m[0m
[  83% ] [90m[1m_update_scan_actions[22m | nextrooms.png[39m[0m
[  83% ] [90m[1m_update_scan_actions[22m | screensavers.png[39m[0m
[  83% ] [90m[1m_update_scan_actions[22m | wastebin.png[39m[0m
[  83% ] [90m[1m_update_scan_actions[22m | websurfer2.png[39m[0m
[  83% ] [90m[1m_update_scan_actions[22m | top-header-placeholder.png[39m[0m
[  83% ] [90m[1m_update_scan_actions[22m | room.exr[39m[0m
[  83% ] [90m[1m_update_scan_actions[22m | white.exr[39m[0m
[  83% ] [90m[1m_update_scan_actions[22m | E1.jpg[39m[0m
[  83% ] [90m[1m_update_scan_actions[22m | E2.jpg[39m[0m
[  83% ] [90m[1m_update_scan_actions[22m | E3.jpg[39m[0m
[  83% ] [90m[1m_update_scan_actions[22m | E4.jpg[39m[0m
[  83% ] [90m[1m_update_scan_actions[22m | E5.jpg[39m[0m
[  83% ] [90m[1m_update_scan_actions[22m | E6.jpg[39m[0m
[  84% ] [90m[1m_update_scan_actions[22m | E7.jpg[39m[0m
[  84% ] [90m[1m_update_scan_actions[22m | E8.jpg[39m[0m
[  84% ] [90m[1m_update_scan_actions[22m | E9.jpg[39m[0m
[  84% ] [90m[1m_update_scan_actions[22m | N1.jpg[39m[0m
[  84% ] [90m[1m_update_scan_actions[22m | N2.jpg[39m[0m
[  84% ] [90m[1m_update_scan_actions[22m | S1.jpg[39m[0m
[  84% ] [90m[1m_update_scan_actions[22m | S2.jpg[39m[0m
[  84% ] [90m[1m_update_scan_actions[22m | W1.jpg[39m[0m
[  84% ] [90m[1m_update_scan_actions[22m | W2.jpg[39m[0m
[  84% ] [90m[1m_update_scan_actions[22m | W3.jpg[39m[0m
[  84% ] [90m[1m_update_scan_actions[22m | W4.jpg[39m[0m
[  84% ] [90m[1m_update_scan_actions[22m | W5.jpg[39m[0m
[  84% ] [90m[1m_update_scan_actions[22m | W6.jpg[39m[0m
[  84% ] [90m[1m_update_scan_actions[22m | W7.jpg[39m[0m
[  84% ] [90m[1m_update_scan_actions[22m | W8.jpg[39m[0m
[  84% ] [90m[1m_update_scan_actions[22m | W9.jpg[39m[0m
[  84% ] [90m[1m_update_scan_actions[22m | W10.jpg[39m[0m
[  84% ] [90m[1m_update_scan_actions[22m | E1.jpg[39m[0m
[  84% ] [90m[1m_update_scan_actions[22m | E2.jpg[39m[0m
[  84% ] [90m[1m_update_scan_actions[22m | E3.jpg[39m[0m
[  84% ] [90m[1m_update_scan_actions[22m | E4.jpg[39m[0m
[  84% ] [90m[1m_update_scan_actions[22m | E5.jpg[39m[0m
[  84% ] [90m[1m_update_scan_actions[22m | E6.jpg[39m[0m
[  84% ] [90m[1m_update_scan_actions[22m | E7.jpg[39m[0m
[  84% ] [90m[1m_update_scan_actions[22m | E8.jpg[39m[0m
[  84% ] [90m[1m_update_scan_actions[22m | E9.jpg[39m[0m
[  84% ] [90m[1m_update_scan_actions[22m | N1.jpg[39m[0m
[  85% ] [90m[1m_update_scan_actions[22m | N2.jpg[39m[0m
[  85% ] [90m[1m_update_scan_actions[22m | S1.jpg[39m[0m
[  85% ] [90m[1m_update_scan_actions[22m | S2.jpg[39m[0m
[  85% ] [90m[1m_update_scan_actions[22m | W1.jpg[39m[0m
[  85% ] [90m[1m_update_scan_actions[22m | W2.jpg[39m[0m
[  85% ] [90m[1m_update_scan_actions[22m | W3.jpg[39m[0m
[  85% ] [90m[1m_update_scan_actions[22m | W4.jpg[39m[0m
[  85% ] [90m[1m_update_scan_actions[22m | W5.jpg[39m[0m
[  85% ] [90m[1m_update_scan_actions[22m | W6.jpg[39m[0m
[  85% ] [90m[1m_update_scan_actions[22m | W7.jpg[39m[0m
[  85% ] [90m[1m_update_scan_actions[22m | W8.jpg[39m[0m
[  85% ] [90m[1m_update_scan_actions[22m | W9.jpg[39m[0m
[  85% ] [90m[1m_update_scan_actions[22m | W10.jpg[39m[0m
[  85% ] [90m[1m_update_scan_actions[22m | E1.png[39m[0m
[  85% ] [90m[1m_update_scan_actions[22m | E2.png[39m[0m
[  85% ] [90m[1m_update_scan_actions[22m | E3.png[39m[0m
[  85% ] [90m[1m_update_scan_actions[22m | E4.png[39m[0m
[  85% ] [90m[1m_update_scan_actions[22m | E5.png[39m[0m
[  85% ] [90m[1m_update_scan_actions[22m | E6.png[39m[0m
[  85% ] [90m[1m_update_scan_actions[22m | E7.png[39m[0m
[  85% ] [90m[1m_update_scan_actions[22m | E8.png[39m[0m
[  85% ] [90m[1m_update_scan_actions[22m | E9.png[39m[0m
[  85% ] [90m[1m_update_scan_actions[22m | N1.png[39m[0m
[  85% ] [90m[1m_update_scan_actions[22m | N2.png[39m[0m
[  85% ] [90m[1m_update_scan_actions[22m | S1.png[39m[0m
[  85% ] [90m[1m_update_scan_actions[22m | S2.png[39m[0m
[  85% ] [90m[1m_update_scan_actions[22m | W1.png[39m[0m
[  85% ] [90m[1m_update_scan_actions[22m | W2.png[39m[0m
[  86% ] [90m[1m_update_scan_actions[22m | W3.png[39m[0m
[  86% ] [90m[1m_update_scan_actions[22m | W4.png[39m[0m
[  86% ] [90m[1m_update_scan_actions[22m | W5.png[39m[0m
[  86% ] [90m[1m_update_scan_actions[22m | W6-shaped.png[39m[0m
[  86% ] [90m[1m_update_scan_actions[22m | W7.png[39m[0m
[  86% ] [90m[1m_update_scan_actions[22m | W8.png[39m[0m
[  86% ] [90m[1m_update_scan_actions[22m | W9.png[39m[0m
[  86% ] [90m[1m_update_scan_actions[22m | W10.png[39m[0m
[  86% ] [90m[1m_update_scan_actions[22m | Rogue.source.glb[39m[0m
[  86% ] [90m[1m_update_scan_actions[22m | rogue_control_godot.png[39m[0m
[  86% ] [90m[1m_update_scan_actions[22m | visitor_identity.glb[39m[0m
[  86% ] [90m[1m_update_scan_actions[22m | visitor_identity_godot.png[39m[0m
[  86% ] [90m[1m_update_scan_actions[22m | visitor_identity_preview.png[39m[0m
[  86% ] [90m[1m_update_scan_actions[22m | visitor_identity_walk_preview.png[39m[0m
[  86% ] [90m[1m_update_scan_actions[22m | 00.png[39m[0m
[  86% ] [90m[1m_update_scan_actions[22m | 01.png[39m[0m
[  86% ] [90m[1m_update_scan_actions[22m | 02.png[39m[0m
[  86% ] [90m[1m_update_scan_actions[22m | 03.png[39m[0m
[  86% ] [90m[1m_update_scan_actions[22m | 04.png[39m[0m
[  86% ] [90m[1m_update_scan_actions[22m | 05.png[39m[0m
[  86% ] [90m[1m_update_scan_actions[22m | 06.png[39m[0m
[  86% ] [90m[1m_update_scan_actions[22m | 07.png[39m[0m
[  86% ] [90m[1m_update_scan_actions[22m | 08.png[39m[0m
[  86% ] [90m[1m_update_scan_actions[22m | 09.png[39m[0m
[  86% ] [90m[1m_update_scan_actions[22m | 10.png[39m[0m
[  86% ] [90m[1m_update_scan_actions[22m | 11.png[39m[0m
[  86% ] [90m[1m_update_scan_actions[22m | 12.png[39m[0m
[  87% ] [90m[1m_update_scan_actions[22m | 13.png[39m[0m
[  87% ] [90m[1m_update_scan_actions[22m | 14.png[39m[0m
[  87% ] [90m[1m_update_scan_actions[22m | 15.png[39m[0m
[  87% ] [90m[1m_update_scan_actions[22m | 16.png[39m[0m
[  87% ] [90m[1m_update_scan_actions[22m | 17.png[39m[0m
[  87% ] [90m[1m_update_scan_actions[22m | 18.png[39m[0m
[  87% ] [90m[1m_update_scan_actions[22m | 19.png[39m[0m
[  87% ] [90m[1m_update_scan_actions[22m | 20.png[39m[0m
[  87% ] [90m[1m_update_scan_actions[22m | 21.png[39m[0m
[  87% ] [90m[1m_update_scan_actions[22m | 22.png[39m[0m
[  87% ] [90m[1m_update_scan_actions[22m | 23.png[39m[0m
[  87% ] [90m[1m_update_scan_actions[22m | 24.png[39m[0m
[  87% ] [90m[1m_update_scan_actions[22m | 25.png[39m[0m
[  87% ] [90m[1m_update_scan_actions[22m | 26.png[39m[0m
[  87% ] [90m[1m_update_scan_actions[22m | 27.png[39m[0m
[  87% ] [90m[1m_update_scan_actions[22m | 28.png[39m[0m
[  87% ] [90m[1m_update_scan_actions[22m | 29.png[39m[0m
[  87% ] [90m[1m_update_scan_actions[22m | 30.png[39m[0m
[  87% ] [90m[1m_update_scan_actions[22m | 31.png[39m[0m
[  87% ] [90m[1m_update_scan_actions[22m | 32.png[39m[0m
[  87% ] [90m[1m_update_scan_actions[22m | 33.png[39m[0m
[  87% ] [90m[1m_update_scan_actions[22m | 34.png[39m[0m
[  87% ] [90m[1m_update_scan_actions[22m | 35.png[39m[0m
[  87% ] [90m[1m_update_scan_actions[22m | 36.png[39m[0m
[  87% ] [90m[1m_update_scan_actions[22m | 37.png[39m[0m
[  87% ] [90m[1m_update_scan_actions[22m | 38.png[39m[0m
[  87% ] [90m[1m_update_scan_actions[22m | 39.png[39m[0m
[  87% ] [90m[1m_update_scan_actions[22m | 40.png[39m[0m
[  88% ] [90m[1m_update_scan_actions[22m | 41.png[39m[0m
[  88% ] [90m[1m_update_scan_actions[22m | 42.png[39m[0m
[  88% ] [90m[1m_update_scan_actions[22m | 43.png[39m[0m
[  88% ] [90m[1m_update_scan_actions[22m | 44.png[39m[0m
[  88% ] [90m[1m_update_scan_actions[22m | 45.png[39m[0m
[  88% ] [90m[1m_update_scan_actions[22m | 46.png[39m[0m
[  88% ] [90m[1m_update_scan_actions[22m | 47.png[39m[0m
[  88% ] [90m[1m_update_scan_actions[22m | visitor.glb[39m[0m
[  88% ] [90m[1m_update_scan_actions[22m | visitor_rogue_texture.png[39m[0m
[  88% ] [90m[1m_update_scan_actions[22m | cancel.ogg[39m[0m
[  88% ] [90m[1m_update_scan_actions[22m | cursor.ogg[39m[0m
[  88% ] [90m[1m_update_scan_actions[22m | door.ogg[39m[0m
[  88% ] [90m[1m_update_scan_actions[22m | item_select.ogg[39m[0m
[  88% ] [90m[1m_update_scan_actions[22m | menu_close.ogg[39m[0m
[  88% ] [90m[1m_update_scan_actions[22m | menu_open.ogg[39m[0m
[  88% ] [90m[1m_update_scan_actions[22m | pickup.ogg[39m[0m
[  88% ] [90m[1m_update_scan_actions[22m | select.ogg[39m[0m
[  88% ] [90m[1m_update_scan_actions[22m | step_ground_01.ogg[39m[0m
[  88% ] [90m[1m_update_scan_actions[22m | step_ground_02.ogg[39m[0m
[  88% ] [90m[1m_update_scan_actions[22m | step_ground_03.ogg[39m[0m
[  88% ] [90m[1m_update_scan_actions[22m | step_ground_04.ogg[39m[0m
[  88% ] [90m[1m_update_scan_actions[22m | step_wood_01.ogg[39m[0m
[  88% ] [90m[1m_update_scan_actions[22m | step_wood_02.ogg[39m[0m
[  88% ] [90m[1m_update_scan_actions[22m | step_wood_03.ogg[39m[0m
[  88% ] [90m[1m_update_scan_actions[22m | step_wood_04.ogg[39m[0m
[  88% ] [90m[1m_update_scan_actions[22m | step_wood_05.ogg[39m[0m
[  88% ] [90m[1m_update_scan_actions[22m | step_wood_06.ogg[39m[0m
[  89% ] [90m[1m_update_scan_actions[22m | door-arch.jpg[39m[0m
[  89% ] [90m[1m_update_scan_actions[22m | door-far.jpg[39m[0m
[  89% ] [90m[1m_update_scan_actions[22m | floor.png[39m[0m
[  89% ] [90m[1m_update_scan_actions[22m | oak-muse.webp[39m[0m
[  89% ] [90m[1m_update_scan_actions[22m | oak.png[39m[0m
[  89% ] [90m[1m_update_scan_actions[22m | skylight.png[39m[0m
[  89% ] [90m[1m_update_scan_actions[22m | stone.png[39m[0m
[  89% ] [90m[1m_update_scan_actions[22m | wall-muse.webp[39m[0m
[  89% ] [90m[1m_update_scan_actions[22m | wall.png[39m[0m
[  89% ] [90m[1m_update_scan_actions[22m | idle.webp[39m[0m
[  89% ] [90m[1m_update_scan_actions[22m | look-01.png[39m[0m
[  89% ] [90m[1m_update_scan_actions[22m | look-02.png[39m[0m
[  89% ] [90m[1m_update_scan_actions[22m | look-03.png[39m[0m
[  89% ] [90m[1m_update_scan_actions[22m | look-04.png[39m[0m
[  89% ] [90m[1m_update_scan_actions[22m | look-05.png[39m[0m
[  89% ] [90m[1m_update_scan_actions[22m | look-06.png[39m[0m
[  89% ] [90m[1m_update_scan_actions[22m | look-07.png[39m[0m
[  89% ] [90m[1m_update_scan_actions[22m | look-08.png[39m[0m
[  89% ] [90m[1m_update_scan_actions[22m | look-09.png[39m[0m
[  89% ] [90m[1m_update_scan_actions[22m | look-10.png[39m[0m
[  89% ] [90m[1m_update_scan_actions[22m | look-11.png[39m[0m
[  89% ] [90m[1m_update_scan_actions[22m | look-12.png[39m[0m
[  89% ] [90m[1m_update_scan_actions[22m | look-13.png[39m[0m
[  89% ] [90m[1m_update_scan_actions[22m | look-14.png[39m[0m
[  89% ] [90m[1m_update_scan_actions[22m | look-15.png[39m[0m
[  89% ] [90m[1m_update_scan_actions[22m | look-16.png[39m[0m
[  89% ] [90m[1m_update_scan_actions[22m | look-17.png[39m[0m
[  90% ] [90m[1m_update_scan_actions[22m | look-18.png[39m[0m
[  90% ] [90m[1m_update_scan_actions[22m | walk-01.png[39m[0m
[  90% ] [90m[1m_update_scan_actions[22m | walk-02.png[39m[0m
[  90% ] [90m[1m_update_scan_actions[22m | walk-03.png[39m[0m
[  90% ] [90m[1m_update_scan_actions[22m | walk-04.png[39m[0m
[  90% ] [90m[1m_update_scan_actions[22m | walk-05.png[39m[0m
[  90% ] [90m[1m_update_scan_actions[22m | walk-06.png[39m[0m
[  90% ] [90m[1m_update_scan_actions[22m | walk-07.png[39m[0m
[  90% ] [90m[1m_update_scan_actions[22m | walk-08.png[39m[0m
[  90% ] [90m[1m_update_scan_actions[22m | walk-09.png[39m[0m
[  90% ] [90m[1m_update_scan_actions[22m | walk-10.png[39m[0m
[  90% ] [90m[1m_update_scan_actions[22m | walk-11.png[39m[0m
[  90% ] [90m[1m_update_scan_actions[22m | walk-12.png[39m[0m
[  90% ] [90m[1m_update_scan_actions[22m | walk-13.png[39m[0m
[  90% ] [90m[1m_update_scan_actions[22m | walk-14.png[39m[0m
[  90% ] [90m[1m_update_scan_actions[22m | walk-15.png[39m[0m
[  90% ] [90m[1m_update_scan_actions[22m | walk-16.png[39m[0m
[  90% ] [90m[1m_update_scan_actions[22m | walk-17.png[39m[0m
[  90% ] [90m[1m_update_scan_actions[22m | walk-18.png[39m[0m
[  90% ] [90m[1m_update_scan_actions[22m | walk-19.png[39m[0m
[  90% ] [90m[1m_update_scan_actions[22m | walk-20.png[39m[0m
[  90% ] [90m[1m_update_scan_actions[22m | walk-21.png[39m[0m
[  90% ] [90m[1m_update_scan_actions[22m | wave-01.png[39m[0m
[  90% ] [90m[1m_update_scan_actions[22m | wave-02.png[39m[0m
[  90% ] [90m[1m_update_scan_actions[22m | wave-03.png[39m[0m
[  90% ] [90m[1m_update_scan_actions[22m | wave-04.png[39m[0m
[  90% ] [90m[1m_update_scan_actions[22m | wave-05.png[39m[0m
[  90% ] [90m[1m_update_scan_actions[22m | wave-06.png[39m[0m
[  91% ] [90m[1m_update_scan_actions[22m | wave-07.png[39m[0m
[  91% ] [90m[1m_update_scan_actions[22m | wave-08.png[39m[0m
[  91% ] [90m[1m_update_scan_actions[22m | wave-09.png[39m[0m
[  91% ] [90m[1m_update_scan_actions[22m | wave-10.png[39m[0m
[  91% ] [90m[1m_update_scan_actions[22m | wave-11.png[39m[0m
[  91% ] [90m[1m_update_scan_actions[22m | wave-12.png[39m[0m
[  91% ] [90m[1m_update_scan_actions[22m | wave-13.png[39m[0m
[  91% ] [90m[1m_update_scan_actions[22m | wave-14.png[39m[0m
[  91% ] [90m[1m_update_scan_actions[22m | wave-15.png[39m[0m
[  91% ] [90m[1m_update_scan_actions[22m | wave-16.png[39m[0m
[  91% ] [90m[1m_update_scan_actions[22m | wave-17.png[39m[0m
[  91% ] [90m[1m_update_scan_actions[22m | wave-18.png[39m[0m
[  91% ] [90m[1m_update_scan_actions[22m | wave-19.png[39m[0m
[  91% ] [90m[1m_update_scan_actions[22m | wave-20.png[39m[0m
[  91% ] [90m[1m_update_scan_actions[22m | wave-21.png[39m[0m
[  91% ] [90m[1m_update_scan_actions[22m | wave-22.png[39m[0m
[  91% ] [90m[1m_update_scan_actions[22m | wave-23.png[39m[0m
[  91% ] [90m[1m_update_scan_actions[22m | wave-24.png[39m[0m
[  91% ] [90m[1m_update_scan_actions[22m | chat.png[39m[0m
[  91% ] [90m[1m_update_scan_actions[22m | PixelMplus12-Regular.ttf[39m[0m
[  91% ] [90m[1m_update_scan_actions[22m | frame.png[39m[0m
[  91% ] [90m[1m_update_scan_actions[22m | anri-interior-muse.webp[39m[0m
[  91% ] [90m[1m_update_scan_actions[22m | anri-title-reference.png[39m[0m
[  91% ] [90m[1m_update_scan_actions[22m | cat-brush-rest.png[39m[0m
[  91% ] [90m[1m_update_scan_actions[22m | palette-white.png[39m[0m
[  91% ] [90m[1m_update_scan_actions[22m | palette-window-v7.png[39m[0m
[  91% ] [90m[1m_update_scan_actions[22m | tool-reference.png[39m[0m
[  92% ] [90m[1m_update_scan_actions[22m | watercolor-brush.png[39m[0m
[  92% ] [90m[1m_update_scan_actions[22m | button-hover-muse.png[39m[0m
[  92% ] [90m[1m_update_scan_actions[22m | button-normal-muse.png[39m[0m
[  92% ] [90m[1m_update_scan_actions[22m | button-selected-muse.png[39m[0m
[  92% ] [90m[1m_update_scan_actions[22m | muse-controls-sheet.webp[39m[0m
[  92% ] [90m[1m_update_scan_actions[22m | titlebar-muse.png[39m[0m
[  92% ] [90m[1m_update_scan_actions[22m | monet-reference.png[39m[0m
[  92% ] [90m[1m_update_scan_actions[22m | ro-bottom-left.png[39m[0m
[  92% ] [90m[1m_update_scan_actions[22m | ro-bottom-mid.png[39m[0m
[  92% ] [90m[1m_update_scan_actions[22m | ro-bottom-right.png[39m[0m
[  92% ] [90m[1m_update_scan_actions[22m | ro-btn-next.png[39m[0m
[  92% ] [90m[1m_update_scan_actions[22m | ro-btn-prev-disabled.png[39m[0m
[  92% ] [90m[1m_update_scan_actions[22m | ro-btn-prev.png[39m[0m
[  92% ] [90m[1m_update_scan_actions[22m | ro-left.png[39m[0m
[  92% ] [90m[1m_update_scan_actions[22m | ro-right.png[39m[0m
[  92% ] [90m[1m_update_scan_actions[22m | ro-top-left.png[39m[0m
[  92% ] [90m[1m_update_scan_actions[22m | ro-top-mid.png[39m[0m
[  92% ] [90m[1m_update_scan_actions[22m | ro-top-right.png[39m[0m
[  92% ] [90m[1m_update_scan_actions[22m | sketchbook-page-v005-soft-384.png[39m[0m
[  92% ] [90m[1m_update_scan_actions[22m | bar_stripes.png[39m[0m
[  92% ] [90m[1m_update_scan_actions[22m | icon_3d_viewer.png[39m[0m
[  92% ] [90m[1m_update_scan_actions[22m | icon_collection.png[39m[0m
[  92% ] [90m[1m_update_scan_actions[22m | icon_flowers.png[39m[0m
[  92% ] [90m[1m_update_scan_actions[22m | icon_map.png[39m[0m
[  92% ] [90m[1m_update_scan_actions[22m | icon_playground.png[39m[0m
[  92% ] [90m[1m_update_scan_actions[22m | icon_sketchbook.png[39m[0m
[  92% ] [90m[1m_update_scan_actions[22m | icon_video_player.png[39m[0m
[  92% ] [90m[1m_update_scan_actions[22m | label_3d_viewer.png[39m[0m
[  93% ] [90m[1m_update_scan_actions[22m | label_collection.png[39m[0m
[  93% ] [90m[1m_update_scan_actions[22m | label_flowers.png[39m[0m
[  93% ] [90m[1m_update_scan_actions[22m | label_map.png[39m[0m
[  93% ] [90m[1m_update_scan_actions[22m | label_playground.png[39m[0m
[  93% ] [90m[1m_update_scan_actions[22m | label_sketchbook.png[39m[0m
[  93% ] [90m[1m_update_scan_actions[22m | label_video_player.png[39m[0m
[  93% ] [90m[1m_update_scan_actions[22m | right_cluster.png[39m[0m
[  93% ] [90m[1m_update_scan_actions[22m | stars.png[39m[0m
[  93% ] [90m[1m_update_scan_actions[22m | stub_idle.png[39m[0m
[  93% ] [90m[1m_update_scan_actions[22m | stub_pressed.png[39m[0m
[  93% ] [90m[1m_update_scan_actions[22m | tab_left.png[39m[0m
[  93% ] [90m[1m_update_scan_actions[22m | tab_mid.png[39m[0m
[  93% ] [90m[1m_update_scan_actions[22m | tab_right.png[39m[0m
[  93% ] [90m[1m_update_scan_actions[22m | bar_background.png[39m[0m
[  93% ] [90m[1m_update_scan_actions[22m | bar_stripes.png[39m[0m
[  93% ] [90m[1m_update_scan_actions[22m | icon_close.png[39m[0m
[  93% ] [90m[1m_update_scan_actions[22m | icon_close_pressed.png[39m[0m
[  93% ] [90m[1m_update_scan_actions[22m | icon_page.png[39m[0m
[  93% ] [90m[1m_update_scan_actions[22m | icon_windows_flag.png[39m[0m
[  93% ] [90m[1m_update_scan_actions[22m | label_3d_viewer.png[39m[0m
[  93% ] [90m[1m_update_scan_actions[22m | label_blank_page.png[39m[0m
[  93% ] [90m[1m_update_scan_actions[22m | label_collection.png[39m[0m
[  93% ] [90m[1m_update_scan_actions[22m | label_connecting.png[39m[0m
[  93% ] [90m[1m_update_scan_actions[22m | label_dots.png[39m[0m
[  93% ] [90m[1m_update_scan_actions[22m | label_map.png[39m[0m
[  93% ] [90m[1m_update_scan_actions[22m | label_phone.png[39m[0m
[  93% ] [90m[1m_update_scan_actions[22m | label_playground.png[39m[0m
[  94% ] [90m[1m_update_scan_actions[22m | label_sketchbook.png[39m[0m
[  94% ] [90m[1m_update_scan_actions[22m | label_video_player.png[39m[0m
[  94% ] [90m[1m_update_scan_actions[22m | label_windows_live.png[39m[0m
[  94% ] [90m[1m_update_scan_actions[22m | right_cluster.png[39m[0m
[  94% ] [90m[1m_update_scan_actions[22m | stars.png[39m[0m
[  94% ] [90m[1m_update_scan_actions[22m | stub_idle.png[39m[0m
[  94% ] [90m[1m_update_scan_actions[22m | stub_pressed.png[39m[0m
[  94% ] [90m[1m_update_scan_actions[22m | tab_left.png[39m[0m
[  94% ] [90m[1m_update_scan_actions[22m | tab_mid.png[39m[0m
[  94% ] [90m[1m_update_scan_actions[22m | tab_right.png[39m[0m
[  94% ] [90m[1m_update_scan_actions[22m | hover.png[39m[0m
[  94% ] [90m[1m_update_scan_actions[22m | idle.png[39m[0m
[  94% ] [90m[1m_update_scan_actions[22m | pressed.png[39m[0m
[  94% ] [90m[1m_update_scan_actions[22m | settled.png[39m[0m
[  94% ] [90m[1m_update_scan_actions[22m | fullscreen-hover-0.png[39m[0m
[  94% ] [90m[1m_update_scan_actions[22m | fullscreen-hover-1.png[39m[0m
[  94% ] [90m[1m_update_scan_actions[22m | fullscreen-hover-2.png[39m[0m
[  94% ] [90m[1m_update_scan_actions[22m | fullscreen-hover-3.png[39m[0m
[  94% ] [90m[1m_update_scan_actions[22m | fullscreen-pressed-0.png[39m[0m
[  94% ] [90m[1m_update_scan_actions[22m | fullscreen-pressed-1.png[39m[0m
[  94% ] [90m[1m_update_scan_actions[22m | fullscreen-pressed-2.png[39m[0m
[  94% ] [90m[1m_update_scan_actions[22m | fullscreen-pressed-3.png[39m[0m
[  94% ] [90m[1m_update_scan_actions[22m | fullscreen-settled-0.png[39m[0m
[  94% ] [90m[1m_update_scan_actions[22m | fullscreen-settled-1.png[39m[0m
[  94% ] [90m[1m_update_scan_actions[22m | fullscreen-settled-2.png[39m[0m
[  94% ] [90m[1m_update_scan_actions[22m | fullscreen-settled-3.png[39m[0m
[  94% ] [90m[1m_update_scan_actions[22m | minimize-hover-0.png[39m[0m
[  95% ] [90m[1m_update_scan_actions[22m | minimize-hover-1.png[39m[0m
[  95% ] [90m[1m_update_scan_actions[22m | minimize-hover-2.png[39m[0m
[  95% ] [90m[1m_update_scan_actions[22m | minimize-hover-3.png[39m[0m
[  95% ] [90m[1m_update_scan_actions[22m | minimize-pressed-0.png[39m[0m
[  95% ] [90m[1m_update_scan_actions[22m | minimize-pressed-1.png[39m[0m
[  95% ] [90m[1m_update_scan_actions[22m | minimize-pressed-2.png[39m[0m
[  95% ] [90m[1m_update_scan_actions[22m | minimize-pressed-3.png[39m[0m
[  95% ] [90m[1m_update_scan_actions[22m | minimize-settled-0.png[39m[0m
[  95% ] [90m[1m_update_scan_actions[22m | minimize-settled-1.png[39m[0m
[  95% ] [90m[1m_update_scan_actions[22m | minimize-settled-2.png[39m[0m
[  95% ] [90m[1m_update_scan_actions[22m | minimize-settled-3.png[39m[0m
[  95% ] [90m[1m_update_scan_actions[22m | mute-hover-0.png[39m[0m
[  95% ] [90m[1m_update_scan_actions[22m | mute-hover-1.png[39m[0m
[  95% ] [90m[1m_update_scan_actions[22m | mute-hover-2.png[39m[0m
[  95% ] [90m[1m_update_scan_actions[22m | mute-hover-3.png[39m[0m
[  95% ] [90m[1m_update_scan_actions[22m | mute-pressed-0.png[39m[0m
[  95% ] [90m[1m_update_scan_actions[22m | mute-pressed-1.png[39m[0m
[  95% ] [90m[1m_update_scan_actions[22m | mute-pressed-2.png[39m[0m
[  95% ] [90m[1m_update_scan_actions[22m | mute-pressed-3.png[39m[0m
[  95% ] [90m[1m_update_scan_actions[22m | mute-settled-0.png[39m[0m
[  95% ] [90m[1m_update_scan_actions[22m | mute-settled-1.png[39m[0m
[  95% ] [90m[1m_update_scan_actions[22m | mute-settled-2.png[39m[0m
[  95% ] [90m[1m_update_scan_actions[22m | mute-settled-3.png[39m[0m
[  95% ] [90m[1m_update_scan_actions[22m | pause-hover-0.png[39m[0m
[  95% ] [90m[1m_update_scan_actions[22m | pause-hover-1.png[39m[0m
[  95% ] [90m[1m_update_scan_actions[22m | pause-hover-2.png[39m[0m
[  95% ] [90m[1m_update_scan_actions[22m | pause-hover-3.png[39m[0m
[  95% ] [90m[1m_update_scan_actions[22m | pause-pressed-0.png[39m[0m
[  96% ] [90m[1m_update_scan_actions[22m | pause-pressed-1.png[39m[0m
[  96% ] [90m[1m_update_scan_actions[22m | pause-pressed-2.png[39m[0m
[  96% ] [90m[1m_update_scan_actions[22m | pause-pressed-3.png[39m[0m
[  96% ] [90m[1m_update_scan_actions[22m | pause-settled-0.png[39m[0m
[  96% ] [90m[1m_update_scan_actions[22m | pause-settled-1.png[39m[0m
[  96% ] [90m[1m_update_scan_actions[22m | pause-settled-2.png[39m[0m
[  96% ] [90m[1m_update_scan_actions[22m | pause-settled-3.png[39m[0m
[  96% ] [90m[1m_update_scan_actions[22m | play-hover-0.png[39m[0m
[  96% ] [90m[1m_update_scan_actions[22m | play-hover-1.png[39m[0m
[  96% ] [90m[1m_update_scan_actions[22m | play-hover-2.png[39m[0m
[  96% ] [90m[1m_update_scan_actions[22m | play-hover-3.png[39m[0m
[  96% ] [90m[1m_update_scan_actions[22m | play-pressed-0.png[39m[0m
[  96% ] [90m[1m_update_scan_actions[22m | play-pressed-1.png[39m[0m
[  96% ] [90m[1m_update_scan_actions[22m | play-pressed-2.png[39m[0m
[  96% ] [90m[1m_update_scan_actions[22m | play-pressed-3.png[39m[0m
[  96% ] [90m[1m_update_scan_actions[22m | play-settled-0.png[39m[0m
[  96% ] [90m[1m_update_scan_actions[22m | play-settled-1.png[39m[0m
[  96% ] [90m[1m_update_scan_actions[22m | play-settled-2.png[39m[0m
[  96% ] [90m[1m_update_scan_actions[22m | play-settled-3.png[39m[0m
[  96% ] [90m[1m_update_scan_actions[22m | save-hover-0.png[39m[0m
[  96% ] [90m[1m_update_scan_actions[22m | save-hover-1.png[39m[0m
[  96% ] [90m[1m_update_scan_actions[22m | save-hover-2.png[39m[0m
[  96% ] [90m[1m_update_scan_actions[22m | save-hover-3.png[39m[0m
[  96% ] [90m[1m_update_scan_actions[22m | save-pressed-0.png[39m[0m
[  96% ] [90m[1m_update_scan_actions[22m | save-pressed-1.png[39m[0m
[  96% ] [90m[1m_update_scan_actions[22m | save-pressed-2.png[39m[0m
[  96% ] [90m[1m_update_scan_actions[22m | save-pressed-3.png[39m[0m
[  97% ] [90m[1m_update_scan_actions[22m | save-settled-0.png[39m[0m
[  97% ] [90m[1m_update_scan_actions[22m | save-settled-1.png[39m[0m
[  97% ] [90m[1m_update_scan_actions[22m | save-settled-2.png[39m[0m
[  97% ] [90m[1m_update_scan_actions[22m | save-settled-3.png[39m[0m
[  97% ] [90m[1m_update_scan_actions[22m | seek-hover-0.png[39m[0m
[  97% ] [90m[1m_update_scan_actions[22m | seek-hover-1.png[39m[0m
[  97% ] [90m[1m_update_scan_actions[22m | seek-hover-2.png[39m[0m
[  97% ] [90m[1m_update_scan_actions[22m | seek-hover-3.png[39m[0m
[  97% ] [90m[1m_update_scan_actions[22m | seek-pressed-0.png[39m[0m
[  97% ] [90m[1m_update_scan_actions[22m | seek-pressed-1.png[39m[0m
[  97% ] [90m[1m_update_scan_actions[22m | seek-pressed-2.png[39m[0m
[  97% ] [90m[1m_update_scan_actions[22m | seek-pressed-3.png[39m[0m
[  97% ] [90m[1m_update_scan_actions[22m | seek-settled-0.png[39m[0m
[  97% ] [90m[1m_update_scan_actions[22m | seek-settled-1.png[39m[0m
[  97% ] [90m[1m_update_scan_actions[22m | seek-settled-2.png[39m[0m
[  97% ] [90m[1m_update_scan_actions[22m | seek-settled-3.png[39m[0m
[  97% ] [90m[1m_update_scan_actions[22m | speaker-hover-0.png[39m[0m
[  97% ] [90m[1m_update_scan_actions[22m | speaker-hover-1.png[39m[0m
[  97% ] [90m[1m_update_scan_actions[22m | speaker-hover-2.png[39m[0m
[  97% ] [90m[1m_update_scan_actions[22m | speaker-hover-3.png[39m[0m
[  97% ] [90m[1m_update_scan_actions[22m | speaker-pressed-0.png[39m[0m
[  97% ] [90m[1m_update_scan_actions[22m | speaker-pressed-1.png[39m[0m
[  97% ] [90m[1m_update_scan_actions[22m | speaker-pressed-2.png[39m[0m
[  97% ] [90m[1m_update_scan_actions[22m | speaker-pressed-3.png[39m[0m
[  97% ] [90m[1m_update_scan_actions[22m | speaker-settled-0.png[39m[0m
[  97% ] [90m[1m_update_scan_actions[22m | speaker-settled-1.png[39m[0m
[  97% ] [90m[1m_update_scan_actions[22m | speaker-settled-2.png[39m[0m
[  97% ] [90m[1m_update_scan_actions[22m | speaker-settled-3.png[39m[0m
[  98% ] [90m[1m_update_scan_actions[22m | volume-hover-0.png[39m[0m
[  98% ] [90m[1m_update_scan_actions[22m | volume-hover-1.png[39m[0m
[  98% ] [90m[1m_update_scan_actions[22m | volume-hover-2.png[39m[0m
[  98% ] [90m[1m_update_scan_actions[22m | volume-hover-3.png[39m[0m
[  98% ] [90m[1m_update_scan_actions[22m | volume-pressed-0.png[39m[0m
[  98% ] [90m[1m_update_scan_actions[22m | volume-pressed-1.png[39m[0m
[  98% ] [90m[1m_update_scan_actions[22m | volume-pressed-2.png[39m[0m
[  98% ] [90m[1m_update_scan_actions[22m | volume-pressed-3.png[39m[0m
[  98% ] [90m[1m_update_scan_actions[22m | volume-settled-0.png[39m[0m
[  98% ] [90m[1m_update_scan_actions[22m | volume-settled-1.png[39m[0m
[  98% ] [90m[1m_update_scan_actions[22m | volume-settled-2.png[39m[0m
[  98% ] [90m[1m_update_scan_actions[22m | volume-settled-3.png[39m[0m
[  98% ] [90m[1m_update_scan_actions[22m | fullscreen.png[39m[0m
[  98% ] [90m[1m_update_scan_actions[22m | minimize.png[39m[0m
[  98% ] [90m[1m_update_scan_actions[22m | mute.png[39m[0m
[  98% ] [90m[1m_update_scan_actions[22m | pause.png[39m[0m
[  98% ] [90m[1m_update_scan_actions[22m | play.png[39m[0m
[  98% ] [90m[1m_update_scan_actions[22m | save.png[39m[0m
[  98% ] [90m[1m_update_scan_actions[22m | scroll.png[39m[0m
[  98% ] [90m[1m_update_scan_actions[22m | seek-clean.png[39m[0m
[  98% ] [90m[1m_update_scan_actions[22m | seek.png[39m[0m
[  98% ] [90m[1m_update_scan_actions[22m | speaker.png[39m[0m
[  98% ] [90m[1m_update_scan_actions[22m | thumbnail.png[39m[0m
[  98% ] [90m[1m_update_scan_actions[22m | timer-clean.png[39m[0m
[  98% ] [90m[1m_update_scan_actions[22m | volume-clean.png[39m[0m
[  98% ] [90m[1m_update_scan_actions[22m | volume.png[39m[0m
[  98% ] [90m[1m_update_scan_actions[22m | fly-through-v7.png[39m[0m
[  99% ] [90m[1m_update_scan_actions[22m | book-and-viewer.png[39m[0m
[  99% ] [90m[1m_update_scan_actions[22m | book-shadow-overlap.png[39m[0m
[  99% ] [90m[1m_update_scan_actions[22m | compact.png[39m[0m
[  99% ] [90m[1m_update_scan_actions[22m | desktop.png[39m[0m
[  99% ] [90m[1m_update_scan_actions[22m | enlarged.png[39m[0m
[  99% ] [90m[1m_update_scan_actions[22m | gallery-launch.png[39m[0m
[  99% ] [90m[1m_update_scan_actions[22m | loading-a.png[39m[0m
[  99% ] [90m[1m_update_scan_actions[22m | loading-b.png[39m[0m
[  99% ] [90m[1m_update_scan_actions[22m | book-and-viewer.png[39m[0m
[  99% ] [90m[1m_update_scan_actions[22m | book-shadow-overlap.png[39m[0m
[  99% ] [90m[1m_update_scan_actions[22m | compact.png[39m[0m
[  99% ] [90m[1m_update_scan_actions[22m | desktop.png[39m[0m
[  99% ] [90m[1m_update_scan_actions[22m | enlarged.png[39m[0m
[  99% ] [90m[1m_update_scan_actions[22m | coverflow.png[39m[0m
[  99% ] [90m[1m_update_scan_actions[22m | desktop.png[39m[0m
[  99% ] [90m[1m_update_scan_actions[22m | detail.png[39m[0m
[  99% ] [90m[1m_update_scan_actions[22m | mobile.png[39m[0m
[  99% ] [90m[1m_update_scan_actions[22m | touch.png[39m[0m
[  99% ] [90m[1m_update_scan_actions[22m | 39-025.jpg[39m[0m
[  99% ] [90m[1m_update_scan_actions[22m | 42-214.jpg[39m[0m
[  99% ] [90m[1m_update_scan_actions[22m | 42-219.jpg[39m[0m
[  99% ] [90m[1m_update_scan_actions[22m | 44-541.jpg[39m[0m
[  99% ] [90m[1m_update_scan_actions[22m | 1998-107.jpg[39m[0m
[  99% ] [90m[1m_update_scan_actions[22m | 2020-3.jpg[39m[0m
[  99% ] [90m[1m_update_scan_actions[22m | window.png[39m[0m
[  99% ] [90m[1m_update_scan_actions[22m | collection-image.webp[39m[0m
[92m[ DONE ][39m [1m_update_scan_actions[22m
[0m
[   0% ] [90m[1mreimport[22m | Started (Re)Importing Assets (2739 steps)[39m[0m
[   0% ] [90m[1mreimport[22m | Preparing files to reimport...[39m[0m
[   0% ] [90m[1mreimport[22m | Preparing files to reimport...[39m[0m
[   0% ] [90m[1mreimport[22m | Preparing files to reimport...[39m[0m
[   0% ] [90m[1mreimport[22m | Preparing files to reimport...[39m[0m
[   0% ] [90m[1mreimport[22m | Preparing files to reimport...[39m[0m
[   0% ] [90m[1mreimport[22m | Preparing files to reimport...[39m[0m
[   0% ] [90m[1mreimport[22m | Preparing files to reimport...[39m[0m
[   0% ] [90m[1mreimport[22m | Preparing files to reimport...[39m[0m
[   0% ] [90m[1mreimport[22m | Preparing files to reimport...[39m[0m
[   0% ] [90m[1mreimport[22m | Preparing files to reimport...[39m[0m
[   0% ] [90m[1mreimport[22m | Preparing files to reimport...[39m[0m
[   0% ] [90m[1mreimport[22m | Preparing files to reimport...[39m[0m
[   0% ] [90m[1mreimport[22m | Preparing files to reimport...[39m[0m
[   0% ] [90m[1mreimport[22m | Preparing files to reimport...[39m[0m
[   0% ] [90m[1mreimport[22m | Preparing files to reimport...[39m[0m
[   0% ] [90m[1mreimport[22m | Preparing files to reimport...[39m[0m
[   0% ] [90m[1mreimport[22m | Preparing files to reimport...[39m[0m
[   0% ] [90m[1mreimport[22m | Preparing files to reimport...[39m[0m
[   0% ] [90m[1mreimport[22m | Preparing files to reimport...[39m[0m
[   0% ] [90m[1mreimport[22m | Preparing files to reimport...[39m[0m
[   0% ] [90m[1mreimport[22m | Preparing files to reimport...[39m[0m
[   0% ] [90m[1mreimport[22m | Preparing files to reimport...[39m[0m
[   0% ] [90m[1mreimport[22m | Preparing files to reimport...[39m[0m
[   0% ] [90m[1mreimport[22m | Preparing files to reimport...[39m[0m
[   0% ] [90m[1mreimport[22m | Preparing files to reimport...[39m[0m
[   0% ] [90m[1mreimport[22m | Preparing files to reimport...[39m[0m
[   0% ] [90m[1mreimport[22m | Preparing files to reimport...[39m[0m
[   0% ] [90m[1mreimport[22m | Preparing files to reimport...[39m[0m
[   1% ] [90m[1mreimport[22m | Preparing files to reimport...[39m[0m
[   1% ] [90m[1mreimport[22m | Preparing files to reimport...[39m[0m
[   1% ] [90m[1mreimport[22m | Preparing files to reimport...[39m[0m
[   1% ] [90m[1mreimport[22m | Preparing files to reimport...[39m[0m
[   1% ] [90m[1mreimport[22m | Preparing files to reimport...[39m[0m
[   1% ] [90m[1mreimport[22m | Preparing files to reimport...[39m[0m
[   1% ] [90m[1mreimport[22m | Preparing files to reimport...[39m[0m
[   1% ] [90m[1mreimport[22m | Preparing files to reimport...[39m[0m
[   1% ] [90m[1mreimport[22m | Preparing files to reimport...[39m[0m
[   1% ] [90m[1mreimport[22m | Preparing files to reimport...[39m[0m
[   1% ] [90m[1mreimport[22m | Preparing files to reimport...[39m[0m
[   1% ] [90m[1mreimport[22m | Preparing files to reimport...[39m[0m
[   1% ] [90m[1mreimport[22m | Preparing files to reimport...[39m[0m
[   1% ] [90m[1mreimport[22m | Preparing files to reimport...[39m[0m
[   1% ] [90m[1mreimport[22m | Preparing files to reimport...[39m[0m
[   1% ] [90m[1mreimport[22m | Preparing files to reimport...[39m[0m
[   1% ] [90m[1mreimport[22m | Preparing files to reimport...[39m[0m
[   1% ] [90m[1mreimport[22m | Preparing files to reimport...[39m[0m
[   1% ] [90m[1mreimport[22m | Preparing files to reimport...[39m[0m
[   1% ] [90m[1mreimport[22m | Preparing files to reimport...[39m[0m
[   1% ] [90m[1mreimport[22m | Preparing files to reimport...[39m[0m
[   1% ] [90m[1mreimport[22m | Preparing files to reimport...[39m[0m
[   1% ] [90m[1mreimport[22m | Preparing files to reimport...[39m[0m
[   1% ] [90m[1mreimport[22m | Preparing files to reimport...[39m[0m
[   1% ] [90m[1mreimport[22m | Preparing files to reimport...[39m[0m
[   1% ] [90m[1mreimport[22m | Preparing files to reimport...[39m[0m
[   1% ] [90m[1mreimport[22m | Preparing files to reimport...[39m[0m
[   2% ] [90m[1mreimport[22m | Preparing files to reimport...[39m[0m
[   2% ] [90m[1mreimport[22m | Preparing files to reimport...[39m[0m
[   2% ] [90m[1mreimport[22m | Preparing files to reimport...[39m[0m
[   2% ] [90m[1mreimport[22m | Preparing files to reimport...[39m[0m
[   2% ] [90m[1mreimport[22m | Preparing files to reimport...[39m[0m
[   2% ] [90m[1mreimport[22m | Preparing files to reimport...[39m[0m
[   2% ] [90m[1mreimport[22m | Preparing files to reimport...[39m[0m
[   2% ] [90m[1mreimport[22m | Preparing files to reimport...[39m[0m
[   2% ] [90m[1mreimport[22m | Preparing files to reimport...[39m[0m
[   2% ] [90m[1mreimport[22m | Preparing files to reimport...[39m[0m
[   2% ] [90m[1mreimport[22m | Preparing files to reimport...[39m[0m
[   2% ] [90m[1mreimport[22m | Preparing files to reimport...[39m[0m
[   2% ] [90m[1mreimport[22m | Preparing files to reimport...[39m[0m
[   2% ] [90m[1mreimport[22m | Preparing files to reimport...[39m[0m
[   2% ] [90m[1mreimport[22m | Preparing files to reimport...[39m[0m
[   2% ] [90m[1mreimport[22m | Preparing files to reimport...[39m[0m
[   2% ] [90m[1mreimport[22m | Preparing files to reimport...[39m[0m
[   2% ] [90m[1mreimport[22m | Preparing files to reimport...[39m[0m
[   2% ] [90m[1mreimport[22m | Preparing files to reimport...[39m[0m
[   2% ] [90m[1mreimport[22m | Preparing files to reimport...[39m[0m
[   2% ] [90m[1mreimport[22m | Preparing files to reimport...[39m[0m
[   2% ] [90m[1mreimport[22m | Preparing files to reimport...[39m[0m
[   2% ] [90m[1mreimport[22m | Preparing files to reimport...[39m[0m
[   2% ] [90m[1mreimport[22m | Preparing files to reimport...[39m[0m
[   2% ] [90m[1mreimport[22m | Preparing files to reimport...[39m[0m
[   2% ] [90m[1mreimport[22m | Preparing files to reimport...[39m[0m
[   2% ] [90m[1mreimport[22m | Preparing files to reimport...[39m[0m
[   2% ] [90m[1mreimport[22m | Preparing files to reimport...[39m[0m
[   3% ] [90m[1mreimport[22m | Preparing files to reimport...[39m[0m
[   3% ] [90m[1mreimport[22m | Preparing files to reimport...[39m[0m
[   3% ] [90m[1mreimport[22m | Preparing files to reimport...[39m[0m
[   3% ] [90m[1mreimport[22m | Preparing files to reimport...[39m[0m
[   3% ] [90m[1mreimport[22m | Preparing files to reimport...[39m[0m
[   3% ] [90m[1mreimport[22m | Preparing files to reimport...[39m[0m
[   3% ] [90m[1mreimport[22m | Preparing files to reimport...[39m[0m
[   3% ] [90m[1mreimport[22m | Preparing files to reimport...[39m[0m
[   3% ] [90m[1mreimport[22m | Preparing files to reimport...[39m[0m
[   3% ] [90m[1mreimport[22m | Preparing files to reimport...[39m[0m
[   3% ] [90m[1mreimport[22m | Preparing files to reimport...[39m[0m
[   3% ] [90m[1mreimport[22m | Preparing files to reimport...[39m[0m
[   3% ] [90m[1mreimport[22m | Preparing files to reimport...[39m[0m
[   3% ] [90m[1mreimport[22m | Preparing files to reimport...[39m[0m
[   3% ] [90m[1mreimport[22m | Preparing files to reimport...[39m[0m
[   3% ] [90m[1mreimport[22m | Preparing files to reimport...[39m[0m
[   3% ] [90m[1mreimport[22m | Preparing files to reimport...[39m[0m
[   3% ] [90m[1mreimport[22m | Preparing files to reimport...[39m[0m
[   3% ] [90m[1mreimport[22m | Preparing files to reimport...[39m[0m
[   3% ] [90m[1mreimport[22m | Preparing files to reimport...[39m[0m
[   3% ] [90m[1mreimport[22m | Preparing files to reimport...[39m[0m
[   3% ] [90m[1mreimport[22m | Preparing files to reimport...[39m[0m
[   3% ] [90m[1mreimport[22m | Preparing files to reimport...[39m[0m
[   3% ] [90m[1mreimport[22m | Preparing files to reimport...[39m[0m
[   3% ] [90m[1mreimport[22m | Preparing files to reimport...[39m[0m
[   3% ] [90m[1mreimport[22m | Preparing files to reimport...[39m[0m
[   3% ] [90m[1mreimport[22m | Preparing files to reimport...[39m[0m
[   4% ] [90m[1mreimport[22m | Preparing files to reimport...[39m[0m
[   4% ] [90m[1mreimport[22m | Preparing files to reimport...[39m[0m
[   4% ] [90m[1mreimport[22m | Preparing files to reimport...[39m[0m
[   4% ] [90m[1mreimport[22m | Preparing files to reimport...[39m[0m
[   4% ] [90m[1mreimport[22m | Preparing files to reimport...[39m[0m
[   4% ] [90m[1mreimport[22m | Preparing files to reimport...[39m[0m
[   4% ] [90m[1mreimport[22m | Preparing files to reimport...[39m[0m
[   4% ] [90m[1mreimport[22m | Preparing files to reimport...[39m[0m
[   4% ] [90m[1mreimport[22m | Preparing files to reimport...[39m[0m
[   4% ] [90m[1mreimport[22m | Preparing files to reimport...[39m[0m
[   4% ] [90m[1mreimport[22m | Preparing files to reimport...[39m[0m
[   4% ] [90m[1mreimport[22m | Preparing files to reimport...[39m[0m
[   4% ] [90m[1mreimport[22m | Preparing files to reimport...[39m[0m
[   4% ] [90m[1mreimport[22m | Preparing files to reimport...[39m[0m
[   4% ] [90m[1mreimport[22m | Preparing files to reimport...[39m[0m
[   4% ] [90m[1mreimport[22m | Preparing files to reimport...[39m[0m
[   4% ] [90m[1mreimport[22m | Preparing files to reimport...[39m[0m
[   4% ] [90m[1mreimport[22m | Preparing files to reimport...[39m[0m
[   4% ] [90m[1mreimport[22m | Preparing files to reimport...[39m[0m
[   4% ] [90m[1mreimport[22m | Preparing files to reimport...[39m[0m
[   4% ] [90m[1mreimport[22m | Preparing files to reimport...[39m[0m
[   4% ] [90m[1mreimport[22m | Preparing files to reimport...[39m[0m
[   4% ] [90m[1mreimport[22m | Preparing files to reimport...[39m[0m
[   4% ] [90m[1mreimport[22m | Preparing files to reimport...[39m[0m
[   4% ] [90m[1mreimport[22m | Preparing files to reimport...[39m[0m
[   4% ] [90m[1mreimport[22m | Preparing files to reimport...[39m[0m
[   4% ] [90m[1mreimport[22m | Preparing files to reimport...[39m[0m
[   5% ] [90m[1mreimport[22m | Preparing files to reimport...[39m[0m
[   5% ] [90m[1mreimport[22m | Preparing files to reimport...[39m[0m
[   5% ] [90m[1mreimport[22m | Preparing files to reimport...[39m[0m
[   5% ] [90m[1mreimport[22m | Preparing files to reimport...[39m[0m
[   5% ] [90m[1mreimport[22m | Preparing files to reimport...[39m[0m
[   5% ] [90m[1mreimport[22m | Preparing files to reimport...[39m[0m
[   5% ] [90m[1mreimport[22m | Preparing files to reimport...[39m[0m
[   5% ] [90m[1mreimport[22m | Preparing files to reimport...[39m[0m
[   5% ] [90m[1mreimport[22m | Preparing files to reimport...[39m[0m
[   5% ] [90m[1mreimport[22m | Preparing files to reimport...[39m[0m
[   5% ] [90m[1mreimport[22m | Preparing files to reimport...[39m[0m
[   5% ] [90m[1mreimport[22m | Preparing files to reimport...[39m[0m
[   5% ] [90m[1mreimport[22m | Preparing files to reimport...[39m[0m
[   5% ] [90m[1mreimport[22m | Preparing files to reimport...[39m[0m
[   5% ] [90m[1mreimport[22m | Preparing files to reimport...[39m[0m
[   5% ] [90m[1mreimport[22m | Preparing files to reimport...[39m[0m
[   5% ] [90m[1mreimport[22m | Preparing files to reimport...[39m[0m
[   5% ] [90m[1mreimport[22m | Preparing files to reimport...[39m[0m
[   5% ] [90m[1mreimport[22m | Preparing files to reimport...[39m[0m
[   5% ] [90m[1mreimport[22m | Preparing files to reimport...[39m[0m
[   5% ] [90m[1mreimport[22m | Preparing files to reimport...[39m[0m
[   5% ] [90m[1mreimport[22m | Preparing files to reimport...[39m[0m
[   5% ] [90m[1mreimport[22m | Preparing files to reimport...[39m[0m
[   5% ] [90m[1mreimport[22m | Preparing files to reimport...[39m[0m
[   5% ] [90m[1mreimport[22m | Preparing files to reimport...[39m[0m
[   5% ] [90m[1mreimport[22m | Preparing files to reimport...[39m[0m
[   5% ] [90m[1mreimport[22m | Preparing files to reimport...[39m[0m
[   5% ] [90m[1mreimport[22m | Preparing files to reimport...[39m[0m
[   6% ] [90m[1mreimport[22m | Preparing files to reimport...[39m[0m
[   6% ] [90m[1mreimport[22m | Preparing files to reimport...[39m[0m
[   6% ] [90m[1mreimport[22m | Preparing files to reimport...[39m[0m
[   6% ] [90m[1mreimport[22m | Preparing files to reimport...[39m[0m
[   6% ] [90m[1mreimport[22m | Preparing files to reimport...[39m[0m
[   6% ] [90m[1mreimport[22m | Preparing files to reimport...[39m[0m
[   6% ] [90m[1mreimport[22m | Preparing files to reimport...[39m[0m
[   6% ] [90m[1mreimport[22m | Preparing files to reimport...[39m[0m
[   6% ] [90m[1mreimport[22m | Preparing files to reimport...[39m[0m
[   6% ] [90m[1mreimport[22m | Preparing files to reimport...[39m[0m
[   6% ] [90m[1mreimport[22m | Preparing files to reimport...[39m[0m
[   6% ] [90m[1mreimport[22m | Preparing files to reimport...[39m[0m
[   6% ] [90m[1mreimport[22m | Preparing files to reimport...[39m[0m
[   6% ] [90m[1mreimport[22m | Preparing files to reimport...[39m[0m
[   6% ] [90m[1mreimport[22m | Preparing files to reimport...[39m[0m
[   6% ] [90m[1mreimport[22m | Preparing files to reimport...[39m[0m
[   6% ] [90m[1mreimport[22m | Preparing files to reimport...[39m[0m
[   6% ] [90m[1mreimport[22m | Preparing files to reimport...[39m[0m
[   6% ] [90m[1mreimport[22m | Preparing files to reimport...[39m[0m
[   6% ] [90m[1mreimport[22m | Preparing files to reimport...[39m[0m
[   6% ] [90m[1mreimport[22m | Preparing files to reimport...[39m[0m
[   6% ] [90m[1mreimport[22m | Preparing files to reimport...[39m[0m
[   6% ] [90m[1mreimport[22m | Preparing files to reimport...[39m[0m
[   6% ] [90m[1mreimport[22m | Preparing files to reimport...[39m[0m
[   6% ] [90m[1mreimport[22m | Preparing files to reimport...[39m[0m
[   6% ] [90m[1mreimport[22m | Preparing files to reimport...[39m[0m
[   6% ] [90m[1mreimport[22m | Preparing files to reimport...[39m[0m
[   7% ] [90m[1mreimport[22m | Preparing files to reimport...[39m[0m
[   7% ] [90m[1mreimport[22m | Preparing files to reimport...[39m[0m
[   7% ] [90m[1mreimport[22m | Preparing files to reimport...[39m[0m
[   7% ] [90m[1mreimport[22m | Preparing files to reimport...[39m[0m
[   7% ] [90m[1mreimport[22m | Preparing files to reimport...[39m[0m
[   7% ] [90m[1mreimport[22m | Preparing files to reimport...[39m[0m
[   7% ] [90m[1mreimport[22m | Preparing files to reimport...[39m[0m
[   7% ] [90m[1mreimport[22m | Preparing files to reimport...[39m[0m
[   7% ] [90m[1mreimport[22m | Preparing files to reimport...[39m[0m
[   7% ] [90m[1mreimport[22m | Preparing files to reimport...[39m[0m
[   7% ] [90m[1mreimport[22m | Preparing files to reimport...[39m[0m
[   7% ] [90m[1mreimport[22m | Preparing files to reimport...[39m[0m
[   7% ] [90m[1mreimport[22m | Preparing files to reimport...[39m[0m
[   7% ] [90m[1mreimport[22m | Preparing files to reimport...[39m[0m
[   7% ] [90m[1mreimport[22m | Preparing files to reimport...[39m[0m
[   7% ] [90m[1mreimport[22m | Preparing files to reimport...[39m[0m
[   7% ] [90m[1mreimport[22m | Preparing files to reimport...[39m[0m
[   7% ] [90m[1mreimport[22m | Preparing files to reimport...[39m[0m
[   7% ] [90m[1mreimport[22m | Preparing files to reimport...[39m[0m
[   7% ] [90m[1mreimport[22m | Preparing files to reimport...[39m[0m
[   7% ] [90m[1mreimport[22m | Preparing files to reimport...[39m[0m
[   7% ] [90m[1mreimport[22m | Preparing files to reimport...[39m[0m
[   7% ] [90m[1mreimport[22m | Preparing files to reimport...[39m[0m
[   7% ] [90m[1mreimport[22m | Preparing files to reimport...[39m[0m
[   7% ] [90m[1mreimport[22m | Preparing files to reimport...[39m[0m
[   7% ] [90m[1mreimport[22m | Preparing files to reimport...[39m[0m
[   7% ] [90m[1mreimport[22m | Preparing files to reimport...[39m[0m
[   7% ] [90m[1mreimport[22m | Preparing files to reimport...[39m[0m
[   8% ] [90m[1mreimport[22m | Preparing files to reimport...[39m[0m
[   8% ] [90m[1mreimport[22m | Preparing files to reimport...[39m[0m
[   8% ] [90m[1mreimport[22m | Preparing files to reimport...[39m[0m
[   8% ] [90m[1mreimport[22m | Preparing files to reimport...[39m[0m
[   8% ] [90m[1mreimport[22m | Preparing files to reimport...[39m[0m
[   8% ] [90m[1mreimport[22m | Preparing files to reimport...[39m[0m
[   8% ] [90m[1mreimport[22m | Preparing files to reimport...[39m[0m
[   8% ] [90m[1mreimport[22m | Preparing files to reimport...[39m[0m
[   8% ] [90m[1mreimport[22m | Preparing files to reimport...[39m[0m
[   8% ] [90m[1mreimport[22m | Preparing files to reimport...[39m[0m
[   8% ] [90m[1mreimport[22m | Preparing files to reimport...[39m[0m
[   8% ] [90m[1mreimport[22m | Preparing files to reimport...[39m[0m
[   8% ] [90m[1mreimport[22m | Preparing files to reimport...[39m[0m
[   8% ] [90m[1mreimport[22m | Preparing files to reimport...[39m[0m
[   8% ] [90m[1mreimport[22m | Preparing files to reimport...[39m[0m
[   8% ] [90m[1mreimport[22m | Preparing files to reimport...[39m[0m
[   8% ] [90m[1mreimport[22m | Preparing files to reimport...[39m[0m
[   8% ] [90m[1mreimport[22m | Preparing files to reimport...[39m[0m
[   8% ] [90m[1mreimport[22m | Preparing files to reimport...[39m[0m
[   8% ] [90m[1mreimport[22m | Preparing files to reimport...[39m[0m
[   8% ] [90m[1mreimport[22m | Preparing files to reimport...[39m[0m
[   8% ] [90m[1mreimport[22m | Preparing files to reimport...[39m[0m
[   8% ] [90m[1mreimport[22m | Preparing files to reimport...[39m[0m
[   8% ] [90m[1mreimport[22m | Preparing files to reimport...[39m[0m
[   8% ] [90m[1mreimport[22m | Preparing files to reimport...[39m[0m
[   8% ] [90m[1mreimport[22m | Preparing files to reimport...[39m[0m
[   8% ] [90m[1mreimport[22m | Preparing files to reimport...[39m[0m
[   9% ] [90m[1mreimport[22m | Preparing files to reimport...[39m[0m
[   9% ] [90m[1mreimport[22m | Preparing files to reimport...[39m[0m
[   9% ] [90m[1mreimport[22m | Preparing files to reimport...[39m[0m
[   9% ] [90m[1mreimport[22m | Preparing files to reimport...[39m[0m
[   9% ] [90m[1mreimport[22m | Preparing files to reimport...[39m[0m
[   9% ] [90m[1mreimport[22m | Preparing files to reimport...[39m[0m
[   9% ] [90m[1mreimport[22m | Preparing files to reimport...[39m[0m
[   9% ] [90m[1mreimport[22m | Preparing files to reimport...[39m[0m
[   9% ] [90m[1mreimport[22m | Preparing files to reimport...[39m[0m
[   9% ] [90m[1mreimport[22m | Preparing files to reimport...[39m[0m
[   9% ] [90m[1mreimport[22m | Preparing files to reimport...[39m[0m
[   9% ] [90m[1mreimport[22m | Preparing files to reimport...[39m[0m
[   9% ] [90m[1mreimport[22m | Preparing files to reimport...[39m[0m
[   9% ] [90m[1mreimport[22m | Preparing files to reimport...[39m[0m
[   9% ] [90m[1mreimport[22m | Preparing files to reimport...[39m[0m
[   9% ] [90m[1mreimport[22m | Preparing files to reimport...[39m[0m
[   9% ] [90m[1mreimport[22m | Preparing files to reimport...[39m[0m
[   9% ] [90m[1mreimport[22m | Preparing files to reimport...[39m[0m
[   9% ] [90m[1mreimport[22m | Preparing files to reimport...[39m[0m
[   9% ] [90m[1mreimport[22m | Preparing files to reimport...[39m[0m
[   9% ] [90m[1mreimport[22m | Preparing files to reimport...[39m[0m
[   9% ] [90m[1mreimport[22m | Preparing files to reimport...[39m[0m
[   9% ] [90m[1mreimport[22m | Preparing files to reimport...[39m[0m
[   9% ] [90m[1mreimport[22m | Preparing files to reimport...[39m[0m
[   9% ] [90m[1mreimport[22m | Preparing files to reimport...[39m[0m
[   9% ] [90m[1mreimport[22m | Preparing files to reimport...[39m[0m
[   9% ] [90m[1mreimport[22m | Preparing files to reimport...[39m[0m
[  10% ] [90m[1mreimport[22m | Preparing files to reimport...[39m[0m
[  10% ] [90m[1mreimport[22m | Preparing files to reimport...[39m[0m
[  10% ] [90m[1mreimport[22m | Preparing files to reimport...[39m[0m
[  10% ] [90m[1mreimport[22m | Preparing files to reimport...[39m[0m
[  10% ] [90m[1mreimport[22m | Preparing files to reimport...[39m[0m
[  10% ] [90m[1mreimport[22m | Preparing files to reimport...[39m[0m
[  10% ] [90m[1mreimport[22m | Preparing files to reimport...[39m[0m
[  10% ] [90m[1mreimport[22m | Preparing files to reimport...[39m[0m
[  10% ] [90m[1mreimport[22m | Preparing files to reimport...[39m[0m
[  10% ] [90m[1mreimport[22m | Preparing files to reimport...[39m[0m
[  10% ] [90m[1mreimport[22m | Preparing files to reimport...[39m[0m
[  10% ] [90m[1mreimport[22m | Preparing files to reimport...[39m[0m
[  10% ] [90m[1mreimport[22m | Preparing files to reimport...[39m[0m
[  10% ] [90m[1mreimport[22m | Preparing files to reimport...[39m[0m
[  10% ] [90m[1mreimport[22m | Preparing files to reimport...[39m[0m
[  10% ] [90m[1mreimport[22m | Preparing files to reimport...[39m[0m
[  10% ] [90m[1mreimport[22m | Preparing files to reimport...[39m[0m
[  10% ] [90m[1mreimport[22m | Preparing files to reimport...[39m[0m
[  10% ] [90m[1mreimport[22m | Preparing files to reimport...[39m[0m
[  10% ] [90m[1mreimport[22m | Preparing files to reimport...[39m[0m
[  10% ] [90m[1mreimport[22m | Preparing files to reimport...[39m[0m
[  10% ] [90m[1mreimport[22m | Preparing files to reimport...[39m[0m
[  10% ] [90m[1mreimport[22m | Preparing files to reimport...[39m[0m
[  10% ] [90m[1mreimport[22m | Preparing files to reimport...[39m[0m
[  10% ] [90m[1mreimport[22m | Preparing files to reimport...[39m[0m
[  10% ] [90m[1mreimport[22m | Preparing files to reimport...[39m[0m
[  10% ] [90m[1mreimport[22m | Preparing files to reimport...[39m[0m
[  10% ] [90m[1mreimport[22m | Preparing files to reimport...[39m[0m
[  11% ] [90m[1mreimport[22m | Preparing files to reimport...[39m[0m
[  11% ] [90m[1mreimport[22m | Preparing files to reimport...[39m[0m
[  11% ] [90m[1mreimport[22m | Preparing files to reimport...[39m[0m
[  11% ] [90m[1mreimport[22m | Preparing files to reimport...[39m[0m
[  11% ] [90m[1mreimport[22m | Preparing files to reimport...[39m[0m
[  11% ] [90m[1mreimport[22m | Preparing files to reimport...[39m[0m
[  11% ] [90m[1mreimport[22m | Preparing files to reimport...[39m[0m
[  11% ] [90m[1mreimport[22m | Preparing files to reimport...[39m[0m
[  11% ] [90m[1mreimport[22m | Preparing files to reimport...[39m[0m
[  11% ] [90m[1mreimport[22m | Preparing files to reimport...[39m[0m
[  11% ] [90m[1mreimport[22m | Preparing files to reimport...[39m[0m
[  11% ] [90m[1mreimport[22m | Preparing files to reimport...[39m[0m
[  11% ] [90m[1mreimport[22m | Preparing files to reimport...[39m[0m
[  11% ] [90m[1mreimport[22m | Preparing files to reimport...[39m[0m
[  11% ] [90m[1mreimport[22m | Preparing files to reimport...[39m[0m
[  11% ] [90m[1mreimport[22m | Preparing files to reimport...[39m[0m
[  11% ] [90m[1mreimport[22m | Preparing files to reimport...[39m[0m
[  11% ] [90m[1mreimport[22m | Preparing files to reimport...[39m[0m
[  11% ] [90m[1mreimport[22m | Preparing files to reimport...[39m[0m
[  11% ] [90m[1mreimport[22m | Preparing files to reimport...[39m[0m
[  11% ] [90m[1mreimport[22m | Preparing files to reimport...[39m[0m
[  11% ] [90m[1mreimport[22m | Preparing files to reimport...[39m[0m
[  11% ] [90m[1mreimport[22m | Preparing files to reimport...[39m[0m
[  11% ] [90m[1mreimport[22m | Preparing files to reimport...[39m[0m
[  11% ] [90m[1mreimport[22m | Preparing files to reimport...[39m[0m
[  11% ] [90m[1mreimport[22m | Preparing files to reimport...[39m[0m
[  11% ] [90m[1mreimport[22m | Preparing files to reimport...[39m[0m
[  12% ] [90m[1mreimport[22m | Preparing files to reimport...[39m[0m
[  12% ] [90m[1mreimport[22m | Preparing files to reimport...[39m[0m
[  12% ] [90m[1mreimport[22m | Preparing files to reimport...[39m[0m
[  12% ] [90m[1mreimport[22m | Preparing files to reimport...[39m[0m
[  12% ] [90m[1mreimport[22m | Preparing files to reimport...[39m[0m
[  12% ] [90m[1mreimport[22m | Preparing files to reimport...[39m[0m
[  12% ] [90m[1mreimport[22m | Preparing files to reimport...[39m[0m
[  12% ] [90m[1mreimport[22m | Preparing files to reimport...[39m[0m
[  12% ] [90m[1mreimport[22m | Preparing files to reimport...[39m[0m
[  12% ] [90m[1mreimport[22m | Preparing files to reimport...[39m[0m
[  12% ] [90m[1mreimport[22m | Preparing files to reimport...[39m[0m
[  12% ] [90m[1mreimport[22m | Preparing files to reimport...[39m[0m
[  12% ] [90m[1mreimport[22m | Preparing files to reimport...[39m[0m
[  12% ] [90m[1mreimport[22m | Preparing files to reimport...[39m[0m
[  12% ] [90m[1mreimport[22m | Preparing files to reimport...[39m[0m
[  12% ] [90m[1mreimport[22m | Preparing files to reimport...[39m[0m
[  12% ] [90m[1mreimport[22m | Preparing files to reimport...[39m[0m
[  12% ] [90m[1mreimport[22m | Preparing files to reimport...[39m[0m
[  12% ] [90m[1mreimport[22m | Preparing files to reimport...[39m[0m
[  12% ] [90m[1mreimport[22m | Preparing files to reimport...[39m[0m
[  12% ] [90m[1mreimport[22m | Preparing files to reimport...[39m[0m
[  12% ] [90m[1mreimport[22m | Preparing files to reimport...[39m[0m
[  12% ] [90m[1mreimport[22m | Preparing files to reimport...[39m[0m
[  12% ] [90m[1mreimport[22m | Preparing files to reimport...[39m[0m
[  12% ] [90m[1mreimport[22m | Preparing files to reimport...[39m[0m
[  12% ] [90m[1mreimport[22m | Preparing files to reimport...[39m[0m
[  12% ] [90m[1mreimport[22m | Preparing files to reimport...[39m[0m
[  12% ] [90m[1mreimport[22m | Preparing files to reimport...[39m[0m
[  13% ] [90m[1mreimport[22m | Preparing files to reimport...[39m[0m
[  13% ] [90m[1mreimport[22m | Preparing files to reimport...[39m[0m
[  13% ] [90m[1mreimport[22m | Preparing files to reimport...[39m[0m
[  13% ] [90m[1mreimport[22m | Preparing files to reimport...[39m[0m
[  13% ] [90m[1mreimport[22m | Preparing files to reimport...[39m[0m
[  13% ] [90m[1mreimport[22m | Preparing files to reimport...[39m[0m
[  13% ] [90m[1mreimport[22m | Preparing files to reimport...[39m[0m
[  13% ] [90m[1mreimport[22m | Preparing files to reimport...[39m[0m
[  13% ] [90m[1mreimport[22m | Preparing files to reimport...[39m[0m
[  13% ] [90m[1mreimport[22m | Preparing files to reimport...[39m[0m
[  13% ] [90m[1mreimport[22m | Preparing files to reimport...[39m[0m
[  13% ] [90m[1mreimport[22m | Preparing files to reimport...[39m[0m
[  13% ] [90m[1mreimport[22m | Preparing files to reimport...[39m[0m
[  13% ] [90m[1mreimport[22m | Preparing files to reimport...[39m[0m
[  13% ] [90m[1mreimport[22m | Preparing files to reimport...[39m[0m
[  13% ] [90m[1mreimport[22m | Preparing files to reimport...[39m[0m
[  13% ] [90m[1mreimport[22m | Preparing files to reimport...[39m[0m
[  13% ] [90m[1mreimport[22m | Preparing files to reimport...[39m[0m
[  13% ] [90m[1mreimport[22m | Preparing files to reimport...[39m[0m
[  13% ] [90m[1mreimport[22m | Preparing files to reimport...[39m[0m
[  13% ] [90m[1mreimport[22m | Preparing files to reimport...[39m[0m
[  13% ] [90m[1mreimport[22m | Preparing files to reimport...[39m[0m
[  13% ] [90m[1mreimport[22m | Preparing files to reimport...[39m[0m
[  13% ] [90m[1mreimport[22m | Preparing files to reimport...[39m[0m
[  13% ] [90m[1mreimport[22m | Preparing files to reimport...[39m[0m
[  13% ] [90m[1mreimport[22m | Preparing files to reimport...[39m[0m
[  13% ] [90m[1mreimport[22m | Preparing files to reimport...[39m[0m
[  14% ] [90m[1mreimport[22m | Preparing files to reimport...[39m[0m
[  14% ] [90m[1mreimport[22m | Preparing files to reimport...[39m[0m
[  14% ] [90m[1mreimport[22m | Preparing files to reimport...[39m[0m
[  14% ] [90m[1mreimport[22m | Preparing files to reimport...[39m[0m
[  14% ] [90m[1mreimport[22m | Preparing files to reimport...[39m[0m
[  14% ] [90m[1mreimport[22m | Preparing files to reimport...[39m[0m
[  14% ] [90m[1mreimport[22m | Preparing files to reimport...[39m[0m
[  14% ] [90m[1mreimport[22m | Preparing files to reimport...[39m[0m
[  14% ] [90m[1mreimport[22m | Preparing files to reimport...[39m[0m
[  14% ] [90m[1mreimport[22m | Preparing files to reimport...[39m[0m
[  14% ] [90m[1mreimport[22m | Preparing files to reimport...[39m[0m
[  14% ] [90m[1mreimport[22m | Preparing files to reimport...[39m[0m
[  14% ] [90m[1mreimport[22m | Preparing files to reimport...[39m[0m
[  14% ] [90m[1mreimport[22m | Preparing files to reimport...[39m[0m
[  14% ] [90m[1mreimport[22m | Preparing files to reimport...[39m[0m
[  14% ] [90m[1mreimport[22m | Preparing files to reimport...[39m[0m
[  14% ] [90m[1mreimport[22m | Preparing files to reimport...[39m[0m
[  14% ] [90m[1mreimport[22m | Preparing files to reimport...[39m[0m
[  14% ] [90m[1mreimport[22m | Preparing files to reimport...[39m[0m
[  14% ] [90m[1mreimport[22m | Preparing files to reimport...[39m[0m
[  14% ] [90m[1mreimport[22m | Preparing files to reimport...[39m[0m
[  14% ] [90m[1mreimport[22m | Preparing files to reimport...[39m[0m
[  14% ] [90m[1mreimport[22m | Preparing files to reimport...[39m[0m
[  14% ] [90m[1mreimport[22m | Preparing files to reimport...[39m[0m
[  14% ] [90m[1mreimport[22m | Preparing files to reimport...[39m[0m
[  14% ] [90m[1mreimport[22m | Preparing files to reimport...[39m[0m
[  14% ] [90m[1mreimport[22m | Preparing files to reimport...[39m[0m
[  15% ] [90m[1mreimport[22m | Preparing files to reimport...[39m[0m
[  15% ] [90m[1mreimport[22m | Preparing files to reimport...[39m[0m
[  15% ] [90m[1mreimport[22m | Preparing files to reimport...[39m[0m
[  15% ] [90m[1mreimport[22m | Preparing files to reimport...[39m[0m
[  15% ] [90m[1mreimport[22m | Preparing files to reimport...[39m[0m
[  15% ] [90m[1mreimport[22m | Preparing files to reimport...[39m[0m
[  15% ] [90m[1mreimport[22m | Preparing files to reimport...[39m[0m
[  15% ] [90m[1mreimport[22m | Preparing files to reimport...[39m[0m
[  15% ] [90m[1mreimport[22m | Preparing files to reimport...[39m[0m
[  15% ] [90m[1mreimport[22m | Preparing files to reimport...[39m[0m
[  15% ] [90m[1mreimport[22m | Preparing files to reimport...[39m[0m
[  15% ] [90m[1mreimport[22m | Preparing files to reimport...[39m[0m
[  15% ] [90m[1mreimport[22m | Preparing files to reimport...[39m[0m
[  15% ] [90m[1mreimport[22m | Preparing files to reimport...[39m[0m
[  15% ] [90m[1mreimport[22m | Preparing files to reimport...[39m[0m
[  15% ] [90m[1mreimport[22m | Preparing files to reimport...[39m[0m
[  15% ] [90m[1mreimport[22m | Preparing files to reimport...[39m[0m
[  15% ] [90m[1mreimport[22m | Preparing files to reimport...[39m[0m
[  15% ] [90m[1mreimport[22m | Preparing files to reimport...[39m[0m
[  15% ] [90m[1mreimport[22m | Preparing files to reimport...[39m[0m
[  15% ] [90m[1mreimport[22m | Preparing files to reimport...[39m[0m
[  15% ] [90m[1mreimport[22m | Preparing files to reimport...[39m[0m
[  15% ] [90m[1mreimport[22m | Preparing files to reimport...[39m[0m
[  15% ] [90m[1mreimport[22m | Preparing files to reimport...[39m[0m
[  15% ] [90m[1mreimport[22m | Preparing files to reimport...[39m[0m
[  15% ] [90m[1mreimport[22m | Preparing files to reimport...[39m[0m
[  15% ] [90m[1mreimport[22m | Preparing files to reimport...[39m[0m
[  15% ] [90m[1mreimport[22m | Preparing files to reimport...[39m[0m
[  16% ] [90m[1mreimport[22m | Preparing files to reimport...[39m[0m
[  16% ] [90m[1mreimport[22m | Preparing files to reimport...[39m[0m
[  16% ] [90m[1mreimport[22m | Preparing files to reimport...[39m[0m
[  16% ] [90m[1mreimport[22m | Preparing files to reimport...[39m[0m
[  16% ] [90m[1mreimport[22m | Preparing files to reimport...[39m[0m
[  16% ] [90m[1mreimport[22m | Preparing files to reimport...[39m[0m
[  16% ] [90m[1mreimport[22m | Preparing files to reimport...[39m[0m
[  16% ] [90m[1mreimport[22m | Preparing files to reimport...[39m[0m
[  16% ] [90m[1mreimport[22m | Preparing files to reimport...[39m[0m
[  16% ] [90m[1mreimport[22m | Preparing files to reimport...[39m[0m
[  16% ] [90m[1mreimport[22m | Preparing files to reimport...[39m[0m
[  16% ] [90m[1mreimport[22m | Preparing files to reimport...[39m[0m
[  16% ] [90m[1mreimport[22m | Preparing files to reimport...[39m[0m
[  16% ] [90m[1mreimport[22m | Preparing files to reimport...[39m[0m
[  16% ] [90m[1mreimport[22m | Preparing files to reimport...[39m[0m
[  16% ] [90m[1mreimport[22m | Preparing files to reimport...[39m[0m
[  16% ] [90m[1mreimport[22m | Preparing files to reimport...[39m[0m
[  16% ] [90m[1mreimport[22m | Preparing files to reimport...[39m[0m
[  16% ] [90m[1mreimport[22m | Preparing files to reimport...[39m[0m
[  16% ] [90m[1mreimport[22m | Preparing files to reimport...[39m[0m
[  16% ] [90m[1mreimport[22m | Preparing files to reimport...[39m[0m
[  16% ] [90m[1mreimport[22m | Preparing files to reimport...[39m[0m
[  16% ] [90m[1mreimport[22m | Preparing files to reimport...[39m[0m
[  16% ] [90m[1mreimport[22m | Preparing files to reimport...[39m[0m
[  16% ] [90m[1mreimport[22m | Preparing files to reimport...[39m[0m
[  16% ] [90m[1mreimport[22m | Preparing files to reimport...[39m[0m
[  16% ] [90m[1mreimport[22m | Preparing files to reimport...[39m[0m
[  17% ] [90m[1mreimport[22m | Preparing files to reimport...[39m[0m
[  17% ] [90m[1mreimport[22m | Preparing files to reimport...[39m[0m
[  17% ] [90m[1mreimport[22m | Preparing files to reimport...[39m[0m
[  17% ] [90m[1mreimport[22m | Preparing files to reimport...[39m[0m
[  17% ] [90m[1mreimport[22m | Preparing files to reimport...[39m[0m
[  17% ] [90m[1mreimport[22m | Preparing files to reimport...[39m[0m
[  17% ] [90m[1mreimport[22m | Preparing files to reimport...[39m[0m
[  17% ] [90m[1mreimport[22m | Preparing files to reimport...[39m[0m
[  17% ] [90m[1mreimport[22m | Preparing files to reimport...[39m[0m
[  17% ] [90m[1mreimport[22m | Preparing files to reimport...[39m[0m
[  17% ] [90m[1mreimport[22m | Preparing files to reimport...[39m[0m
[  17% ] [90m[1mreimport[22m | Preparing files to reimport...[39m[0m
[  17% ] [90m[1mreimport[22m | Preparing files to reimport...[39m[0m
[  17% ] [90m[1mreimport[22m | Preparing files to reimport...[39m[0m
[  17% ] [90m[1mreimport[22m | Preparing files to reimport...[39m[0m
[  17% ] [90m[1mreimport[22m | Preparing files to reimport...[39m[0m
[  17% ] [90m[1mreimport[22m | Preparing files to reimport...[39m[0m
[  17% ] [90m[1mreimport[22m | Preparing files to reimport...[39m[0m
[  17% ] [90m[1mreimport[22m | Preparing files to reimport...[39m[0m
[  17% ] [90m[1mreimport[22m | Preparing files to reimport...[39m[0m
[  17% ] [90m[1mreimport[22m | Preparing files to reimport...[39m[0m
[  17% ] [90m[1mreimport[22m | Preparing files to reimport...[39m[0m
[  17% ] [90m[1mreimport[22m | Preparing files to reimport...[39m[0m
[  17% ] [90m[1mreimport[22m | Preparing files to reimport...[39m[0m
[  17% ] [90m[1mreimport[22m | Preparing files to reimport...[39m[0m
[  17% ] [90m[1mreimport[22m | Preparing files to reimport...[39m[0m
[  17% ] [90m[1mreimport[22m | Preparing files to reimport...[39m[0m
[  17% ] [90m[1mreimport[22m | Preparing files to reimport...[39m[0m
[  18% ] [90m[1mreimport[22m | Preparing files to reimport...[39m[0m
[  18% ] [90m[1mreimport[22m | Preparing files to reimport...[39m[0m
[  18% ] [90m[1mreimport[22m | Preparing files to reimport...[39m[0m
[  18% ] [90m[1mreimport[22m | Preparing files to reimport...[39m[0m
[  18% ] [90m[1mreimport[22m | Preparing files to reimport...[39m[0m
[  18% ] [90m[1mreimport[22m | Preparing files to reimport...[39m[0m
[  18% ] [90m[1mreimport[22m | Preparing files to reimport...[39m[0m
[  18% ] [90m[1mreimport[22m | Preparing files to reimport...[39m[0m
[  18% ] [90m[1mreimport[22m | Preparing files to reimport...[39m[0m
[  18% ] [90m[1mreimport[22m | Preparing files to reimport...[39m[0m
[  18% ] [90m[1mreimport[22m | Preparing files to reimport...[39m[0m
[  18% ] [90m[1mreimport[22m | Preparing files to reimport...[39m[0m
[  18% ] [90m[1mreimport[22m | Preparing files to reimport...[39m[0m
[  18% ] [90m[1mreimport[22m | Preparing files to reimport...[39m[0m
[  18% ] [90m[1mreimport[22m | Preparing files to reimport...[39m[0m
[  18% ] [90m[1mreimport[22m | Preparing files to reimport...[39m[0m
[  18% ] [90m[1mreimport[22m | Preparing files to reimport...[39m[0m
[  18% ] [90m[1mreimport[22m | Preparing files to reimport...[39m[0m
[  18% ] [90m[1mreimport[22m | Preparing files to reimport...[39m[0m
[  18% ] [90m[1mreimport[22m | Preparing files to reimport...[39m[0m
[  18% ] [90m[1mreimport[22m | Preparing files to reimport...[39m[0m
[  18% ] [90m[1mreimport[22m | Preparing files to reimport...[39m[0m
[  18% ] [90m[1mreimport[22m | Preparing files to reimport...[39m[0m
[  18% ] [90m[1mreimport[22m | Preparing files to reimport...[39m[0m
[  18% ] [90m[1mreimport[22m | Preparing files to reimport...[39m[0m
[  18% ] [90m[1mreimport[22m | Preparing files to reimport...[39m[0m
[  18% ] [90m[1mreimport[22m | Preparing files to reimport...[39m[0m
[  19% ] [90m[1mreimport[22m | Preparing files to reimport...[39m[0m
[  19% ] [90m[1mreimport[22m | Preparing files to reimport...[39m[0m
[  19% ] [90m[1mreimport[22m | Preparing files to reimport...[39m[0m
[  19% ] [90m[1mreimport[22m | Preparing files to reimport...[39m[0m
[  19% ] [90m[1mreimport[22m | Preparing files to reimport...[39m[0m
[  19% ] [90m[1mreimport[22m | Preparing files to reimport...[39m[0m
[  19% ] [90m[1mreimport[22m | Preparing files to reimport...[39m[0m
[  19% ] [90m[1mreimport[22m | Preparing files to reimport...[39m[0m
[  19% ] [90m[1mreimport[22m | Preparing files to reimport...[39m[0m
[  19% ] [90m[1mreimport[22m | Preparing files to reimport...[39m[0m
[  19% ] [90m[1mreimport[22m | Preparing files to reimport...[39m[0m
[  19% ] [90m[1mreimport[22m | Preparing files to reimport...[39m[0m
[  19% ] [90m[1mreimport[22m | Preparing files to reimport...[39m[0m
[  19% ] [90m[1mreimport[22m | Preparing files to reimport...[39m[0m
[  19% ] [90m[1mreimport[22m | Preparing files to reimport...[39m[0m
[  19% ] [90m[1mreimport[22m | Preparing files to reimport...[39m[0m
[  19% ] [90m[1mreimport[22m | Preparing files to reimport...[39m[0m
[  19% ] [90m[1mreimport[22m | Preparing files to reimport...[39m[0m
[  19% ] [90m[1mreimport[22m | Preparing files to reimport...[39m[0m
[  19% ] [90m[1mreimport[22m | Preparing files to reimport...[39m[0m
[  19% ] [90m[1mreimport[22m | Preparing files to reimport...[39m[0m
[  19% ] [90m[1mreimport[22m | Preparing files to reimport...[39m[0m
[  19% ] [90m[1mreimport[22m | Preparing files to reimport...[39m[0m
[  19% ] [90m[1mreimport[22m | Preparing files to reimport...[39m[0m
[  19% ] [90m[1mreimport[22m | Preparing files to reimport...[39m[0m
[  19% ] [90m[1mreimport[22m | Preparing files to reimport...[39m[0m
[  19% ] [90m[1mreimport[22m | Preparing files to reimport...[39m[0m
[  20% ] [90m[1mreimport[22m | Preparing files to reimport...[39m[0m
[  20% ] [90m[1mreimport[22m | Preparing files to reimport...[39m[0m
[  20% ] [90m[1mreimport[22m | Preparing files to reimport...[39m[0m
[  20% ] [90m[1mreimport[22m | Preparing files to reimport...[39m[0m
[  20% ] [90m[1mreimport[22m | Preparing files to reimport...[39m[0m
[  20% ] [90m[1mreimport[22m | Preparing files to reimport...[39m[0m
[  20% ] [90m[1mreimport[22m | Preparing files to reimport...[39m[0m
[  20% ] [90m[1mreimport[22m | Preparing files to reimport...[39m[0m
[  20% ] [90m[1mreimport[22m | Preparing files to reimport...[39m[0m
[  20% ] [90m[1mreimport[22m | Preparing files to reimport...[39m[0m
[  20% ] [90m[1mreimport[22m | Preparing files to reimport...[39m[0m
[  20% ] [90m[1mreimport[22m | Preparing files to reimport...[39m[0m
[  20% ] [90m[1mreimport[22m | Preparing files to reimport...[39m[0m
[  20% ] [90m[1mreimport[22m | Preparing files to reimport...[39m[0m
[  20% ] [90m[1mreimport[22m | Preparing files to reimport...[39m[0m
[  20% ] [90m[1mreimport[22m | Preparing files to reimport...[39m[0m
[  20% ] [90m[1mreimport[22m | Preparing files to reimport...[39m[0m
[  20% ] [90m[1mreimport[22m | Preparing files to reimport...[39m[0m
[  20% ] [90m[1mreimport[22m | Preparing files to reimport...[39m[0m
[  20% ] [90m[1mreimport[22m | Preparing files to reimport...[39m[0m
[  20% ] [90m[1mreimport[22m | Preparing files to reimport...[39m[0m
[  20% ] [90m[1mreimport[22m | Preparing files to reimport...[39m[0m
[  20% ] [90m[1mreimport[22m | Preparing files to reimport...[39m[0m
[  20% ] [90m[1mreimport[22m | Preparing files to reimport...[39m[0m
[  20% ] [90m[1mreimport[22m | Preparing files to reimport...[39m[0m
[  20% ] [90m[1mreimport[22m | Preparing files to reimport...[39m[0m
[  20% ] [90m[1mreimport[22m | Preparing files to reimport...[39m[0m
[  20% ] [90m[1mreimport[22m | Preparing files to reimport...[39m[0m
[  21% ] [90m[1mreimport[22m | Preparing files to reimport...[39m[0m
[  21% ] [90m[1mreimport[22m | Preparing files to reimport...[39m[0m
[  21% ] [90m[1mreimport[22m | Preparing files to reimport...[39m[0m
[  21% ] [90m[1mreimport[22m | Preparing files to reimport...[39m[0m
[  21% ] [90m[1mreimport[22m | Preparing files to reimport...[39m[0m
[  21% ] [90m[1mreimport[22m | Preparing files to reimport...[39m[0m
[  21% ] [90m[1mreimport[22m | Preparing files to reimport...[39m[0m
[  21% ] [90m[1mreimport[22m | Preparing files to reimport...[39m[0m
[  21% ] [90m[1mreimport[22m | Preparing files to reimport...[39m[0m
[  21% ] [90m[1mreimport[22m | Preparing files to reimport...[39m[0m
[  21% ] [90m[1mreimport[22m | Preparing files to reimport...[39m[0m
[  21% ] [90m[1mreimport[22m | Preparing files to reimport...[39m[0m
[  21% ] [90m[1mreimport[22m | Preparing files to reimport...[39m[0m
[  21% ] [90m[1mreimport[22m | Preparing files to reimport...[39m[0m
[  21% ] [90m[1mreimport[22m | Preparing files to reimport...[39m[0m
[  21% ] [90m[1mreimport[22m | Preparing files to reimport...[39m[0m
[  21% ] [90m[1mreimport[22m | Preparing files to reimport...[39m[0m
[  21% ] [90m[1mreimport[22m | Preparing files to reimport...[39m[0m
[  21% ] [90m[1mreimport[22m | Preparing files to reimport...[39m[0m
[  21% ] [90m[1mreimport[22m | Preparing files to reimport...[39m[0m
[  21% ] [90m[1mreimport[22m | Preparing files to reimport...[39m[0m
[  21% ] [90m[1mreimport[22m | Preparing files to reimport...[39m[0m
[  21% ] [90m[1mreimport[22m | Preparing files to reimport...[39m[0m
[  21% ] [90m[1mreimport[22m | Preparing files to reimport...[39m[0m
[  21% ] [90m[1mreimport[22m | Preparing files to reimport...[39m[0m
[  21% ] [90m[1mreimport[22m | Preparing files to reimport...[39m[0m
[  21% ] [90m[1mreimport[22m | Preparing files to reimport...[39m[0m
[  22% ] [90m[1mreimport[22m | Preparing files to reimport...[39m[0m
[  22% ] [90m[1mreimport[22m | Preparing files to reimport...[39m[0m
[  22% ] [90m[1mreimport[22m | Preparing files to reimport...[39m[0m
[  22% ] [90m[1mreimport[22m | Preparing files to reimport...[39m[0m
[  22% ] [90m[1mreimport[22m | Preparing files to reimport...[39m[0m
[  22% ] [90m[1mreimport[22m | Preparing files to reimport...[39m[0m
[  22% ] [90m[1mreimport[22m | Preparing files to reimport...[39m[0m
[  22% ] [90m[1mreimport[22m | Preparing files to reimport...[39m[0m
[  22% ] [90m[1mreimport[22m | Preparing files to reimport...[39m[0m
[  22% ] [90m[1mreimport[22m | Preparing files to reimport...[39m[0m
[  22% ] [90m[1mreimport[22m | Preparing files to reimport...[39m[0m
[  22% ] [90m[1mreimport[22m | Preparing files to reimport...[39m[0m
[  22% ] [90m[1mreimport[22m | Preparing files to reimport...[39m[0m
[  22% ] [90m[1mreimport[22m | Preparing files to reimport...[39m[0m
[  22% ] [90m[1mreimport[22m | Preparing files to reimport...[39m[0m
[  22% ] [90m[1mreimport[22m | Preparing files to reimport...[39m[0m
[  22% ] [90m[1mreimport[22m | Preparing files to reimport...[39m[0m
[  22% ] [90m[1mreimport[22m | Preparing files to reimport...[39m[0m
[  22% ] [90m[1mreimport[22m | Preparing files to reimport...[39m[0m
[  22% ] [90m[1mreimport[22m | Preparing files to reimport...[39m[0m
[  22% ] [90m[1mreimport[22m | Preparing files to reimport...[39m[0m
[  22% ] [90m[1mreimport[22m | Preparing files to reimport...[39m[0m
[  22% ] [90m[1mreimport[22m | Preparing files to reimport...[39m[0m
[  22% ] [90m[1mreimport[22m | Preparing files to reimport...[39m[0m
[  22% ] [90m[1mreimport[22m | Preparing files to reimport...[39m[0m
[  22% ] [90m[1mreimport[22m | Preparing files to reimport...[39m[0m
[  22% ] [90m[1mreimport[22m | Preparing files to reimport...[39m[0m
[  22% ] [90m[1mreimport[22m | Preparing files to reimport...[39m[0m
[  23% ] [90m[1mreimport[22m | Preparing files to reimport...[39m[0m
[  23% ] [90m[1mreimport[22m | Preparing files to reimport...[39m[0m
[  23% ] [90m[1mreimport[22m | Preparing files to reimport...[39m[0m
[  23% ] [90m[1mreimport[22m | Preparing files to reimport...[39m[0m
[  23% ] [90m[1mreimport[22m | Preparing files to reimport...[39m[0m
[  23% ] [90m[1mreimport[22m | Preparing files to reimport...[39m[0m
[  23% ] [90m[1mreimport[22m | Preparing files to reimport...[39m[0m
[  23% ] [90m[1mreimport[22m | Preparing files to reimport...[39m[0m
[  23% ] [90m[1mreimport[22m | Preparing files to reimport...[39m[0m
[  23% ] [90m[1mreimport[22m | Preparing files to reimport...[39m[0m
[  23% ] [90m[1mreimport[22m | Preparing files to reimport...[39m[0m
[  23% ] [90m[1mreimport[22m | Preparing files to reimport...[39m[0m
[  23% ] [90m[1mreimport[22m | Preparing files to reimport...[39m[0m
[  23% ] [90m[1mreimport[22m | Preparing files to reimport...[39m[0m
[  23% ] [90m[1mreimport[22m | Preparing files to reimport...[39m[0m
[  23% ] [90m[1mreimport[22m | Preparing files to reimport...[39m[0m
[  23% ] [90m[1mreimport[22m | Preparing files to reimport...[39m[0m
[  23% ] [90m[1mreimport[22m | Preparing files to reimport...[39m[0m
[  23% ] [90m[1mreimport[22m | Preparing files to reimport...[39m[0m
[  23% ] [90m[1mreimport[22m | Preparing files to reimport...[39m[0m
[  23% ] [90m[1mreimport[22m | Preparing files to reimport...[39m[0m
[  23% ] [90m[1mreimport[22m | Preparing files to reimport...[39m[0m
[  23% ] [90m[1mreimport[22m | Preparing files to reimport...[39m[0m
[  23% ] [90m[1mreimport[22m | Preparing files to reimport...[39m[0m
[  23% ] [90m[1mreimport[22m | Preparing files to reimport...[39m[0m
[  23% ] [90m[1mreimport[22m | Preparing files to reimport...[39m[0m
[  23% ] [90m[1mreimport[22m | Preparing files to reimport...[39m[0m
[  24% ] [90m[1mreimport[22m | Preparing files to reimport...[39m[0m
[  24% ] [90m[1mreimport[22m | Preparing files to reimport...[39m[0m
[  24% ] [90m[1mreimport[22m | Preparing files to reimport...[39m[0m
[  24% ] [90m[1mreimport[22m | Preparing files to reimport...[39m[0m
[  24% ] [90m[1mreimport[22m | Preparing files to reimport...[39m[0m
[  24% ] [90m[1mreimport[22m | Preparing files to reimport...[39m[0m
[  24% ] [90m[1mreimport[22m | Preparing files to reimport...[39m[0m
[  24% ] [90m[1mreimport[22m | Preparing files to reimport...[39m[0m
[  24% ] [90m[1mreimport[22m | Preparing files to reimport...[39m[0m
[  24% ] [90m[1mreimport[22m | Preparing files to reimport...[39m[0m
[  24% ] [90m[1mreimport[22m | Preparing files to reimport...[39m[0m
[  24% ] [90m[1mreimport[22m | Preparing files to reimport...[39m[0m
[  24% ] [90m[1mreimport[22m | Preparing files to reimport...[39m[0m
[  24% ] [90m[1mreimport[22m | Preparing files to reimport...[39m[0m
[  24% ] [90m[1mreimport[22m | Preparing files to reimport...[39m[0m
[  24% ] [90m[1mreimport[22m | Preparing files to reimport...[39m[0m
[  24% ] [90m[1mreimport[22m | Preparing files to reimport...[39m[0m
[  24% ] [90m[1mreimport[22m | Preparing files to reimport...[39m[0m
[  24% ] [90m[1mreimport[22m | Preparing files to reimport...[39m[0m
[  24% ] [90m[1mreimport[22m | Preparing files to reimport...[39m[0m
[  24% ] [90m[1mreimport[22m | Preparing files to reimport...[39m[0m
[  24% ] [90m[1mreimport[22m | Preparing files to reimport...[39m[0m
[  24% ] [90m[1mreimport[22m | Preparing files to reimport...[39m[0m
[  24% ] [90m[1mreimport[22m | Preparing files to reimport...[39m[0m
[  24% ] [90m[1mreimport[22m | Preparing files to reimport...[39m[0m
[  24% ] [90m[1mreimport[22m | Preparing files to reimport...[39m[0m
[  24% ] [90m[1mreimport[22m | Preparing files to reimport...[39m[0m
[  25% ] [90m[1mreimport[22m | Preparing files to reimport...[39m[0m
[  25% ] [90m[1mreimport[22m | Preparing files to reimport...[39m[0m
[  25% ] [90m[1mreimport[22m | Preparing files to reimport...[39m[0m
[  25% ] [90m[1mreimport[22m | Preparing files to reimport...[39m[0m
[  25% ] [90m[1mreimport[22m | Preparing files to reimport...[39m[0m
[  25% ] [90m[1mreimport[22m | Preparing files to reimport...[39m[0m
[  25% ] [90m[1mreimport[22m | Preparing files to reimport...[39m[0m
[  25% ] [90m[1mreimport[22m | Preparing files to reimport...[39m[0m
[  25% ] [90m[1mreimport[22m | Preparing files to reimport...[39m[0m
[  25% ] [90m[1mreimport[22m | Preparing files to reimport...[39m[0m
[  25% ] [90m[1mreimport[22m | Preparing files to reimport...[39m[0m
[  25% ] [90m[1mreimport[22m | Preparing files to reimport...[39m[0m
[  25% ] [90m[1mreimport[22m | Preparing files to reimport...[39m[0m
[  25% ] [90m[1mreimport[22m | Preparing files to reimport...[39m[0m
[  25% ] [90m[1mreimport[22m | Preparing files to reimport...[39m[0m
[  25% ] [90m[1mreimport[22m | Preparing files to reimport...[39m[0m
[  25% ] [90m[1mreimport[22m | Preparing files to reimport...[39m[0m
[  25% ] [90m[1mreimport[22m | Preparing files to reimport...[39m[0m
[  25% ] [90m[1mreimport[22m | Preparing files to reimport...[39m[0m
[  25% ] [90m[1mreimport[22m | Preparing files to reimport...[39m[0m
[  25% ] [90m[1mreimport[22m | Preparing files to reimport...[39m[0m
[  25% ] [90m[1mreimport[22m | Preparing files to reimport...[39m[0m
[  25% ] [90m[1mreimport[22m | Preparing files to reimport...[39m[0m
[  25% ] [90m[1mreimport[22m | Preparing files to reimport...[39m[0m
[  25% ] [90m[1mreimport[22m | Preparing files to reimport...[39m[0m
[  25% ] [90m[1mreimport[22m | Preparing files to reimport...[39m[0m
[  25% ] [90m[1mreimport[22m | Preparing files to reimport...[39m[0m
[  25% ] [90m[1mreimport[22m | Preparing files to reimport...[39m[0m
[  26% ] [90m[1mreimport[22m | Preparing files to reimport...[39m[0m
[  26% ] [90m[1mreimport[22m | Preparing files to reimport...[39m[0m
[  26% ] [90m[1mreimport[22m | Preparing files to reimport...[39m[0m
[  26% ] [90m[1mreimport[22m | Preparing files to reimport...[39m[0m
[  26% ] [90m[1mreimport[22m | Preparing files to reimport...[39m[0m
[  26% ] [90m[1mreimport[22m | Preparing files to reimport...[39m[0m
[  26% ] [90m[1mreimport[22m | Preparing files to reimport...[39m[0m
[  26% ] [90m[1mreimport[22m | Preparing files to reimport...[39m[0m
[  26% ] [90m[1mreimport[22m | Preparing files to reimport...[39m[0m
[  26% ] [90m[1mreimport[22m | Preparing files to reimport...[39m[0m
[  26% ] [90m[1mreimport[22m | Preparing files to reimport...[39m[0m
[  26% ] [90m[1mreimport[22m | Preparing files to reimport...[39m[0m
[  26% ] [90m[1mreimport[22m | Preparing files to reimport...[39m[0m
[  26% ] [90m[1mreimport[22m | Preparing files to reimport...[39m[0m
[  26% ] [90m[1mreimport[22m | Preparing files to reimport...[39m[0m
[  26% ] [90m[1mreimport[22m | Preparing files to reimport...[39m[0m
[  26% ] [90m[1mreimport[22m | Preparing files to reimport...[39m[0m
[  26% ] [90m[1mreimport[22m | Preparing files to reimport...[39m[0m
[  26% ] [90m[1mreimport[22m | Preparing files to reimport...[39m[0m
[  26% ] [90m[1mreimport[22m | Preparing files to reimport...[39m[0m
[  26% ] [90m[1mreimport[22m | Preparing files to reimport...[39m[0m
[  26% ] [90m[1mreimport[22m | Preparing files to reimport...[39m[0m
[  26% ] [90m[1mreimport[22m | Preparing files to reimport...[39m[0m
[  26% ] [90m[1mreimport[22m | Preparing files to reimport...[39m[0m
[  26% ] [90m[1mreimport[22m | Preparing files to reimport...[39m[0m
[  26% ] [90m[1mreimport[22m | Preparing files to reimport...[39m[0m
[  26% ] [90m[1mreimport[22m | Preparing files to reimport...[39m[0m
[  27% ] [90m[1mreimport[22m | Preparing files to reimport...[39m[0m
[  27% ] [90m[1mreimport[22m | Preparing files to reimport...[39m[0m
[  27% ] [90m[1mreimport[22m | Preparing files to reimport...[39m[0m
[  27% ] [90m[1mreimport[22m | Preparing files to reimport...[39m[0m
[  27% ] [90m[1mreimport[22m | Preparing files to reimport...[39m[0m
[  27% ] [90m[1mreimport[22m | Preparing files to reimport...[39m[0m
[  27% ] [90m[1mreimport[22m | Preparing files to reimport...[39m[0m
[  27% ] [90m[1mreimport[22m | Preparing files to reimport...[39m[0m
[  27% ] [90m[1mreimport[22m | Preparing files to reimport...[39m[0m
[  27% ] [90m[1mreimport[22m | Preparing files to reimport...[39m[0m
[  27% ] [90m[1mreimport[22m | Preparing files to reimport...[39m[0m
[  27% ] [90m[1mreimport[22m | Preparing files to reimport...[39m[0m
[  27% ] [90m[1mreimport[22m | Preparing files to reimport...[39m[0m
[  27% ] [90m[1mreimport[22m | Preparing files to reimport...[39m[0m
[  27% ] [90m[1mreimport[22m | Preparing files to reimport...[39m[0m
[  27% ] [90m[1mreimport[22m | Preparing files to reimport...[39m[0m
[  27% ] [90m[1mreimport[22m | Preparing files to reimport...[39m[0m
[  27% ] [90m[1mreimport[22m | Preparing files to reimport...[39m[0m
[  27% ] [90m[1mreimport[22m | Preparing files to reimport...[39m[0m
[  27% ] [90m[1mreimport[22m | Preparing files to reimport...[39m[0m
[  27% ] [90m[1mreimport[22m | Preparing files to reimport...[39m[0m
[  27% ] [90m[1mreimport[22m | Preparing files to reimport...[39m[0m
[  27% ] [90m[1mreimport[22m | Preparing files to reimport...[39m[0m
[  27% ] [90m[1mreimport[22m | Preparing files to reimport...[39m[0m
[  27% ] [90m[1mreimport[22m | Preparing files to reimport...[39m[0m
[  27% ] [90m[1mreimport[22m | Preparing files to reimport...[39m[0m
[  27% ] [90m[1mreimport[22m | Preparing files to reimport...[39m[0m
[  27% ] [90m[1mreimport[22m | Preparing files to reimport...[39m[0m
[  28% ] [90m[1mreimport[22m | Preparing files to reimport...[39m[0m
[  28% ] [90m[1mreimport[22m | Preparing files to reimport...[39m[0m
[  28% ] [90m[1mreimport[22m | Preparing files to reimport...[39m[0m
[  28% ] [90m[1mreimport[22m | Preparing files to reimport...[39m[0m
[  28% ] [90m[1mreimport[22m | Preparing files to reimport...[39m[0m
[  28% ] [90m[1mreimport[22m | Preparing files to reimport...[39m[0m
[  28% ] [90m[1mreimport[22m | Preparing files to reimport...[39m[0m
[  28% ] [90m[1mreimport[22m | Preparing files to reimport...[39m[0m
[  28% ] [90m[1mreimport[22m | Preparing files to reimport...[39m[0m
[  28% ] [90m[1mreimport[22m | Preparing files to reimport...[39m[0m
[  28% ] [90m[1mreimport[22m | Preparing files to reimport...[39m[0m
[  28% ] [90m[1mreimport[22m | Preparing files to reimport...[39m[0m
[  28% ] [90m[1mreimport[22m | Preparing files to reimport...[39m[0m
[  28% ] [90m[1mreimport[22m | Preparing files to reimport...[39m[0m
[  28% ] [90m[1mreimport[22m | Preparing files to reimport...[39m[0m
[  28% ] [90m[1mreimport[22m | Preparing files to reimport...[39m[0m
[  28% ] [90m[1mreimport[22m | Preparing files to reimport...[39m[0m
[  28% ] [90m[1mreimport[22m | Preparing files to reimport...[39m[0m
[  28% ] [90m[1mreimport[22m | Preparing files to reimport...[39m[0m
[  28% ] [90m[1mreimport[22m | Preparing files to reimport...[39m[0m
[  28% ] [90m[1mreimport[22m | Preparing files to reimport...[39m[0m
[  28% ] [90m[1mreimport[22m | Preparing files to reimport...[39m[0m
[  28% ] [90m[1mreimport[22m | Preparing files to reimport...[39m[0m
[  28% ] [90m[1mreimport[22m | Preparing files to reimport...[39m[0m
[  28% ] [90m[1mreimport[22m | Preparing files to reimport...[39m[0m
[  28% ] [90m[1mreimport[22m | Preparing files to reimport...[39m[0m
[  28% ] [90m[1mreimport[22m | Preparing files to reimport...[39m[0m
[  29% ] [90m[1mreimport[22m | Preparing files to reimport...[39m[0m
[  29% ] [90m[1mreimport[22m | Preparing files to reimport...[39m[0m
[  29% ] [90m[1mreimport[22m | Preparing files to reimport...[39m[0m
[  29% ] [90m[1mreimport[22m | Preparing files to reimport...[39m[0m
[  29% ] [90m[1mreimport[22m | Preparing files to reimport...[39m[0m
[  29% ] [90m[1mreimport[22m | Preparing files to reimport...[39m[0m
[  29% ] [90m[1mreimport[22m | Preparing files to reimport...[39m[0m
[  29% ] [90m[1mreimport[22m | Preparing files to reimport...[39m[0m
[  29% ] [90m[1mreimport[22m | Preparing files to reimport...[39m[0m
[  29% ] [90m[1mreimport[22m | Preparing files to reimport...[39m[0m
[  29% ] [90m[1mreimport[22m | Preparing files to reimport...[39m[0m
[  29% ] [90m[1mreimport[22m | Preparing files to reimport...[39m[0m
[  29% ] [90m[1mreimport[22m | Preparing files to reimport...[39m[0m
[  29% ] [90m[1mreimport[22m | Preparing files to reimport...[39m[0m
[  29% ] [90m[1mreimport[22m | Preparing files to reimport...[39m[0m
[  29% ] [90m[1mreimport[22m | Preparing files to reimport...[39m[0m
[  29% ] [90m[1mreimport[22m | Preparing files to reimport...[39m[0m
[  29% ] [90m[1mreimport[22m | Preparing files to reimport...[39m[0m
[  29% ] [90m[1mreimport[22m | Preparing files to reimport...[39m[0m
[  29% ] [90m[1mreimport[22m | Preparing files to reimport...[39m[0m
[  29% ] [90m[1mreimport[22m | Preparing files to reimport...[39m[0m
[  29% ] [90m[1mreimport[22m | Preparing files to reimport...[39m[0m
[  29% ] [90m[1mreimport[22m | Preparing files to reimport...[39m[0m
[  29% ] [90m[1mreimport[22m | Preparing files to reimport...[39m[0m
[  29% ] [90m[1mreimport[22m | Preparing files to reimport...[39m[0m
[  29% ] [90m[1mreimport[22m | Preparing files to reimport...[39m[0m
[  29% ] [90m[1mreimport[22m | Preparing files to reimport...[39m[0m
[  30% ] [90m[1mreimport[22m | Preparing files to reimport...[39m[0m
[  30% ] [90m[1mreimport[22m | Preparing files to reimport...[39m[0m
[  30% ] [90m[1mreimport[22m | Preparing files to reimport...[39m[0m
[  30% ] [90m[1mreimport[22m | Preparing files to reimport...[39m[0m
[  30% ] [90m[1mreimport[22m | Preparing files to reimport...[39m[0m
[  30% ] [90m[1mreimport[22m | Preparing files to reimport...[39m[0m
[  30% ] [90m[1mreimport[22m | Preparing files to reimport...[39m[0m
[  30% ] [90m[1mreimport[22m | Preparing files to reimport...[39m[0m
[  30% ] [90m[1mreimport[22m | Preparing files to reimport...[39m[0m
[  30% ] [90m[1mreimport[22m | Preparing files to reimport...[39m[0m
[  30% ] [90m[1mreimport[22m | Preparing files to reimport...[39m[0m
[  30% ] [90m[1mreimport[22m | Preparing files to reimport...[39m[0m
[  30% ] [90m[1mreimport[22m | Preparing files to reimport...[39m[0m
[  30% ] [90m[1mreimport[22m | Preparing files to reimport...[39m[0m
[  30% ] [90m[1mreimport[22m | Preparing files to reimport...[39m[0m
[  30% ] [90m[1mreimport[22m | Preparing files to reimport...[39m[0m
[  30% ] [90m[1mreimport[22m | Preparing files to reimport...[39m[0m
[  30% ] [90m[1mreimport[22m | Preparing files to reimport...[39m[0m
[  30% ] [90m[1mreimport[22m | Preparing files to reimport...[39m[0m
[  30% ] [90m[1mreimport[22m | Preparing files to reimport...[39m[0m
[  30% ] [90m[1mreimport[22m | Preparing files to reimport...[39m[0m
[  30% ] [90m[1mreimport[22m | Preparing files to reimport...[39m[0m
[  30% ] [90m[1mreimport[22m | Preparing files to reimport...[39m[0m
[  30% ] [90m[1mreimport[22m | Preparing files to reimport...[39m[0m
[  30% ] [90m[1mreimport[22m | Preparing files to reimport...[39m[0m
[  30% ] [90m[1mreimport[22m | Preparing files to reimport...[39m[0m
[  30% ] [90m[1mreimport[22m | Preparing files to reimport...[39m[0m
[  30% ] [90m[1mreimport[22m | Preparing files to reimport...[39m[0m
[  31% ] [90m[1mreimport[22m | Preparing files to reimport...[39m[0m
[  31% ] [90m[1mreimport[22m | Preparing files to reimport...[39m[0m
[  31% ] [90m[1mreimport[22m | Preparing files to reimport...[39m[0m
[  31% ] [90m[1mreimport[22m | Preparing files to reimport...[39m[0m
[  31% ] [90m[1mreimport[22m | Preparing files to reimport...[39m[0m
[  31% ] [90m[1mreimport[22m | Preparing files to reimport...[39m[0m
[  31% ] [90m[1mreimport[22m | Preparing files to reimport...[39m[0m
[  31% ] [90m[1mreimport[22m | Preparing files to reimport...[39m[0m
[  31% ] [90m[1mreimport[22m | Preparing files to reimport...[39m[0m
[  31% ] [90m[1mreimport[22m | Preparing files to reimport...[39m[0m
[  31% ] [90m[1mreimport[22m | Preparing files to reimport...[39m[0m
[  31% ] [90m[1mreimport[22m | Preparing files to reimport...[39m[0m
[  31% ] [90m[1mreimport[22m | Preparing files to reimport...[39m[0m
[  31% ] [90m[1mreimport[22m | Preparing files to reimport...[39m[0m
[  31% ] [90m[1mreimport[22m | Preparing files to reimport...[39m[0m
[  31% ] [90m[1mreimport[22m | Preparing files to reimport...[39m[0m
[  31% ] [90m[1mreimport[22m | Preparing files to reimport...[39m[0m
[  31% ] [90m[1mreimport[22m | Preparing files to reimport...[39m[0m
[  31% ] [90m[1mreimport[22m | Preparing files to reimport...[39m[0m
[  31% ] [90m[1mreimport[22m | Preparing files to reimport...[39m[0m
[  31% ] [90m[1mreimport[22m | Preparing files to reimport...[39m[0m
[  31% ] [90m[1mreimport[22m | Preparing files to reimport...[39m[0m
[  31% ] [90m[1mreimport[22m | Preparing files to reimport...[39m[0m
[  31% ] [90m[1mreimport[22m | Preparing files to reimport...[39m[0m
[  31% ] [90m[1mreimport[22m | Preparing files to reimport...[39m[0m
[  31% ] [90m[1mreimport[22m | Preparing files to reimport...[39m[0m
[  31% ] [90m[1mreimport[22m | Preparing files to reimport...[39m[0m
[  32% ] [90m[1mreimport[22m | Preparing files to reimport...[39m[0m
[  32% ] [90m[1mreimport[22m | Preparing files to reimport...[39m[0m
[  32% ] [90m[1mreimport[22m | Preparing files to reimport...[39m[0m
[  32% ] [90m[1mreimport[22m | Preparing files to reimport...[39m[0m
[  32% ] [90m[1mreimport[22m | Preparing files to reimport...[39m[0m
[  32% ] [90m[1mreimport[22m | Preparing files to reimport...[39m[0m
[  32% ] [90m[1mreimport[22m | Preparing files to reimport...[39m[0m
[  32% ] [90m[1mreimport[22m | Preparing files to reimport...[39m[0m
[  32% ] [90m[1mreimport[22m | Preparing files to reimport...[39m[0m
[  32% ] [90m[1mreimport[22m | Preparing files to reimport...[39m[0m
[  32% ] [90m[1mreimport[22m | Preparing files to reimport...[39m[0m
[  32% ] [90m[1mreimport[22m | Preparing files to reimport...[39m[0m
[  32% ] [90m[1mreimport[22m | Preparing files to reimport...[39m[0m
[  32% ] [90m[1mreimport[22m | Preparing files to reimport...[39m[0m
[  32% ] [90m[1mreimport[22m | Preparing files to reimport...[39m[0m
[  32% ] [90m[1mreimport[22m | Preparing files to reimport...[39m[0m
[  32% ] [90m[1mreimport[22m | Preparing files to reimport...[39m[0m
[  32% ] [90m[1mreimport[22m | Preparing files to reimport...[39m[0m
[  32% ] [90m[1mreimport[22m | Preparing files to reimport...[39m[0m
[  32% ] [90m[1mreimport[22m | Preparing files to reimport...[39m[0m
[  32% ] [90m[1mreimport[22m | Preparing files to reimport...[39m[0m
[  32% ] [90m[1mreimport[22m | Preparing files to reimport...[39m[0m
[  32% ] [90m[1mreimport[22m | Preparing files to reimport...[39m[0m
[  32% ] [90m[1mreimport[22m | Preparing files to reimport...[39m[0m
[  32% ] [90m[1mreimport[22m | Preparing files to reimport...[39m[0m
[  32% ] [90m[1mreimport[22m | Preparing files to reimport...[39m[0m
[  32% ] [90m[1mreimport[22m | Preparing files to reimport...[39m[0m
[  32% ] [90m[1mreimport[22m | Preparing files to reimport...[39m[0m
[  33% ] [90m[1mreimport[22m | Preparing files to reimport...[39m[0m
[  33% ] [90m[1mreimport[22m | Preparing files to reimport...[39m[0m
[  33% ] [90m[1mreimport[22m | Preparing files to reimport...[39m[0m
[  33% ] [90m[1mreimport[22m | Preparing files to reimport...[39m[0m
[  33% ] [90m[1mreimport[22m | Preparing files to reimport...[39m[0m
[  33% ] [90m[1mreimport[22m | Preparing files to reimport...[39m[0m
[  33% ] [90m[1mreimport[22m | Preparing files to reimport...[39m[0m
[  33% ] [90m[1mreimport[22m | Preparing files to reimport...[39m[0m
[  33% ] [90m[1mreimport[22m | Preparing files to reimport...[39m[0m
[  33% ] [90m[1mreimport[22m | Preparing files to reimport...[39m[0m
[  33% ] [90m[1mreimport[22m | Preparing files to reimport...[39m[0m
[  33% ] [90m[1mreimport[22m | Preparing files to reimport...[39m[0m
[  33% ] [90m[1mreimport[22m | Preparing files to reimport...[39m[0m
[  33% ] [90m[1mreimport[22m | Preparing files to reimport...[39m[0m
[  33% ] [90m[1mreimport[22m | Preparing files to reimport...[39m[0m
[  33% ] [90m[1mreimport[22m | Preparing files to reimport...[39m[0m
[  33% ] [90m[1mreimport[22m | Preparing files to reimport...[39m[0m
[  33% ] [90m[1mreimport[22m | Preparing files to reimport...[39m[0m
[  33% ] [90m[1mreimport[22m | Preparing files to reimport...[39m[0m
[  33% ] [90m[1mreimport[22m | Preparing files to reimport...[39m[0m
[  33% ] [90m[1mreimport[22m | Preparing files to reimport...[39m[0m
[  33% ] [90m[1mreimport[22m | Preparing files to reimport...[39m[0m
[  33% ] [90m[1mreimport[22m | Preparing files to reimport...[39m[0m
[  33% ] [90m[1mreimport[22m | Preparing files to reimport...[39m[0m
[  33% ] [90m[1mreimport[22m | Preparing files to reimport...[39m[0m
[  33% ] [90m[1mreimport[22m | Preparing files to reimport...[39m[0m
[  33% ] [90m[1mreimport[22m | Preparing files to reimport...[39m[0m
[  34% ] [90m[1mreimport[22m | Preparing files to reimport...[39m[0m
[  34% ] [90m[1mreimport[22m | Preparing files to reimport...[39m[0m
[  34% ] [90m[1mreimport[22m | Preparing files to reimport...[39m[0m
[  34% ] [90m[1mreimport[22m | Preparing files to reimport...[39m[0m
[  34% ] [90m[1mreimport[22m | Preparing files to reimport...[39m[0m
[  34% ] [90m[1mreimport[22m | Preparing files to reimport...[39m[0m
[  34% ] [90m[1mreimport[22m | Preparing files to reimport...[39m[0m
[  34% ] [90m[1mreimport[22m | Preparing files to reimport...[39m[0m
[  34% ] [90m[1mreimport[22m | Preparing files to reimport...[39m[0m
[  34% ] [90m[1mreimport[22m | Preparing files to reimport...[39m[0m
[  34% ] [90m[1mreimport[22m | Preparing files to reimport...[39m[0m
[  34% ] [90m[1mreimport[22m | Preparing files to reimport...[39m[0m
[  34% ] [90m[1mreimport[22m | Preparing files to reimport...[39m[0m
[  34% ] [90m[1mreimport[22m | Preparing files to reimport...[39m[0m
[  34% ] [90m[1mreimport[22m | Preparing files to reimport...[39m[0m
[  34% ] [90m[1mreimport[22m | Preparing files to reimport...[39m[0m
[  34% ] [90m[1mreimport[22m | Preparing files to reimport...[39m[0m
[  34% ] [90m[1mreimport[22m | Preparing files to reimport...[39m[0m
[  34% ] [90m[1mreimport[22m | Preparing files to reimport...[39m[0m
[  34% ] [90m[1mreimport[22m | Preparing files to reimport...[39m[0m
[  34% ] [90m[1mreimport[22m | Preparing files to reimport...[39m[0m
[  34% ] [90m[1mreimport[22m | Preparing files to reimport...[39m[0m
[  34% ] [90m[1mreimport[22m | Preparing files to reimport...[39m[0m
[  34% ] [90m[1mreimport[22m | Preparing files to reimport...[39m[0m
[  34% ] [90m[1mreimport[22m | Preparing files to reimport...[39m[0m
[  34% ] [90m[1mreimport[22m | Preparing files to reimport...[39m[0m
[  34% ] [90m[1mreimport[22m | Preparing files to reimport...[39m[0m
[  35% ] [90m[1mreimport[22m | Preparing files to reimport...[39m[0m
[  35% ] [90m[1mreimport[22m | Preparing files to reimport...[39m[0m
[  35% ] [90m[1mreimport[22m | Preparing files to reimport...[39m[0m
[  35% ] [90m[1mreimport[22m | Preparing files to reimport...[39m[0m
[  35% ] [90m[1mreimport[22m | Preparing files to reimport...[39m[0m
[  35% ] [90m[1mreimport[22m | Preparing files to reimport...[39m[0m
[  35% ] [90m[1mreimport[22m | Preparing files to reimport...[39m[0m
[  35% ] [90m[1mreimport[22m | Preparing files to reimport...[39m[0m
[  35% ] [90m[1mreimport[22m | Preparing files to reimport...[39m[0m
[  35% ] [90m[1mreimport[22m | Preparing files to reimport...[39m[0m
[  35% ] [90m[1mreimport[22m | Preparing files to reimport...[39m[0m
[  35% ] [90m[1mreimport[22m | Preparing files to reimport...[39m[0m
[  35% ] [90m[1mreimport[22m | Preparing files to reimport...[39m[0m
[  35% ] [90m[1mreimport[22m | Preparing files to reimport...[39m[0m
[  35% ] [90m[1mreimport[22m | Preparing files to reimport...[39m[0m
[  35% ] [90m[1mreimport[22m | Preparing files to reimport...[39m[0m
[  35% ] [90m[1mreimport[22m | Preparing files to reimport...[39m[0m
[  35% ] [90m[1mreimport[22m | Preparing files to reimport...[39m[0m
[  35% ] [90m[1mreimport[22m | Preparing files to reimport...[39m[0m
[  35% ] [90m[1mreimport[22m | Preparing files to reimport...[39m[0m
[  35% ] [90m[1mreimport[22m | Preparing files to reimport...[39m[0m
[  35% ] [90m[1mreimport[22m | Preparing files to reimport...[39m[0m
[  35% ] [90m[1mreimport[22m | Preparing files to reimport...[39m[0m
[  35% ] [90m[1mreimport[22m | Preparing files to reimport...[39m[0m
[  35% ] [90m[1mreimport[22m | Preparing files to reimport...[39m[0m
[  35% ] [90m[1mreimport[22m | Preparing files to reimport...[39m[0m
[  35% ] [90m[1mreimport[22m | Preparing files to reimport...[39m[0m
[  35% ] [90m[1mreimport[22m | Preparing files to reimport...[39m[0m
[  36% ] [90m[1mreimport[22m | Preparing files to reimport...[39m[0m
[  36% ] [90m[1mreimport[22m | Preparing files to reimport...[39m[0m
[  36% ] [90m[1mreimport[22m | Preparing files to reimport...[39m[0m
[  36% ] [90m[1mreimport[22m | Preparing files to reimport...[39m[0m
[  36% ] [90m[1mreimport[22m | Preparing files to reimport...[39m[0m
[  36% ] [90m[1mreimport[22m | Preparing files to reimport...[39m[0m
[  36% ] [90m[1mreimport[22m | Preparing files to reimport...[39m[0m
[  36% ] [90m[1mreimport[22m | Preparing files to reimport...[39m[0m
[  36% ] [90m[1mreimport[22m | Preparing files to reimport...[39m[0m
[  36% ] [90m[1mreimport[22m | Preparing files to reimport...[39m[0m
[  36% ] [90m[1mreimport[22m | Preparing files to reimport...[39m[0m
[  36% ] [90m[1mreimport[22m | Preparing files to reimport...[39m[0m
[  36% ] [90m[1mreimport[22m | Preparing files to reimport...[39m[0m
[  36% ] [90m[1mreimport[22m | Preparing files to reimport...[39m[0m
[  36% ] [90m[1mreimport[22m | Preparing files to reimport...[39m[0m
[  36% ] [90m[1mreimport[22m | Preparing files to reimport...[39m[0m
[  36% ] [90m[1mreimport[22m | Preparing files to reimport...[39m[0m
[  36% ] [90m[1mreimport[22m | Preparing files to reimport...[39m[0m
[  36% ] [90m[1mreimport[22m | Preparing files to reimport...[39m[0m
[  36% ] [90m[1mreimport[22m | Preparing files to reimport...[39m[0m
[  36% ] [90m[1mreimport[22m | Preparing files to reimport...[39m[0m
[  36% ] [90m[1mreimport[22m | Preparing files to reimport...[39m[0m
[  36% ] [90m[1mreimport[22m | Preparing files to reimport...[39m[0m
[  36% ] [90m[1mreimport[22m | Preparing files to reimport...[39m[0m
[  36% ] [90m[1mreimport[22m | Preparing files to reimport...[39m[0m
[  36% ] [90m[1mreimport[22m | Preparing files to reimport...[39m[0m
[  36% ] [90m[1mreimport[22m | Preparing files to reimport...[39m[0m
[  37% ] [90m[1mreimport[22m | Preparing files to reimport...[39m[0m
[  37% ] [90m[1mreimport[22m | Preparing files to reimport...[39m[0m
[  37% ] [90m[1mreimport[22m | Preparing files to reimport...[39m[0m
[  37% ] [90m[1mreimport[22m | Preparing files to reimport...[39m[0m
[  37% ] [90m[1mreimport[22m | Preparing files to reimport...[39m[0m
[  37% ] [90m[1mreimport[22m | Preparing files to reimport...[39m[0m
[  37% ] [90m[1mreimport[22m | Preparing files to reimport...[39m[0m
[  37% ] [90m[1mreimport[22m | Preparing files to reimport...[39m[0m
[  37% ] [90m[1mreimport[22m | Preparing files to reimport...[39m[0m
[  37% ] [90m[1mreimport[22m | Preparing files to reimport...[39m[0m
[  37% ] [90m[1mreimport[22m | Preparing files to reimport...[39m[0m
[  37% ] [90m[1mreimport[22m | Preparing files to reimport...[39m[0m
[  37% ] [90m[1mreimport[22m | Preparing files to reimport...[39m[0m
[  37% ] [90m[1mreimport[22m | Preparing files to reimport...[39m[0m
[  37% ] [90m[1mreimport[22m | Preparing files to reimport...[39m[0m
[  37% ] [90m[1mreimport[22m | Preparing files to reimport...[39m[0m
[  37% ] [90m[1mreimport[22m | Preparing files to reimport...[39m[0m
[  37% ] [90m[1mreimport[22m | Preparing files to reimport...[39m[0m
[  37% ] [90m[1mreimport[22m | Preparing files to reimport...[39m[0m
[  37% ] [90m[1mreimport[22m | Preparing files to reimport...[39m[0m
[  37% ] [90m[1mreimport[22m | Preparing files to reimport...[39m[0m
[  37% ] [90m[1mreimport[22m | Preparing files to reimport...[39m[0m
[  37% ] [90m[1mreimport[22m | Preparing files to reimport...[39m[0m
[  37% ] [90m[1mreimport[22m | Preparing files to reimport...[39m[0m
[  37% ] [90m[1mreimport[22m | Preparing files to reimport...[39m[0m
[  37% ] [90m[1mreimport[22m | Preparing files to reimport...[39m[0m
[  37% ] [90m[1mreimport[22m | Preparing files to reimport...[39m[0m
[  37% ] [90m[1mreimport[22m | Preparing files to reimport...[39m[0m
[  38% ] [90m[1mreimport[22m | Preparing files to reimport...[39m[0m
[  38% ] [90m[1mreimport[22m | Preparing files to reimport...[39m[0m
[  38% ] [90m[1mreimport[22m | Preparing files to reimport...[39m[0m
[  38% ] [90m[1mreimport[22m | Preparing files to reimport...[39m[0m
[  38% ] [90m[1mreimport[22m | Preparing files to reimport...[39m[0m
[  38% ] [90m[1mreimport[22m | Preparing files to reimport...[39m[0m
[  38% ] [90m[1mreimport[22m | Preparing files to reimport...[39m[0m
[  38% ] [90m[1mreimport[22m | Preparing files to reimport...[39m[0m
[  38% ] [90m[1mreimport[22m | Preparing files to reimport...[39m[0m
[  38% ] [90m[1mreimport[22m | Preparing files to reimport...[39m[0m
[  38% ] [90m[1mreimport[22m | Preparing files to reimport...[39m[0m
[  38% ] [90m[1mreimport[22m | Preparing files to reimport...[39m[0m
[  38% ] [90m[1mreimport[22m | Preparing files to reimport...[39m[0m
[  38% ] [90m[1mreimport[22m | Preparing files to reimport...[39m[0m
[  38% ] [90m[1mreimport[22m | Preparing files to reimport...[39m[0m
[  38% ] [90m[1mreimport[22m | Preparing files to reimport...[39m[0m
[  38% ] [90m[1mreimport[22m | Preparing files to reimport...[39m[0m
[  38% ] [90m[1mreimport[22m | Preparing files to reimport...[39m[0m
[  38% ] [90m[1mreimport[22m | Preparing files to reimport...[39m[0m
[  38% ] [90m[1mreimport[22m | Preparing files to reimport...[39m[0m
[  38% ] [90m[1mreimport[22m | Preparing files to reimport...[39m[0m
[  38% ] [90m[1mreimport[22m | Preparing files to reimport...[39m[0m
[  38% ] [90m[1mreimport[22m | Preparing files to reimport...[39m[0m
[  38% ] [90m[1mreimport[22m | Preparing files to reimport...[39m[0m
[  38% ] [90m[1mreimport[22m | Preparing files to reimport...[39m[0m
[  38% ] [90m[1mreimport[22m | Preparing files to reimport...[39m[0m
[  38% ] [90m[1mreimport[22m | Preparing files to reimport...[39m[0m
[  39% ] [90m[1mreimport[22m | Preparing files to reimport...[39m[0m
[  39% ] [90m[1mreimport[22m | Preparing files to reimport...[39m[0m
[  39% ] [90m[1mreimport[22m | Preparing files to reimport...[39m[0m
[  39% ] [90m[1mreimport[22m | Preparing files to reimport...[39m[0m
[  39% ] [90m[1mreimport[22m | Preparing files to reimport...[39m[0m
[  39% ] [90m[1mreimport[22m | Preparing files to reimport...[39m[0m
[  39% ] [90m[1mreimport[22m | Preparing files to reimport...[39m[0m
[  39% ] [90m[1mreimport[22m | Preparing files to reimport...[39m[0m
[  39% ] [90m[1mreimport[22m | Preparing files to reimport...[39m[0m
[  39% ] [90m[1mreimport[22m | Preparing files to reimport...[39m[0m
[  39% ] [90m[1mreimport[22m | Preparing files to reimport...[39m[0m
[  39% ] [90m[1mreimport[22m | Preparing files to reimport...[39m[0m
[  39% ] [90m[1mreimport[22m | Preparing files to reimport...[39m[0m
[  39% ] [90m[1mreimport[22m | Preparing files to reimport...[39m[0m
[  39% ] [90m[1mreimport[22m | Preparing files to reimport...[39m[0m
[  39% ] [90m[1mreimport[22m | Preparing files to reimport...[39m[0m
[  39% ] [90m[1mreimport[22m | Preparing files to reimport...[39m[0m
[  39% ] [90m[1mreimport[22m | Preparing files to reimport...[39m[0m
[  39% ] [90m[1mreimport[22m | Preparing files to reimport...[39m[0m
[  39% ] [90m[1mreimport[22m | Preparing files to reimport...[39m[0m
[  39% ] [90m[1mreimport[22m | Preparing files to reimport...[39m[0m
[  39% ] [90m[1mreimport[22m | Preparing files to reimport...[39m[0m
[  39% ] [90m[1mreimport[22m | Preparing files to reimport...[39m[0m
[  39% ] [90m[1mreimport[22m | Preparing files to reimport...[39m[0m
[  39% ] [90m[1mreimport[22m | Preparing files to reimport...[39m[0m
[  39% ] [90m[1mreimport[22m | Preparing files to reimport...[39m[0m
[  39% ] [90m[1mreimport[22m | Preparing files to reimport...[39m[0m
[  40% ] [90m[1mreimport[22m | Preparing files to reimport...[39m[0m
[  40% ] [90m[1mreimport[22m | Preparing files to reimport...[39m[0m
[  40% ] [90m[1mreimport[22m | Preparing files to reimport...[39m[0m
[  40% ] [90m[1mreimport[22m | Preparing files to reimport...[39m[0m
[  40% ] [90m[1mreimport[22m | Preparing files to reimport...[39m[0m
[  40% ] [90m[1mreimport[22m | Preparing files to reimport...[39m[0m
[  40% ] [90m[1mreimport[22m | Preparing files to reimport...[39m[0m
[  40% ] [90m[1mreimport[22m | Preparing files to reimport...[39m[0m
[  40% ] [90m[1mreimport[22m | Preparing files to reimport...[39m[0m
[  40% ] [90m[1mreimport[22m | Preparing files to reimport...[39m[0m
[  40% ] [90m[1mreimport[22m | Preparing files to reimport...[39m[0m
[  40% ] [90m[1mreimport[22m | Preparing files to reimport...[39m[0m
[  40% ] [90m[1mreimport[22m | Preparing files to reimport...[39m[0m
[  40% ] [90m[1mreimport[22m | Preparing files to reimport...[39m[0m
[  40% ] [90m[1mreimport[22m | Preparing files to reimport...[39m[0m
[  40% ] [90m[1mreimport[22m | Preparing files to reimport...[39m[0m
[  40% ] [90m[1mreimport[22m | Preparing files to reimport...[39m[0m
[  40% ] [90m[1mreimport[22m | Preparing files to reimport...[39m[0m
[  40% ] [90m[1mreimport[22m | Preparing files to reimport...[39m[0m
[  40% ] [90m[1mreimport[22m | Preparing files to reimport...[39m[0m
[  40% ] [90m[1mreimport[22m | Preparing files to reimport...[39m[0m
[  40% ] [90m[1mreimport[22m | Preparing files to reimport...[39m[0m
[  40% ] [90m[1mreimport[22m | Preparing files to reimport...[39m[0m
[  40% ] [90m[1mreimport[22m | Preparing files to reimport...[39m[0m
[  40% ] [90m[1mreimport[22m | Preparing files to reimport...[39m[0m
[  40% ] [90m[1mreimport[22m | Preparing files to reimport...[39m[0m
[  40% ] [90m[1mreimport[22m | Preparing files to reimport...[39m[0m
[  40% ] [90m[1mreimport[22m | Preparing files to reimport...[39m[0m
[  41% ] [90m[1mreimport[22m | Preparing files to reimport...[39m[0m
[  41% ] [90m[1mreimport[22m | Preparing files to reimport...[39m[0m
[  41% ] [90m[1mreimport[22m | Preparing files to reimport...[39m[0m
[  41% ] [90m[1mreimport[22m | Preparing files to reimport...[39m[0m
[  41% ] [90m[1mreimport[22m | Preparing files to reimport...[39m[0m
[  41% ] [90m[1mreimport[22m | Preparing files to reimport...[39m[0m
[  41% ] [90m[1mreimport[22m | Preparing files to reimport...[39m[0m
[  41% ] [90m[1mreimport[22m | Preparing files to reimport...[39m[0m
[  41% ] [90m[1mreimport[22m | Preparing files to reimport...[39m[0m
[  41% ] [90m[1mreimport[22m | Preparing files to reimport...[39m[0m
[  41% ] [90m[1mreimport[22m | Preparing files to reimport...[39m[0m
[  41% ] [90m[1mreimport[22m | Preparing files to reimport...[39m[0m
[  41% ] [90m[1mreimport[22m | Preparing files to reimport...[39m[0m
[  41% ] [90m[1mreimport[22m | Preparing files to reimport...[39m[0m
[  41% ] [90m[1mreimport[22m | Preparing files to reimport...[39m[0m
[  41% ] [90m[1mreimport[22m | Preparing files to reimport...[39m[0m
[  41% ] [90m[1mreimport[22m | Preparing files to reimport...[39m[0m
[  41% ] [90m[1mreimport[22m | Preparing files to reimport...[39m[0m
[  41% ] [90m[1mreimport[22m | Preparing files to reimport...[39m[0m
[  41% ] [90m[1mreimport[22m | Preparing files to reimport...[39m[0m
[  41% ] [90m[1mreimport[22m | Preparing files to reimport...[39m[0m
[  41% ] [90m[1mreimport[22m | Preparing files to reimport...[39m[0m
[  41% ] [90m[1mreimport[22m | Preparing files to reimport...[39m[0m
[  41% ] [90m[1mreimport[22m | Preparing files to reimport...[39m[0m
[  41% ] [90m[1mreimport[22m | Preparing files to reimport...[39m[0m
[  41% ] [90m[1mreimport[22m | Preparing files to reimport...[39m[0m
[  41% ] [90m[1mreimport[22m | Preparing files to reimport...[39m[0m
[  42% ] [90m[1mreimport[22m | Preparing files to reimport...[39m[0m
[  42% ] [90m[1mreimport[22m | Preparing files to reimport...[39m[0m
[  42% ] [90m[1mreimport[22m | Preparing files to reimport...[39m[0m
[  42% ] [90m[1mreimport[22m | Preparing files to reimport...[39m[0m
[  42% ] [90m[1mreimport[22m | Preparing files to reimport...[39m[0m
[  42% ] [90m[1mreimport[22m | Preparing files to reimport...[39m[0m
[  42% ] [90m[1mreimport[22m | Preparing files to reimport...[39m[0m
[  42% ] [90m[1mreimport[22m | Preparing files to reimport...[39m[0m
[  42% ] [90m[1mreimport[22m | Preparing files to reimport...[39m[0m
[  42% ] [90m[1mreimport[22m | Preparing files to reimport...[39m[0m
[  42% ] [90m[1mreimport[22m | Preparing files to reimport...[39m[0m
[  42% ] [90m[1mreimport[22m | Preparing files to reimport...[39m[0m
[  42% ] [90m[1mreimport[22m | Preparing files to reimport...[39m[0m
[  42% ] [90m[1mreimport[22m | Preparing files to reimport...[39m[0m
[  42% ] [90m[1mreimport[22m | Preparing files to reimport...[39m[0m
[  42% ] [90m[1mreimport[22m | Preparing files to reimport...[39m[0m
[  42% ] [90m[1mreimport[22m | Preparing files to reimport...[39m[0m
[  42% ] [90m[1mreimport[22m | Preparing files to reimport...[39m[0m
[  42% ] [90m[1mreimport[22m | Preparing files to reimport...[39m[0m
[  42% ] [90m[1mreimport[22m | Preparing files to reimport...[39m[0m
[  42% ] [90m[1mreimport[22m | Preparing files to reimport...[39m[0m
[  42% ] [90m[1mreimport[22m | Preparing files to reimport...[39m[0m
[  42% ] [90m[1mreimport[22m | Preparing files to reimport...[39m[0m
[  42% ] [90m[1mreimport[22m | Preparing files to reimport...[39m[0m
[  42% ] [90m[1mreimport[22m | Preparing files to reimport...[39m[0m
[  42% ] [90m[1mreimport[22m | Preparing files to reimport...[39m[0m
[  42% ] [90m[1mreimport[22m | Preparing files to reimport...[39m[0m
[  42% ] [90m[1mreimport[22m | Preparing files to reimport...[39m[0m
[  43% ] [90m[1mreimport[22m | Preparing files to reimport...[39m[0m
[  43% ] [90m[1mreimport[22m | Preparing files to reimport...[39m[0m
[  43% ] [90m[1mreimport[22m | Preparing files to reimport...[39m[0m
[  43% ] [90m[1mreimport[22m | Preparing files to reimport...[39m[0m
[  43% ] [90m[1mreimport[22m | Preparing files to reimport...[39m[0m
[  43% ] [90m[1mreimport[22m | Preparing files to reimport...[39m[0m
[  43% ] [90m[1mreimport[22m | Preparing files to reimport...[39m[0m
[  43% ] [90m[1mreimport[22m | Preparing files to reimport...[39m[0m
[  43% ] [90m[1mreimport[22m | Preparing files to reimport...[39m[0m
[  43% ] [90m[1mreimport[22m | Preparing files to reimport...[39m[0m
[  43% ] [90m[1mreimport[22m | Preparing files to reimport...[39m[0m
[  43% ] [90m[1mreimport[22m | Preparing files to reimport...[39m[0m
[  43% ] [90m[1mreimport[22m | Preparing files to reimport...[39m[0m
[  43% ] [90m[1mreimport[22m | Preparing files to reimport...[39m[0m
[  43% ] [90m[1mreimport[22m | Preparing files to reimport...[39m[0m
[  43% ] [90m[1mreimport[22m | Preparing files to reimport...[39m[0m
[  43% ] [90m[1mreimport[22m | Preparing files to reimport...[39m[0m
[  43% ] [90m[1mreimport[22m | Preparing files to reimport...[39m[0m
[  43% ] [90m[1mreimport[22m | Preparing files to reimport...[39m[0m
[  43% ] [90m[1mreimport[22m | Preparing files to reimport...[39m[0m
[  43% ] [90m[1mreimport[22m | Preparing files to reimport...[39m[0m
[  43% ] [90m[1mreimport[22m | Preparing files to reimport...[39m[0m
[  43% ] [90m[1mreimport[22m | Preparing files to reimport...[39m[0m
[  43% ] [90m[1mreimport[22m | Preparing files to reimport...[39m[0m
[  43% ] [90m[1mreimport[22m | Preparing files to reimport...[39m[0m
[  43% ] [90m[1mreimport[22m | Preparing files to reimport...[39m[0m
[  43% ] [90m[1mreimport[22m | Preparing files to reimport...[39m[0m
[  44% ] [90m[1mreimport[22m | Preparing files to reimport...[39m[0m
[  44% ] [90m[1mreimport[22m | Preparing files to reimport...[39m[0m
[  44% ] [90m[1mreimport[22m | Preparing files to reimport...[39m[0m
[  44% ] [90m[1mreimport[22m | Preparing files to reimport...[39m[0m
[  44% ] [90m[1mreimport[22m | Preparing files to reimport...[39m[0m
[  44% ] [90m[1mreimport[22m | Preparing files to reimport...[39m[0m
[  44% ] [90m[1mreimport[22m | Preparing files to reimport...[39m[0m
[  44% ] [90m[1mreimport[22m | Preparing files to reimport...[39m[0m
[  44% ] [90m[1mreimport[22m | Preparing files to reimport...[39m[0m
[  44% ] [90m[1mreimport[22m | Preparing files to reimport...[39m[0m
[  44% ] [90m[1mreimport[22m | Preparing files to reimport...[39m[0m
[  44% ] [90m[1mreimport[22m | Preparing files to reimport...[39m[0m
[  44% ] [90m[1mreimport[22m | Preparing files to reimport...[39m[0m
[  44% ] [90m[1mreimport[22m | Preparing files to reimport...[39m[0m
[  44% ] [90m[1mreimport[22m | Preparing files to reimport...[39m[0m
[  44% ] [90m[1mreimport[22m | Preparing files to reimport...[39m[0m
[  44% ] [90m[1mreimport[22m | Preparing files to reimport...[39m[0m
[  44% ] [90m[1mreimport[22m | Preparing files to reimport...[39m[0m
[  44% ] [90m[1mreimport[22m | Preparing files to reimport...[39m[0m
[  44% ] [90m[1mreimport[22m | Preparing files to reimport...[39m[0m
[  44% ] [90m[1mreimport[22m | Preparing files to reimport...[39m[0m
[  44% ] [90m[1mreimport[22m | Preparing files to reimport...[39m[0m
[  44% ] [90m[1mreimport[22m | Preparing files to reimport...[39m[0m
[  44% ] [90m[1mreimport[22m | Preparing files to reimport...[39m[0m
[  44% ] [90m[1mreimport[22m | Preparing files to reimport...[39m[0m
[  44% ] [90m[1mreimport[22m | Preparing files to reimport...[39m[0m
[  44% ] [90m[1mreimport[22m | Preparing files to reimport...[39m[0m
[  45% ] [90m[1mreimport[22m | Preparing files to reimport...[39m[0m
[  45% ] [90m[1mreimport[22m | Preparing files to reimport...[39m[0m
[  45% ] [90m[1mreimport[22m | Preparing files to reimport...[39m[0m
[  45% ] [90m[1mreimport[22m | Preparing files to reimport...[39m[0m
[  45% ] [90m[1mreimport[22m | Preparing files to reimport...[39m[0m
[  45% ] [90m[1mreimport[22m | Preparing files to reimport...[39m[0m
[  45% ] [90m[1mreimport[22m | Preparing files to reimport...[39m[0m
[  45% ] [90m[1mreimport[22m | Preparing files to reimport...[39m[0m
[  45% ] [90m[1mreimport[22m | Preparing files to reimport...[39m[0m
[  45% ] [90m[1mreimport[22m | Preparing files to reimport...[39m[0m
[  45% ] [90m[1mreimport[22m | Preparing files to reimport...[39m[0m
[  45% ] [90m[1mreimport[22m | Preparing files to reimport...[39m[0m
[  45% ] [90m[1mreimport[22m | Preparing files to reimport...[39m[0m
[  45% ] [90m[1mreimport[22m | Preparing files to reimport...[39m[0m
[  45% ] [90m[1mreimport[22m | Preparing files to reimport...[39m[0m
[  45% ] [90m[1mreimport[22m | Preparing files to reimport...[39m[0m
[  45% ] [90m[1mreimport[22m | Preparing files to reimport...[39m[0m
[  45% ] [90m[1mreimport[22m | Preparing files to reimport...[39m[0m
[  45% ] [90m[1mreimport[22m | Preparing files to reimport...[39m[0m
[  45% ] [90m[1mreimport[22m | Preparing files to reimport...[39m[0m
[  45% ] [90m[1mreimport[22m | Preparing files to reimport...[39m[0m
[  45% ] [90m[1mreimport[22m | Preparing files to reimport...[39m[0m
[  45% ] [90m[1mreimport[22m | Preparing files to reimport...[39m[0m
[  45% ] [90m[1mreimport[22m | Preparing files to reimport...[39m[0m
[  45% ] [90m[1mreimport[22m | Preparing files to reimport...[39m[0m
[  45% ] [90m[1mreimport[22m | Preparing files to reimport...[39m[0m
[  45% ] [90m[1mreimport[22m | Preparing files to reimport...[39m[0m
[  45% ] [90m[1mreimport[22m | Preparing files to reimport...[39m[0m
[  46% ] [90m[1mreimport[22m | Preparing files to reimport...[39m[0m
[  46% ] [90m[1mreimport[22m | Preparing files to reimport...[39m[0m
[  46% ] [90m[1mreimport[22m | Preparing files to reimport...[39m[0m
[  46% ] [90m[1mreimport[22m | Preparing files to reimport...[39m[0m
[  46% ] [90m[1mreimport[22m | Preparing files to reimport...[39m[0m
[  46% ] [90m[1mreimport[22m | Preparing files to reimport...[39m[0m
[  46% ] [90m[1mreimport[22m | Preparing files to reimport...[39m[0m
[  46% ] [90m[1mreimport[22m | Preparing files to reimport...[39m[0m
[  46% ] [90m[1mreimport[22m | Preparing files to reimport...[39m[0m
[  46% ] [90m[1mreimport[22m | Preparing files to reimport...[39m[0m
[  46% ] [90m[1mreimport[22m | Preparing files to reimport...[39m[0m
[  46% ] [90m[1mreimport[22m | Preparing files to reimport...[39m[0m
[  46% ] [90m[1mreimport[22m | Preparing files to reimport...[39m[0m
[  46% ] [90m[1mreimport[22m | Preparing files to reimport...[39m[0m
[  46% ] [90m[1mreimport[22m | Preparing files to reimport...[39m[0m
[  46% ] [90m[1mreimport[22m | Preparing files to reimport...[39m[0m
[  46% ] [90m[1mreimport[22m | Preparing files to reimport...[39m[0m
[  46% ] [90m[1mreimport[22m | Preparing files to reimport...[39m[0m
[  46% ] [90m[1mreimport[22m | Preparing files to reimport...[39m[0m
[  46% ] [90m[1mreimport[22m | Preparing files to reimport...[39m[0m
[  46% ] [90m[1mreimport[22m | Preparing files to reimport...[39m[0m
[  46% ] [90m[1mreimport[22m | Preparing files to reimport...[39m[0m
[  46% ] [90m[1mreimport[22m | Preparing files to reimport...[39m[0m
[  46% ] [90m[1mreimport[22m | Preparing files to reimport...[39m[0m
[  46% ] [90m[1mreimport[22m | Preparing files to reimport...[39m[0m
[  46% ] [90m[1mreimport[22m | Preparing files to reimport...[39m[0m
[  46% ] [90m[1mreimport[22m | Preparing files to reimport...[39m[0m
[  47% ] [90m[1mreimport[22m | Preparing files to reimport...[39m[0m
[  47% ] [90m[1mreimport[22m | Preparing files to reimport...[39m[0m
[  47% ] [90m[1mreimport[22m | Preparing files to reimport...[39m[0m
[  47% ] [90m[1mreimport[22m | Preparing files to reimport...[39m[0m
[  47% ] [90m[1mreimport[22m | Preparing files to reimport...[39m[0m
[  47% ] [90m[1mreimport[22m | Preparing files to reimport...[39m[0m
[  47% ] [90m[1mreimport[22m | Preparing files to reimport...[39m[0m
[  47% ] [90m[1mreimport[22m | Preparing files to reimport...[39m[0m
[  47% ] [90m[1mreimport[22m | Preparing files to reimport...[39m[0m
[  47% ] [90m[1mreimport[22m | Preparing files to reimport...[39m[0m
[  47% ] [90m[1mreimport[22m | Preparing files to reimport...[39m[0m
[  47% ] [90m[1mreimport[22m | Preparing files to reimport...[39m[0m
[  47% ] [90m[1mreimport[22m | Preparing files to reimport...[39m[0m
[  47% ] [90m[1mreimport[22m | Preparing files to reimport...[39m[0m
[  47% ] [90m[1mreimport[22m | Preparing files to reimport...[39m[0m
[  47% ] [90m[1mreimport[22m | Preparing files to reimport...[39m[0m
[  47% ] [90m[1mreimport[22m | Preparing files to reimport...[39m[0m
[  47% ] [90m[1mreimport[22m | Preparing files to reimport...[39m[0m
[  47% ] [90m[1mreimport[22m | Preparing files to reimport...[39m[0m
[  47% ] [90m[1mreimport[22m | Preparing files to reimport...[39m[0m
[  47% ] [90m[1mreimport[22m | Preparing files to reimport...[39m[0m
[  47% ] [90m[1mreimport[22m | Preparing files to reimport...[39m[0m
[  47% ] [90m[1mreimport[22m | Preparing files to reimport...[39m[0m
[  47% ] [90m[1mreimport[22m | Preparing files to reimport...[39m[0m
[  47% ] [90m[1mreimport[22m | Preparing files to reimport...[39m[0m
[  47% ] [90m[1mreimport[22m | Preparing files to reimport...[39m[0m
[  47% ] [90m[1mreimport[22m | Preparing files to reimport...[39m[0m
[  47% ] [90m[1mreimport[22m | Preparing files to reimport...[39m[0m
[  48% ] [90m[1mreimport[22m | Preparing files to reimport...[39m[0m
[  48% ] [90m[1mreimport[22m | Preparing files to reimport...[39m[0m
[  48% ] [90m[1mreimport[22m | Preparing files to reimport...[39m[0m
[  48% ] [90m[1mreimport[22m | Preparing files to reimport...[39m[0m
[  48% ] [90m[1mreimport[22m | Preparing files to reimport...[39m[0m
[  48% ] [90m[1mreimport[22m | Preparing files to reimport...[39m[0m
[  48% ] [90m[1mreimport[22m | Preparing files to reimport...[39m[0m
[  48% ] [90m[1mreimport[22m | Preparing files to reimport...[39m[0m
[  48% ] [90m[1mreimport[22m | Preparing files to reimport...[39m[0m
[  48% ] [90m[1mreimport[22m | Preparing files to reimport...[39m[0m
[  48% ] [90m[1mreimport[22m | Preparing files to reimport...[39m[0m
[  48% ] [90m[1mreimport[22m | Preparing files to reimport...[39m[0m
[  48% ] [90m[1mreimport[22m | Preparing files to reimport...[39m[0m
[  48% ] [90m[1mreimport[22m | Preparing files to reimport...[39m[0m
[  48% ] [90m[1mreimport[22m | Preparing files to reimport...[39m[0m
[  48% ] [90m[1mreimport[22m | Preparing files to reimport...[39m[0m
[  48% ] [90m[1mreimport[22m | Preparing files to reimport...[39m[0m
[  48% ] [90m[1mreimport[22m | Preparing files to reimport...[39m[0m
[  48% ] [90m[1mreimport[22m | Preparing files to reimport...[39m[0m
[  48% ] [90m[1mreimport[22m | Preparing files to reimport...[39m[0m
[  48% ] [90m[1mreimport[22m | Preparing files to reimport...[39m[0m
[  48% ] [90m[1mreimport[22m | Preparing files to reimport...[39m[0m
[  48% ] [90m[1mreimport[22m | Preparing files to reimport...[39m[0m
[  48% ] [90m[1mreimport[22m | Preparing files to reimport...[39m[0m
[  48% ] [90m[1mreimport[22m | Preparing files to reimport...[39m[0m
[  48% ] [90m[1mreimport[22m | Preparing files to reimport...[39m[0m
[  48% ] [90m[1mreimport[22m | Preparing files to reimport...[39m[0m
[  49% ] [90m[1mreimport[22m | Preparing files to reimport...[39m[0m
[  49% ] [90m[1mreimport[22m | Preparing files to reimport...[39m[0m
[  49% ] [90m[1mreimport[22m | Preparing files to reimport...[39m[0m
[  49% ] [90m[1mreimport[22m | Preparing files to reimport...[39m[0m
[  49% ] [90m[1mreimport[22m | Preparing files to reimport...[39m[0m
[  49% ] [90m[1mreimport[22m | Preparing files to reimport...[39m[0m
[  49% ] [90m[1mreimport[22m | Preparing files to reimport...[39m[0m
[  49% ] [90m[1mreimport[22m | Preparing files to reimport...[39m[0m
[  49% ] [90m[1mreimport[22m | Preparing files to reimport...[39m[0m
[  49% ] [90m[1mreimport[22m | Preparing files to reimport...[39m[0m
[  49% ] [90m[1mreimport[22m | Preparing files to reimport...[39m[0m
[  49% ] [90m[1mreimport[22m | Preparing files to reimport...[39m[0m
[  49% ] [90m[1mreimport[22m | Preparing files to reimport...[39m[0m
[  49% ] [90m[1mreimport[22m | Preparing files to reimport...[39m[0m
[  49% ] [90m[1mreimport[22m | Preparing files to reimport...[39m[0m
[  49% ] [90m[1mreimport[22m | Preparing files to reimport...[39m[0m
[  49% ] [90m[1mreimport[22m | Preparing files to reimport...[39m[0m
[  49% ] [90m[1mreimport[22m | Preparing files to reimport...[39m[0m
[  49% ] [90m[1mreimport[22m | Preparing files to reimport...[39m[0m
[  49% ] [90m[1mreimport[22m | Preparing files to reimport...[39m[0m
[  49% ] [90m[1mreimport[22m | Preparing files to reimport...[39m[0m
[  49% ] [90m[1mreimport[22m | Preparing files to reimport...[39m[0m
[  49% ] [90m[1mreimport[22m | Preparing files to reimport...[39m[0m
[  49% ] [90m[1mreimport[22m | Preparing files to reimport...[39m[0m
[  49% ] [90m[1mreimport[22m | Preparing files to reimport...[39m[0m
[  49% ] [90m[1mreimport[22m | Preparing files to reimport...[39m[0m
[  49% ] [90m[1mreimport[22m | Preparing files to reimport...[39m[0m
[  50% ] [90m[1mreimport[22m | Preparing files to reimport...[39m[0m
[  50% ] [90m[1mreimport[22m | Preparing files to reimport...[39m[0m
[  50% ] [90m[1mreimport[22m | Preparing files to reimport...[39m[0m
[  50% ] [90m[1mreimport[22m | Preparing files to reimport...[39m[0m
[  50% ] [90m[1mreimport[22m | Preparing files to reimport...[39m[0m
[  50% ] [90m[1mreimport[22m | Preparing files to reimport...[39m[0m
[  50% ] [90m[1mreimport[22m | Preparing files to reimport...[39m[0m
[  50% ] [90m[1mreimport[22m | Preparing files to reimport...[39m[0m
[  50% ] [90m[1mreimport[22m | Preparing files to reimport...[39m[0m
[  50% ] [90m[1mreimport[22m | Preparing files to reimport...[39m[0m
[  50% ] [90m[1mreimport[22m | Preparing files to reimport...[39m[0m
[  50% ] [90m[1mreimport[22m | Preparing files to reimport...[39m[0m
[  50% ] [90m[1mreimport[22m | Preparing files to reimport...[39m[0m
[  50% ] [90m[1mreimport[22m | Preparing files to reimport...[39m[0m
[  50% ] [90m[1mreimport[22m | Preparing files to reimport...[39m[0m
[  50% ] [90m[1mreimport[22m | Preparing files to reimport...[39m[0m
[  50% ] [90m[1mreimport[22m | Preparing files to reimport...[39m[0m
[  50% ] [90m[1mreimport[22m | Preparing files to reimport...[39m[0m
[  50% ] [90m[1mreimport[22m | Preparing files to reimport...[39m[0m
[  50% ] [90m[1mreimport[22m | Preparing files to reimport...[39m[0m
[  50% ] [90m[1mreimport[22m | Preparing files to reimport...[39m[0m
[  50% ] [90m[1mreimport[22m | Preparing files to reimport...[39m[0m
[  50% ] [90m[1mreimport[22m | Preparing files to reimport...[39m[0m
[  50% ] [90m[1mreimport[22m | Preparing files to reimport...[39m[0m
[  50% ] [90m[1mreimport[22m | Preparing files to reimport...[39m[0m
[  50% ] [90m[1mreimport[22m | Preparing files to reimport...[39m[0m
[  50% ] [90m[1mreimport[22m | Preparing files to reimport...[39m[0m
[  50% ] [90m[1mreimport[22m | Preparing files to reimport...[39m[0m
[  51% ] [90m[1mreimport[22m | Preparing files to reimport...[39m[0m
[  51% ] [90m[1mreimport[22m | Preparing files to reimport...[39m[0m
[  51% ] [90m[1mreimport[22m | Preparing files to reimport...[39m[0m
[  51% ] [90m[1mreimport[22m | Preparing files to reimport...[39m[0m
[  51% ] [90m[1mreimport[22m | Preparing files to reimport...[39m[0m
[  51% ] [90m[1mreimport[22m | Preparing files to reimport...[39m[0m
[  51% ] [90m[1mreimport[22m | Preparing files to reimport...[39m[0m
[  51% ] [90m[1mreimport[22m | Preparing files to reimport...[39m[0m
[  51% ] [90m[1mreimport[22m | Preparing files to reimport...[39m[0m
[  51% ] [90m[1mreimport[22m | Preparing files to reimport...[39m[0m
[  51% ] [90m[1mreimport[22m | Preparing files to reimport...[39m[0m
[  51% ] [90m[1mreimport[22m | Preparing files to reimport...[39m[0m
[  51% ] [90m[1mreimport[22m | Preparing files to reimport...[39m[0m
[  51% ] [90m[1mreimport[22m | Preparing files to reimport...[39m[0m
[  51% ] [90m[1mreimport[22m | Preparing files to reimport...[39m[0m
[  51% ] [90m[1mreimport[22m | Preparing files to reimport...[39m[0m
[  51% ] [90m[1mreimport[22m | Preparing files to reimport...[39m[0m
[  51% ] [90m[1mreimport[22m | Preparing files to reimport...[39m[0m
[  51% ] [90m[1mreimport[22m | Preparing files to reimport...[39m[0m
[  51% ] [90m[1mreimport[22m | Preparing files to reimport...[39m[0m
[  51% ] [90m[1mreimport[22m | Preparing files to reimport...[39m[0m
[  51% ] [90m[1mreimport[22m | Preparing files to reimport...[39m[0m
[  51% ] [90m[1mreimport[22m | Preparing files to reimport...[39m[0m
[  51% ] [90m[1mreimport[22m | Preparing files to reimport...[39m[0m
[  51% ] [90m[1mreimport[22m | Preparing files to reimport...[39m[0m
[  51% ] [90m[1mreimport[22m | Preparing files to reimport...[39m[0m
[  51% ] [90m[1mreimport[22m | Preparing files to reimport...[39m[0m
[  52% ] [90m[1mreimport[22m | Preparing files to reimport...[39m[0m
[  52% ] [90m[1mreimport[22m | Preparing files to reimport...[39m[0m
[  52% ] [90m[1mreimport[22m | Preparing files to reimport...[39m[0m
[  52% ] [90m[1mreimport[22m | Preparing files to reimport...[39m[0m
[  52% ] [90m[1mreimport[22m | Preparing files to reimport...[39m[0m
[  52% ] [90m[1mreimport[22m | Preparing files to reimport...[39m[0m
[  52% ] [90m[1mreimport[22m | Preparing files to reimport...[39m[0m
[  52% ] [90m[1mreimport[22m | Preparing files to reimport...[39m[0m
[  52% ] [90m[1mreimport[22m | Preparing files to reimport...[39m[0m
[  52% ] [90m[1mreimport[22m | Preparing files to reimport...[39m[0m
[  52% ] [90m[1mreimport[22m | Preparing files to reimport...[39m[0m
[  52% ] [90m[1mreimport[22m | Preparing files to reimport...[39m[0m
[  52% ] [90m[1mreimport[22m | Preparing files to reimport...[39m[0m
[  52% ] [90m[1mreimport[22m | Preparing files to reimport...[39m[0m
[  52% ] [90m[1mreimport[22m | Preparing files to reimport...[39m[0m
[  52% ] [90m[1mreimport[22m | Preparing files to reimport...[39m[0m
[  52% ] [90m[1mreimport[22m | Preparing files to reimport...[39m[0m
[  52% ] [90m[1mreimport[22m | Preparing files to reimport...[39m[0m
[  52% ] [90m[1mreimport[22m | Preparing files to reimport...[39m[0m
[  52% ] [90m[1mreimport[22m | Preparing files to reimport...[39m[0m
[  52% ] [90m[1mreimport[22m | Preparing files to reimport...[39m[0m
[  52% ] [90m[1mreimport[22m | Preparing files to reimport...[39m[0m
[  52% ] [90m[1mreimport[22m | Preparing files to reimport...[39m[0m
[  52% ] [90m[1mreimport[22m | Preparing files to reimport...[39m[0m
[  52% ] [90m[1mreimport[22m | Preparing files to reimport...[39m[0m
[  52% ] [90m[1mreimport[22m | Preparing files to reimport...[39m[0m
[  52% ] [90m[1mreimport[22m | Preparing files to reimport...[39m[0m
[  52% ] [90m[1mreimport[22m | Preparing files to reimport...[39m[0m
[  53% ] [90m[1mreimport[22m | Preparing files to reimport...[39m[0m
[  53% ] [90m[1mreimport[22m | Preparing files to reimport...[39m[0m
[  53% ] [90m[1mreimport[22m | Preparing files to reimport...[39m[0m
[  53% ] [90m[1mreimport[22m | Preparing files to reimport...[39m[0m
[  53% ] [90m[1mreimport[22m | Preparing files to reimport...[39m[0m
[  53% ] [90m[1mreimport[22m | Preparing files to reimport...[39m[0m
[  53% ] [90m[1mreimport[22m | Preparing files to reimport...[39m[0m
[  53% ] [90m[1mreimport[22m | Preparing files to reimport...[39m[0m
[  53% ] [90m[1mreimport[22m | Preparing files to reimport...[39m[0m
[  53% ] [90m[1mreimport[22m | Preparing files to reimport...[39m[0m
[  53% ] [90m[1mreimport[22m | Preparing files to reimport...[39m[0m
[  53% ] [90m[1mreimport[22m | Preparing files to reimport...[39m[0m
[  53% ] [90m[1mreimport[22m | Preparing files to reimport...[39m[0m
[  53% ] [90m[1mreimport[22m | Preparing files to reimport...[39m[0m
[  53% ] [90m[1mreimport[22m | Preparing files to reimport...[39m[0m
[  53% ] [90m[1mreimport[22m | Preparing files to reimport...[39m[0m
[  53% ] [90m[1mreimport[22m | Preparing files to reimport...[39m[0m
[  53% ] [90m[1mreimport[22m | Preparing files to reimport...[39m[0m
[  53% ] [90m[1mreimport[22m | Preparing files to reimport...[39m[0m
[  53% ] [90m[1mreimport[22m | Preparing files to reimport...[39m[0m
[  53% ] [90m[1mreimport[22m | Preparing files to reimport...[39m[0m
[  53% ] [90m[1mreimport[22m | Preparing files to reimport...[39m[0m
[  53% ] [90m[1mreimport[22m | Preparing files to reimport...[39m[0m
[  53% ] [90m[1mreimport[22m | Preparing files to reimport...[39m[0m
[  53% ] [90m[1mreimport[22m | Preparing files to reimport...[39m[0m
[  53% ] [90m[1mreimport[22m | Preparing files to reimport...[39m[0m
[  53% ] [90m[1mreimport[22m | Preparing files to reimport...[39m[0m
[  54% ] [90m[1mreimport[22m | Preparing files to reimport...[39m[0m
[  54% ] [90m[1mreimport[22m | Preparing files to reimport...[39m[0m
[  54% ] [90m[1mreimport[22m | Preparing files to reimport...[39m[0m
[  54% ] [90m[1mreimport[22m | Preparing files to reimport...[39m[0m
[  54% ] [90m[1mreimport[22m | Preparing files to reimport...[39m[0m
[  54% ] [90m[1mreimport[22m | Preparing files to reimport...[39m[0m
[  54% ] [90m[1mreimport[22m | Preparing files to reimport...[39m[0m
[  54% ] [90m[1mreimport[22m | Preparing files to reimport...[39m[0m
[  54% ] [90m[1mreimport[22m | Preparing files to reimport...[39m[0m
[  54% ] [90m[1mreimport[22m | Preparing files to reimport...[39m[0m
[  54% ] [90m[1mreimport[22m | Preparing files to reimport...[39m[0m
[  54% ] [90m[1mreimport[22m | Preparing files to reimport...[39m[0m
[  54% ] [90m[1mreimport[22m | Preparing files to reimport...[39m[0m
[  54% ] [90m[1mreimport[22m | Preparing files to reimport...[39m[0m
[  54% ] [90m[1mreimport[22m | Preparing files to reimport...[39m[0m
[  54% ] [90m[1mreimport[22m | Preparing files to reimport...[39m[0m
[  54% ] [90m[1mreimport[22m | Preparing files to reimport...[39m[0m
[  54% ] [90m[1mreimport[22m | Preparing files to reimport...[39m[0m
[  54% ] [90m[1mreimport[22m | Preparing files to reimport...[39m[0m
[  54% ] [90m[1mreimport[22m | Preparing files to reimport...[39m[0m
[  54% ] [90m[1mreimport[22m | Preparing files to reimport...[39m[0m
[  54% ] [90m[1mreimport[22m | Preparing files to reimport...[39m[0m
[  54% ] [90m[1mreimport[22m | Preparing files to reimport...[39m[0m
[  54% ] [90m[1mreimport[22m | Preparing files to reimport...[39m[0m
[  54% ] [90m[1mreimport[22m | Preparing files to reimport...[39m[0m
[  54% ] [90m[1mreimport[22m | Preparing files to reimport...[39m[0m
[  54% ] [90m[1mreimport[22m | Preparing files to reimport...[39m[0m
[  55% ] [90m[1mreimport[22m | Preparing files to reimport...[39m[0m
[  55% ] [90m[1mreimport[22m | Preparing files to reimport...[39m[0m
[  55% ] [90m[1mreimport[22m | Preparing files to reimport...[39m[0m
[  55% ] [90m[1mreimport[22m | Preparing files to reimport...[39m[0m
[  55% ] [90m[1mreimport[22m | Preparing files to reimport...[39m[0m
[  55% ] [90m[1mreimport[22m | Preparing files to reimport...[39m[0m
[  55% ] [90m[1mreimport[22m | Preparing files to reimport...[39m[0m
[  55% ] [90m[1mreimport[22m | Preparing files to reimport...[39m[0m
[  55% ] [90m[1mreimport[22m | Preparing files to reimport...[39m[0m
[  55% ] [90m[1mreimport[22m | Preparing files to reimport...[39m[0m
[  55% ] [90m[1mreimport[22m | Preparing files to reimport...[39m[0m
[  55% ] [90m[1mreimport[22m | Preparing files to reimport...[39m[0m
[  55% ] [90m[1mreimport[22m | Preparing files to reimport...[39m[0m
[  55% ] [90m[1mreimport[22m | Preparing files to reimport...[39m[0m
[  55% ] [90m[1mreimport[22m | Preparing files to reimport...[39m[0m
[  55% ] [90m[1mreimport[22m | Preparing files to reimport...[39m[0m
[  55% ] [90m[1mreimport[22m | Preparing files to reimport...[39m[0m
[  55% ] [90m[1mreimport[22m | Preparing files to reimport...[39m[0m
[  55% ] [90m[1mreimport[22m | Preparing files to reimport...[39m[0m
[  55% ] [90m[1mreimport[22m | Preparing files to reimport...[39m[0m
[  55% ] [90m[1mreimport[22m | Preparing files to reimport...[39m[0m
[  55% ] [90m[1mreimport[22m | Preparing files to reimport...[39m[0m
[  55% ] [90m[1mreimport[22m | Preparing files to reimport...[39m[0m
[  55% ] [90m[1mreimport[22m | Preparing files to reimport...[39m[0m
[  55% ] [90m[1mreimport[22m | Preparing files to reimport...[39m[0m
[  55% ] [90m[1mreimport[22m | Preparing files to reimport...[39m[0m
[  55% ] [90m[1mreimport[22m | Preparing files to reimport...[39m[0m
[  55% ] [90m[1mreimport[22m | Preparing files to reimport...[39m[0m
[  56% ] [90m[1mreimport[22m | Preparing files to reimport...[39m[0m
[  56% ] [90m[1mreimport[22m | Preparing files to reimport...[39m[0m
[  56% ] [90m[1mreimport[22m | Preparing files to reimport...[39m[0m
[  56% ] [90m[1mreimport[22m | Preparing files to reimport...[39m[0m
[  56% ] [90m[1mreimport[22m | Preparing files to reimport...[39m[0m
[  56% ] [90m[1mreimport[22m | Preparing files to reimport...[39m[0m
[  56% ] [90m[1mreimport[22m | Preparing files to reimport...[39m[0m
[  56% ] [90m[1mreimport[22m | Preparing files to reimport...[39m[0m
[  56% ] [90m[1mreimport[22m | Preparing files to reimport...[39m[0m
[  56% ] [90m[1mreimport[22m | Preparing files to reimport...[39m[0m
[  56% ] [90m[1mreimport[22m | Preparing files to reimport...[39m[0m
[  56% ] [90m[1mreimport[22m | Preparing files to reimport...[39m[0m
[  56% ] [90m[1mreimport[22m | Preparing files to reimport...[39m[0m
[  56% ] [90m[1mreimport[22m | Preparing files to reimport...[39m[0m
[  56% ] [90m[1mreimport[22m | Preparing files to reimport...[39m[0m
[  56% ] [90m[1mreimport[22m | Preparing files to reimport...[39m[0m
[  56% ] [90m[1mreimport[22m | Preparing files to reimport...[39m[0m
[  56% ] [90m[1mreimport[22m | Preparing files to reimport...[39m[0m
[  56% ] [90m[1mreimport[22m | Preparing files to reimport...[39m[0m
[  56% ] [90m[1mreimport[22m | Preparing files to reimport...[39m[0m
[  56% ] [90m[1mreimport[22m | Preparing files to reimport...[39m[0m
[  56% ] [90m[1mreimport[22m | Preparing files to reimport...[39m[0m
[  56% ] [90m[1mreimport[22m | Preparing files to reimport...[39m[0m
[  56% ] [90m[1mreimport[22m | Preparing files to reimport...[39m[0m
[  56% ] [90m[1mreimport[22m | Preparing files to reimport...[39m[0m
[  56% ] [90m[1mreimport[22m | Preparing files to reimport...[39m[0m
[  56% ] [90m[1mreimport[22m | Preparing files to reimport...[39m[0m
[  57% ] [90m[1mreimport[22m | Preparing files to reimport...[39m[0m
[  57% ] [90m[1mreimport[22m | Preparing files to reimport...[39m[0m
[  57% ] [90m[1mreimport[22m | Preparing files to reimport...[39m[0m
[  57% ] [90m[1mreimport[22m | Preparing files to reimport...[39m[0m
[  57% ] [90m[1mreimport[22m | Preparing files to reimport...[39m[0m
[  57% ] [90m[1mreimport[22m | Preparing files to reimport...[39m[0m
[  57% ] [90m[1mreimport[22m | Preparing files to reimport...[39m[0m
[  57% ] [90m[1mreimport[22m | Preparing files to reimport...[39m[0m
[  57% ] [90m[1mreimport[22m | Preparing files to reimport...[39m[0m
[  57% ] [90m[1mreimport[22m | Preparing files to reimport...[39m[0m
[  57% ] [90m[1mreimport[22m | Preparing files to reimport...[39m[0m
[  57% ] [90m[1mreimport[22m | Preparing files to reimport...[39m[0m
[  57% ] [90m[1mreimport[22m | Preparing files to reimport...[39m[0m
[  57% ] [90m[1mreimport[22m | Preparing files to reimport...[39m[0m
[  57% ] [90m[1mreimport[22m | Preparing files to reimport...[39m[0m
[  57% ] [90m[1mreimport[22m | Preparing files to reimport...[39m[0m
[  57% ] [90m[1mreimport[22m | Preparing files to reimport...[39m[0m
[  57% ] [90m[1mreimport[22m | Preparing files to reimport...[39m[0m
[  57% ] [90m[1mreimport[22m | Preparing files to reimport...[39m[0m
[  57% ] [90m[1mreimport[22m | Preparing files to reimport...[39m[0m
[  57% ] [90m[1mreimport[22m | Preparing files to reimport...[39m[0m
[  57% ] [90m[1mreimport[22m | Preparing files to reimport...[39m[0m
[  57% ] [90m[1mreimport[22m | Preparing files to reimport...[39m[0m
[  57% ] [90m[1mreimport[22m | Preparing files to reimport...[39m[0m
[  57% ] [90m[1mreimport[22m | Preparing files to reimport...[39m[0m
[  57% ] [90m[1mreimport[22m | Preparing files to reimport...[39m[0m
[  57% ] [90m[1mreimport[22m | Preparing files to reimport...[39m[0m
[  57% ] [90m[1mreimport[22m | Preparing files to reimport...[39m[0m
[  58% ] [90m[1mreimport[22m | Preparing files to reimport...[39m[0m
[  58% ] [90m[1mreimport[22m | Preparing files to reimport...[39m[0m
[  58% ] [90m[1mreimport[22m | Preparing files to reimport...[39m[0m
[  58% ] [90m[1mreimport[22m | Preparing files to reimport...[39m[0m
[  58% ] [90m[1mreimport[22m | Preparing files to reimport...[39m[0m
[  58% ] [90m[1mreimport[22m | Preparing files to reimport...[39m[0m
[  58% ] [90m[1mreimport[22m | Preparing files to reimport...[39m[0m
[  58% ] [90m[1mreimport[22m | Preparing files to reimport...[39m[0m
[  58% ] [90m[1mreimport[22m | Preparing files to reimport...[39m[0m
[  58% ] [90m[1mreimport[22m | Preparing files to reimport...[39m[0m
[  58% ] [90m[1mreimport[22m | Preparing files to reimport...[39m[0m
[  58% ] [90m[1mreimport[22m | Preparing files to reimport...[39m[0m
[  58% ] [90m[1mreimport[22m | Preparing files to reimport...[39m[0m
[  58% ] [90m[1mreimport[22m | Preparing files to reimport...[39m[0m
[  58% ] [90m[1mreimport[22m | Preparing files to reimport...[39m[0m
[  58% ] [90m[1mreimport[22m | Preparing files to reimport...[39m[0m
[  58% ] [90m[1mreimport[22m | Preparing files to reimport...[39m[0m
[  58% ] [90m[1mreimport[22m | Preparing files to reimport...[39m[0m
[  58% ] [90m[1mreimport[22m | Preparing files to reimport...[39m[0m
[  58% ] [90m[1mreimport[22m | Preparing files to reimport...[39m[0m
[  58% ] [90m[1mreimport[22m | Preparing files to reimport...[39m[0m
[  58% ] [90m[1mreimport[22m | Preparing files to reimport...[39m[0m
[  58% ] [90m[1mreimport[22m | Preparing files to reimport...[39m[0m
[  58% ] [90m[1mreimport[22m | Preparing files to reimport...[39m[0m
[  58% ] [90m[1mreimport[22m | Preparing files to reimport...[39m[0m
[  58% ] [90m[1mreimport[22m | Preparing files to reimport...[39m[0m
[  58% ] [90m[1mreimport[22m | Preparing files to reimport...[39m[0m
[  59% ] [90m[1mreimport[22m | Preparing files to reimport...[39m[0m
[  59% ] [90m[1mreimport[22m | Preparing files to reimport...[39m[0m
[  59% ] [90m[1mreimport[22m | Preparing files to reimport...[39m[0m
[  59% ] [90m[1mreimport[22m | Preparing files to reimport...[39m[0m
[  59% ] [90m[1mreimport[22m | Preparing files to reimport...[39m[0m
[  59% ] [90m[1mreimport[22m | Preparing files to reimport...[39m[0m
[  59% ] [90m[1mreimport[22m | Preparing files to reimport...[39m[0m
[  59% ] [90m[1mreimport[22m | Preparing files to reimport...[39m[0m
[  59% ] [90m[1mreimport[22m | Preparing files to reimport...[39m[0m
[  59% ] [90m[1mreimport[22m | Preparing files to reimport...[39m[0m
[  59% ] [90m[1mreimport[22m | Preparing files to reimport...[39m[0m
[  59% ] [90m[1mreimport[22m | Preparing files to reimport...[39m[0m
[  59% ] [90m[1mreimport[22m | Preparing files to reimport...[39m[0m
[  59% ] [90m[1mreimport[22m | Preparing files to reimport...[39m[0m
[  59% ] [90m[1mreimport[22m | Preparing files to reimport...[39m[0m
[  59% ] [90m[1mreimport[22m | Preparing files to reimport...[39m[0m
[  59% ] [90m[1mreimport[22m | Preparing files to reimport...[39m[0m
[  59% ] [90m[1mreimport[22m | Preparing files to reimport...[39m[0m
[  59% ] [90m[1mreimport[22m | Preparing files to reimport...[39m[0m
[  59% ] [90m[1mreimport[22m | Preparing files to reimport...[39m[0m
[  59% ] [90m[1mreimport[22m | Preparing files to reimport...[39m[0m
[  59% ] [90m[1mreimport[22m | Preparing files to reimport...[39m[0m
[  59% ] [90m[1mreimport[22m | Preparing files to reimport...[39m[0m
[  59% ] [90m[1mreimport[22m | Preparing files to reimport...[39m[0m
[  59% ] [90m[1mreimport[22m | Preparing files to reimport...[39m[0m
[  59% ] [90m[1mreimport[22m | Preparing files to reimport...[39m[0m
[  59% ] [90m[1mreimport[22m | Preparing files to reimport...[39m[0m
[  60% ] [90m[1mreimport[22m | Preparing files to reimport...[39m[0m
[  60% ] [90m[1mreimport[22m | Preparing files to reimport...[39m[0m
[  60% ] [90m[1mreimport[22m | Preparing files to reimport...[39m[0m
[  60% ] [90m[1mreimport[22m | Preparing files to reimport...[39m[0m
[  60% ] [90m[1mreimport[22m | Preparing files to reimport...[39m[0m
[  60% ] [90m[1mreimport[22m | Preparing files to reimport...[39m[0m
[  60% ] [90m[1mreimport[22m | Preparing files to reimport...[39m[0m
[  60% ] [90m[1mreimport[22m | Preparing files to reimport...[39m[0m
[  60% ] [90m[1mreimport[22m | Preparing files to reimport...[39m[0m
[  60% ] [90m[1mreimport[22m | Preparing files to reimport...[39m[0m
[  60% ] [90m[1mreimport[22m | Preparing files to reimport...[39m[0m
[  60% ] [90m[1mreimport[22m | Preparing files to reimport...[39m[0m
[  60% ] [90m[1mreimport[22m | Preparing files to reimport...[39m[0m
[  60% ] [90m[1mreimport[22m | Preparing files to reimport...[39m[0m
[  60% ] [90m[1mreimport[22m | Preparing files to reimport...[39m[0m
[  60% ] [90m[1mreimport[22m | Preparing files to reimport...[39m[0m
[  60% ] [90m[1mreimport[22m | Preparing files to reimport...[39m[0m
[  60% ] [90m[1mreimport[22m | Preparing files to reimport...[39m[0m
[  60% ] [90m[1mreimport[22m | Preparing files to reimport...[39m[0m
[  60% ] [90m[1mreimport[22m | Preparing files to reimport...[39m[0m
[  60% ] [90m[1mreimport[22m | Preparing files to reimport...[39m[0m
[  60% ] [90m[1mreimport[22m | Preparing files to reimport...[39m[0m
[  60% ] [90m[1mreimport[22m | Preparing files to reimport...[39m[0m
[  60% ] [90m[1mreimport[22m | Preparing files to reimport...[39m[0m
[  60% ] [90m[1mreimport[22m | Preparing files to reimport...[39m[0m
[  60% ] [90m[1mreimport[22m | Preparing files to reimport...[39m[0m
[  60% ] [90m[1mreimport[22m | Preparing files to reimport...[39m[0m
[  60% ] [90m[1mreimport[22m | Preparing files to reimport...[39m[0m
[  61% ] [90m[1mreimport[22m | Preparing files to reimport...[39m[0m
[  61% ] [90m[1mreimport[22m | Preparing files to reimport...[39m[0m
[  61% ] [90m[1mreimport[22m | Preparing files to reimport...[39m[0m
[  61% ] [90m[1mreimport[22m | Preparing files to reimport...[39m[0m
[  61% ] [90m[1mreimport[22m | Preparing files to reimport...[39m[0m
[  61% ] [90m[1mreimport[22m | Preparing files to reimport...[39m[0m
[  61% ] [90m[1mreimport[22m | Preparing files to reimport...[39m[0m
[  61% ] [90m[1mreimport[22m | Preparing files to reimport...[39m[0m
[  61% ] [90m[1mreimport[22m | Preparing files to reimport...[39m[0m
[  61% ] [90m[1mreimport[22m | Preparing files to reimport...[39m[0m
[  61% ] [90m[1mreimport[22m | Preparing files to reimport...[39m[0m
[  61% ] [90m[1mreimport[22m | Preparing files to reimport...[39m[0m
[  61% ] [90m[1mreimport[22m | Preparing files to reimport...[39m[0m
[  61% ] [90m[1mreimport[22m | Preparing files to reimport...[39m[0m
[  61% ] [90m[1mreimport[22m | Preparing files to reimport...[39m[0m
[  61% ] [90m[1mreimport[22m | Preparing files to reimport...[39m[0m
[  61% ] [90m[1mreimport[22m | Preparing files to reimport...[39m[0m
[  61% ] [90m[1mreimport[22m | Preparing files to reimport...[39m[0m
[  61% ] [90m[1mreimport[22m | Preparing files to reimport...[39m[0m
[  61% ] [90m[1mreimport[22m | Preparing files to reimport...[39m[0m
[  61% ] [90m[1mreimport[22m | Preparing files to reimport...[39m[0m
[  61% ] [90m[1mreimport[22m | Preparing files to reimport...[39m[0m
[  61% ] [90m[1mreimport[22m | Preparing files to reimport...[39m[0m
[  61% ] [90m[1mreimport[22m | Preparing files to reimport...[39m[0m
[  61% ] [90m[1mreimport[22m | Preparing files to reimport...[39m[0m
[  61% ] [90m[1mreimport[22m | Preparing files to reimport...[39m[0m
[  61% ] [90m[1mreimport[22m | Preparing files to reimport...[39m[0m
[  62% ] [90m[1mreimport[22m | Preparing files to reimport...[39m[0m
[  62% ] [90m[1mreimport[22m | Preparing files to reimport...[39m[0m
[  62% ] [90m[1mreimport[22m | Preparing files to reimport...[39m[0m
[  62% ] [90m[1mreimport[22m | Preparing files to reimport...[39m[0m
[  62% ] [90m[1mreimport[22m | Preparing files to reimport...[39m[0m
[  62% ] [90m[1mreimport[22m | Preparing files to reimport...[39m[0m
[  62% ] [90m[1mreimport[22m | Preparing files to reimport...[39m[0m
[  62% ] [90m[1mreimport[22m | Preparing files to reimport...[39m[0m
[  62% ] [90m[1mreimport[22m | Preparing files to reimport...[39m[0m
[  62% ] [90m[1mreimport[22m | Preparing files to reimport...[39m[0m
[  62% ] [90m[1mreimport[22m | Preparing files to reimport...[39m[0m
[  62% ] [90m[1mreimport[22m | Preparing files to reimport...[39m[0m
[  62% ] [90m[1mreimport[22m | Preparing files to reimport...[39m[0m
[  62% ] [90m[1mreimport[22m | Preparing files to reimport...[39m[0m
[  62% ] [90m[1mreimport[22m | Preparing files to reimport...[39m[0m
[  62% ] [90m[1mreimport[22m | Preparing files to reimport...[39m[0m
[  62% ] [90m[1mreimport[22m | Preparing files to reimport...[39m[0m
[  62% ] [90m[1mreimport[22m | Preparing files to reimport...[39m[0m
[  62% ] [90m[1mreimport[22m | Preparing files to reimport...[39m[0m
[  62% ] [90m[1mreimport[22m | Preparing files to reimport...[39m[0m
[  62% ] [90m[1mreimport[22m | Preparing files to reimport...[39m[0m
[  62% ] [90m[1mreimport[22m | Preparing files to reimport...[39m[0m
[  62% ] [90m[1mreimport[22m | Preparing files to reimport...[39m[0m
[  62% ] [90m[1mreimport[22m | Preparing files to reimport...[39m[0m
[  62% ] [90m[1mreimport[22m | Preparing files to reimport...[39m[0m
[  62% ] [90m[1mreimport[22m | Preparing files to reimport...[39m[0m
[  62% ] [90m[1mreimport[22m | Preparing files to reimport...[39m[0m
[  62% ] [90m[1mreimport[22m | Preparing files to reimport...[39m[0m
[  63% ] [90m[1mreimport[22m | Preparing files to reimport...[39m[0m
[  63% ] [90m[1mreimport[22m | Preparing files to reimport...[39m[0m
[  63% ] [90m[1mreimport[22m | Preparing files to reimport...[39m[0m
[  63% ] [90m[1mreimport[22m | Preparing files to reimport...[39m[0m
[  63% ] [90m[1mreimport[22m | Preparing files to reimport...[39m[0m
[  63% ] [90m[1mreimport[22m | Preparing files to reimport...[39m[0m
[  63% ] [90m[1mreimport[22m | Preparing files to reimport...[39m[0m
[  63% ] [90m[1mreimport[22m | Preparing files to reimport...[39m[0m
[  63% ] [90m[1mreimport[22m | Preparing files to reimport...[39m[0m
[  63% ] [90m[1mreimport[22m | Preparing files to reimport...[39m[0m
[  63% ] [90m[1mreimport[22m | Preparing files to reimport...[39m[0m
[  63% ] [90m[1mreimport[22m | Preparing files to reimport...[39m[0m
[  63% ] [90m[1mreimport[22m | Preparing files to reimport...[39m[0m
[  63% ] [90m[1mreimport[22m | Preparing files to reimport...[39m[0m
[  63% ] [90m[1mreimport[22m | Preparing files to reimport...[39m[0m
[  63% ] [90m[1mreimport[22m | Preparing files to reimport...[39m[0m
[  63% ] [90m[1mreimport[22m | Preparing files to reimport...[39m[0m
[  63% ] [90m[1mreimport[22m | Preparing files to reimport...[39m[0m
[  63% ] [90m[1mreimport[22m | Preparing files to reimport...[39m[0m
[  63% ] [90m[1mreimport[22m | Preparing files to reimport...[39m[0m
[  63% ] [90m[1mreimport[22m | Preparing files to reimport...[39m[0m
[  63% ] [90m[1mreimport[22m | Preparing files to reimport...[39m[0m
[  63% ] [90m[1mreimport[22m | Preparing files to reimport...[39m[0m
[  63% ] [90m[1mreimport[22m | Preparing files to reimport...[39m[0m
[  63% ] [90m[1mreimport[22m | Preparing files to reimport...[39m[0m
[  63% ] [90m[1mreimport[22m | Preparing files to reimport...[39m[0m
[  63% ] [90m[1mreimport[22m | Preparing files to reimport...[39m[0m
[  64% ] [90m[1mreimport[22m | Preparing files to reimport...[39m[0m
[  64% ] [90m[1mreimport[22m | Preparing files to reimport...[39m[0m
[  64% ] [90m[1mreimport[22m | Preparing files to reimport...[39m[0m
[  64% ] [90m[1mreimport[22m | Preparing files to reimport...[39m[0m
[  64% ] [90m[1mreimport[22m | Preparing files to reimport...[39m[0m
[  64% ] [90m[1mreimport[22m | Preparing files to reimport...[39m[0m
[  64% ] [90m[1mreimport[22m | Preparing files to reimport...[39m[0m
[  64% ] [90m[1mreimport[22m | Preparing files to reimport...[39m[0m
[  64% ] [90m[1mreimport[22m | Preparing files to reimport...[39m[0m
[  64% ] [90m[1mreimport[22m | Preparing files to reimport...[39m[0m
[  64% ] [90m[1mreimport[22m | Preparing files to reimport...[39m[0m
[  64% ] [90m[1mreimport[22m | Preparing files to reimport...[39m[0m
[  64% ] [90m[1mreimport[22m | Preparing files to reimport...[39m[0m
[  64% ] [90m[1mreimport[22m | Preparing files to reimport...[39m[0m
[  64% ] [90m[1mreimport[22m | Preparing files to reimport...[39m[0m
[  64% ] [90m[1mreimport[22m | Preparing files to reimport...[39m[0m
[  64% ] [90m[1mreimport[22m | Preparing files to reimport...[39m[0m
[  64% ] [90m[1mreimport[22m | Preparing files to reimport...[39m[0m
[  64% ] [90m[1mreimport[22m | Preparing files to reimport...[39m[0m
[  64% ] [90m[1mreimport[22m | Preparing files to reimport...[39m[0m
[  64% ] [90m[1mreimport[22m | Preparing files to reimport...[39m[0m
[  64% ] [90m[1mreimport[22m | Preparing files to reimport...[39m[0m
[  64% ] [90m[1mreimport[22m | Preparing files to reimport...[39m[0m
[  64% ] [90m[1mreimport[22m | Preparing files to reimport...[39m[0m
[  64% ] [90m[1mreimport[22m | Preparing files to reimport...[39m[0m
[  64% ] [90m[1mreimport[22m | Preparing files to reimport...[39m[0m
[  64% ] [90m[1mreimport[22m | Preparing files to reimport...[39m[0m
[  65% ] [90m[1mreimport[22m | Preparing files to reimport...[39m[0m
[  65% ] [90m[1mreimport[22m | Preparing files to reimport...[39m[0m
[  65% ] [90m[1mreimport[22m | Preparing files to reimport...[39m[0m
[  65% ] [90m[1mreimport[22m | Preparing files to reimport...[39m[0m
[  65% ] [90m[1mreimport[22m | Preparing files to reimport...[39m[0m
[  65% ] [90m[1mreimport[22m | Preparing files to reimport...[39m[0m
[  65% ] [90m[1mreimport[22m | Preparing files to reimport...[39m[0m
[  65% ] [90m[1mreimport[22m | Preparing files to reimport...[39m[0m
[  65% ] [90m[1mreimport[22m | Preparing files to reimport...[39m[0m
[  65% ] [90m[1mreimport[22m | Preparing files to reimport...[39m[0m
[  65% ] [90m[1mreimport[22m | Preparing files to reimport...[39m[0m
[  65% ] [90m[1mreimport[22m | Preparing files to reimport...[39m[0m
[  65% ] [90m[1mreimport[22m | Preparing files to reimport...[39m[0m
[  65% ] [90m[1mreimport[22m | Preparing files to reimport...[39m[0m
[  65% ] [90m[1mreimport[22m | Preparing files to reimport...[39m[0m
[  65% ] [90m[1mreimport[22m | Preparing files to reimport...[39m[0m
[  65% ] [90m[1mreimport[22m | Preparing files to reimport...[39m[0m
[  65% ] [90m[1mreimport[22m | Preparing files to reimport...[39m[0m
[  65% ] [90m[1mreimport[22m | Preparing files to reimport...[39m[0m
[  65% ] [90m[1mreimport[22m | Preparing files to reimport...[39m[0m
[  65% ] [90m[1mreimport[22m | Preparing files to reimport...[39m[0m
[  65% ] [90m[1mreimport[22m | Preparing files to reimport...[39m[0m
[  65% ] [90m[1mreimport[22m | Preparing files to reimport...[39m[0m
[  65% ] [90m[1mreimport[22m | Preparing files to reimport...[39m[0m
[  65% ] [90m[1mreimport[22m | Preparing files to reimport...[39m[0m
[  65% ] [90m[1mreimport[22m | Preparing files to reimport...[39m[0m
[  65% ] [90m[1mreimport[22m | Preparing files to reimport...[39m[0m
[  65% ] [90m[1mreimport[22m | Preparing files to reimport...[39m[0m
[  66% ] [90m[1mreimport[22m | Preparing files to reimport...[39m[0m
[  66% ] [90m[1mreimport[22m | Preparing files to reimport...[39m[0m
[  66% ] [90m[1mreimport[22m | Preparing files to reimport...[39m[0m
[  66% ] [90m[1mreimport[22m | Preparing files to reimport...[39m[0m
[  66% ] [90m[1mreimport[22m | Preparing files to reimport...[39m[0m
[  66% ] [90m[1mreimport[22m | Preparing files to reimport...[39m[0m
[  66% ] [90m[1mreimport[22m | Preparing files to reimport...[39m[0m
[  66% ] [90m[1mreimport[22m | Preparing files to reimport...[39m[0m
[  66% ] [90m[1mreimport[22m | Preparing files to reimport...[39m[0m
[  66% ] [90m[1mreimport[22m | Preparing files to reimport...[39m[0m
[  66% ] [90m[1mreimport[22m | Preparing files to reimport...[39m[0m
[  66% ] [90m[1mreimport[22m | Preparing files to reimport...[39m[0m
[  66% ] [90m[1mreimport[22m | Preparing files to reimport...[39m[0m
[  66% ] [90m[1mreimport[22m | Preparing files to reimport...[39m[0m
[  66% ] [90m[1mreimport[22m | Preparing files to reimport...[39m[0m
[  66% ] [90m[1mreimport[22m | Preparing files to reimport...[39m[0m
[  66% ] [90m[1mreimport[22m | Preparing files to reimport...[39m[0m
[  66% ] [90m[1mreimport[22m | Preparing files to reimport...[39m[0m
[  66% ] [90m[1mreimport[22m | Preparing files to reimport...[39m[0m
[  66% ] [90m[1mreimport[22m | Preparing files to reimport...[39m[0m
[  66% ] [90m[1mreimport[22m | Preparing files to reimport...[39m[0m
[  66% ] [90m[1mreimport[22m | Preparing files to reimport...[39m[0m
[  66% ] [90m[1mreimport[22m | Preparing files to reimport...[39m[0m
[  66% ] [90m[1mreimport[22m | Preparing files to reimport...[39m[0m
[  66% ] [90m[1mreimport[22m | Preparing files to reimport...[39m[0m
[  66% ] [90m[1mreimport[22m | Preparing files to reimport...[39m[0m
[  66% ] [90m[1mreimport[22m | Preparing files to reimport...[39m[0m
[  67% ] [90m[1mreimport[22m | Preparing files to reimport...[39m[0m
[  67% ] [90m[1mreimport[22m | Preparing files to reimport...[39m[0m
[  67% ] [90m[1mreimport[22m | Preparing files to reimport...[39m[0m
[  67% ] [90m[1mreimport[22m | Preparing files to reimport...[39m[0m
[  67% ] [90m[1mreimport[22m | Preparing files to reimport...[39m[0m
[  67% ] [90m[1mreimport[22m | Preparing files to reimport...[39m[0m
[  67% ] [90m[1mreimport[22m | Preparing files to reimport...[39m[0m
[  67% ] [90m[1mreimport[22m | Preparing files to reimport...[39m[0m
[  67% ] [90m[1mreimport[22m | Preparing files to reimport...[39m[0m
[  67% ] [90m[1mreimport[22m | Preparing files to reimport...[39m[0m
[  67% ] [90m[1mreimport[22m | Preparing files to reimport...[39m[0m
[  67% ] [90m[1mreimport[22m | Preparing files to reimport...[39m[0m
[  67% ] [90m[1mreimport[22m | Preparing files to reimport...[39m[0m
[  67% ] [90m[1mreimport[22m | Preparing files to reimport...[39m[0m
[  67% ] [90m[1mreimport[22m | Preparing files to reimport...[39m[0m
[  67% ] [90m[1mreimport[22m | Preparing files to reimport...[39m[0m
[  67% ] [90m[1mreimport[22m | Preparing files to reimport...[39m[0m
[  67% ] [90m[1mreimport[22m | Preparing files to reimport...[39m[0m
[  67% ] [90m[1mreimport[22m | Preparing files to reimport...[39m[0m
[  67% ] [90m[1mreimport[22m | Preparing files to reimport...[39m[0m
[  67% ] [90m[1mreimport[22m | Preparing files to reimport...[39m[0m
[  67% ] [90m[1mreimport[22m | Preparing files to reimport...[39m[0m
[  67% ] [90m[1mreimport[22m | Preparing files to reimport...[39m[0m
[  67% ] [90m[1mreimport[22m | Preparing files to reimport...[39m[0m
[  67% ] [90m[1mreimport[22m | Preparing files to reimport...[39m[0m
[  67% ] [90m[1mreimport[22m | Preparing files to reimport...[39m[0m
[  67% ] [90m[1mreimport[22m | Preparing files to reimport...[39m[0m
[  67% ] [90m[1mreimport[22m | Preparing files to reimport...[39m[0m
[  68% ] [90m[1mreimport[22m | Preparing files to reimport...[39m[0m
[  68% ] [90m[1mreimport[22m | Preparing files to reimport...[39m[0m
[  68% ] [90m[1mreimport[22m | Preparing files to reimport...[39m[0m
[  68% ] [90m[1mreimport[22m | Preparing files to reimport...[39m[0m
[  68% ] [90m[1mreimport[22m | Preparing files to reimport...[39m[0m
[  68% ] [90m[1mreimport[22m | Preparing files to reimport...[39m[0m
[  68% ] [90m[1mreimport[22m | Preparing files to reimport...[39m[0m
[  68% ] [90m[1mreimport[22m | Preparing files to reimport...[39m[0m
[  68% ] [90m[1mreimport[22m | Preparing files to reimport...[39m[0m
[  68% ] [90m[1mreimport[22m | Preparing files to reimport...[39m[0m
[  68% ] [90m[1mreimport[22m | Preparing files to reimport...[39m[0m
[  68% ] [90m[1mreimport[22m | Preparing files to reimport...[39m[0m
[  68% ] [90m[1mreimport[22m | Preparing files to reimport...[39m[0m
[  68% ] [90m[1mreimport[22m | Preparing files to reimport...[39m[0m
[  68% ] [90m[1mreimport[22m | Preparing files to reimport...[39m[0m
[  68% ] [90m[1mreimport[22m | Preparing files to reimport...[39m[0m
[  68% ] [90m[1mreimport[22m | Preparing files to reimport...[39m[0m
[  68% ] [90m[1mreimport[22m | Preparing files to reimport...[39m[0m
[  68% ] [90m[1mreimport[22m | Preparing files to reimport...[39m[0m
[  68% ] [90m[1mreimport[22m | Preparing files to reimport...[39m[0m
[  68% ] [90m[1mreimport[22m | Preparing files to reimport...[39m[0m
[  68% ] [90m[1mreimport[22m | Preparing files to reimport...[39m[0m
[  68% ] [90m[1mreimport[22m | Preparing files to reimport...[39m[0m
[  68% ] [90m[1mreimport[22m | Preparing files to reimport...[39m[0m
[  68% ] [90m[1mreimport[22m | Preparing files to reimport...[39m[0m
[  68% ] [90m[1mreimport[22m | Preparing files to reimport...[39m[0m
[  68% ] [90m[1mreimport[22m | Preparing files to reimport...[39m[0m
[  69% ] [90m[1mreimport[22m | Preparing files to reimport...[39m[0m
[  69% ] [90m[1mreimport[22m | Preparing files to reimport...[39m[0m
[  69% ] [90m[1mreimport[22m | Preparing files to reimport...[39m[0m
[  69% ] [90m[1mreimport[22m | Preparing files to reimport...[39m[0m
[  69% ] [90m[1mreimport[22m | Preparing files to reimport...[39m[0m
[  69% ] [90m[1mreimport[22m | Preparing files to reimport...[39m[0m
[  69% ] [90m[1mreimport[22m | Preparing files to reimport...[39m[0m
[  69% ] [90m[1mreimport[22m | Preparing files to reimport...[39m[0m
[  69% ] [90m[1mreimport[22m | Preparing files to reimport...[39m[0m
[  69% ] [90m[1mreimport[22m | Preparing files to reimport...[39m[0m
[  69% ] [90m[1mreimport[22m | Preparing files to reimport...[39m[0m
[  69% ] [90m[1mreimport[22m | Preparing files to reimport...[39m[0m
[  69% ] [90m[1mreimport[22m | Preparing files to reimport...[39m[0m
[  69% ] [90m[1mreimport[22m | Preparing files to reimport...[39m[0m
[  69% ] [90m[1mreimport[22m | Preparing files to reimport...[39m[0m
[  69% ] [90m[1mreimport[22m | Preparing files to reimport...[39m[0m
[  69% ] [90m[1mreimport[22m | Preparing files to reimport...[39m[0m
[  69% ] [90m[1mreimport[22m | Preparing files to reimport...[39m[0m
[  69% ] [90m[1mreimport[22m | Preparing files to reimport...[39m[0m
[  69% ] [90m[1mreimport[22m | Preparing files to reimport...[39m[0m
[  69% ] [90m[1mreimport[22m | Preparing files to reimport...[39m[0m
[  69% ] [90m[1mreimport[22m | Preparing files to reimport...[39m[0m
[  69% ] [90m[1mreimport[22m | Preparing files to reimport...[39m[0m
[  69% ] [90m[1mreimport[22m | Preparing files to reimport...[39m[0m
[  69% ] [90m[1mreimport[22m | Preparing files to reimport...[39m[0m
[  69% ] [90m[1mreimport[22m | Preparing files to reimport...[39m[0m
[  69% ] [90m[1mreimport[22m | Preparing files to reimport...[39m[0m
[  70% ] [90m[1mreimport[22m | Preparing files to reimport...[39m[0m
[  70% ] [90m[1mreimport[22m | Preparing files to reimport...[39m[0m
[  70% ] [90m[1mreimport[22m | Preparing files to reimport...[39m[0m
[  70% ] [90m[1mreimport[22m | Preparing files to reimport...[39m[0m
[  70% ] [90m[1mreimport[22m | Preparing files to reimport...[39m[0m
[  70% ] [90m[1mreimport[22m | Preparing files to reimport...[39m[0m
[  70% ] [90m[1mreimport[22m | Preparing files to reimport...[39m[0m
[  70% ] [90m[1mreimport[22m | Preparing files to reimport...[39m[0m
[  70% ] [90m[1mreimport[22m | Preparing files to reimport...[39m[0m
[  70% ] [90m[1mreimport[22m | Preparing files to reimport...[39m[0m
[  70% ] [90m[1mreimport[22m | Preparing files to reimport...[39m[0m
[  70% ] [90m[1mreimport[22m | Preparing files to reimport...[39m[0m
[  70% ] [90m[1mreimport[22m | Preparing files to reimport...[39m[0m
[  70% ] [90m[1mreimport[22m | Preparing files to reimport...[39m[0m
[  70% ] [90m[1mreimport[22m | Preparing files to reimport...[39m[0m
[  70% ] [90m[1mreimport[22m | Preparing files to reimport...[39m[0m
[  70% ] [90m[1mreimport[22m | Preparing files to reimport...[39m[0m
[  70% ] [90m[1mreimport[22m | Preparing files to reimport...[39m[0m
[  70% ] [90m[1mreimport[22m | Preparing files to reimport...[39m[0m
[  70% ] [90m[1mreimport[22m | Preparing files to reimport...[39m[0m
[  70% ] [90m[1mreimport[22m | Preparing files to reimport...[39m[0m
[  70% ] [90m[1mreimport[22m | Preparing files to reimport...[39m[0m
[  70% ] [90m[1mreimport[22m | Preparing files to reimport...[39m[0m
[  70% ] [90m[1mreimport[22m | Preparing files to reimport...[39m[0m
[  70% ] [90m[1mreimport[22m | Preparing files to reimport...[39m[0m
[  70% ] [90m[1mreimport[22m | Preparing files to reimport...[39m[0m
[  70% ] [90m[1mreimport[22m | Preparing files to reimport...[39m[0m
[  70% ] [90m[1mreimport[22m | Preparing files to reimport...[39m[0m
[  71% ] [90m[1mreimport[22m | Preparing files to reimport...[39m[0m
[  71% ] [90m[1mreimport[22m | Preparing files to reimport...[39m[0m
[  71% ] [90m[1mreimport[22m | Preparing files to reimport...[39m[0m
[  71% ] [90m[1mreimport[22m | Preparing files to reimport...[39m[0m
[  71% ] [90m[1mreimport[22m | Preparing files to reimport...[39m[0m
[  71% ] [90m[1mreimport[22m | Preparing files to reimport...[39m[0m
[  71% ] [90m[1mreimport[22m | Preparing files to reimport...[39m[0m
[  71% ] [90m[1mreimport[22m | Preparing files to reimport...[39m[0m
[  71% ] [90m[1mreimport[22m | Preparing files to reimport...[39m[0m
[  71% ] [90m[1mreimport[22m | Preparing files to reimport...[39m[0m
[  71% ] [90m[1mreimport[22m | Preparing files to reimport...[39m[0m
[  71% ] [90m[1mreimport[22m | Preparing files to reimport...[39m[0m
[  71% ] [90m[1mreimport[22m | Preparing files to reimport...[39m[0m
[  71% ] [90m[1mreimport[22m | Preparing files to reimport...[39m[0m
[  71% ] [90m[1mreimport[22m | Preparing files to reimport...[39m[0m
[  71% ] [90m[1mreimport[22m | Preparing files to reimport...[39m[0m
[  71% ] [90m[1mreimport[22m | Preparing files to reimport...[39m[0m
[  71% ] [90m[1mreimport[22m | Preparing files to reimport...[39m[0m
[  71% ] [90m[1mreimport[22m | Preparing files to reimport...[39m[0m
[  71% ] [90m[1mreimport[22m | Preparing files to reimport...[39m[0m
[  71% ] [90m[1mreimport[22m | Preparing files to reimport...[39m[0m
[  71% ] [90m[1mreimport[22m | Preparing files to reimport...[39m[0m
[  71% ] [90m[1mreimport[22m | Preparing files to reimport...[39m[0m
[  71% ] [90m[1mreimport[22m | Preparing files to reimport...[39m[0m
[  71% ] [90m[1mreimport[22m | Preparing files to reimport...[39m[0m
[  71% ] [90m[1mreimport[22m | Preparing files to reimport...[39m[0m
[  71% ] [90m[1mreimport[22m | Preparing files to reimport...[39m[0m
[  72% ] [90m[1mreimport[22m | Preparing files to reimport...[39m[0m
[  72% ] [90m[1mreimport[22m | Preparing files to reimport...[39m[0m
[  72% ] [90m[1mreimport[22m | Preparing files to reimport...[39m[0m
[  72% ] [90m[1mreimport[22m | Preparing files to reimport...[39m[0m
[  72% ] [90m[1mreimport[22m | Preparing files to reimport...[39m[0m
[  72% ] [90m[1mreimport[22m | Preparing files to reimport...[39m[0m
[  72% ] [90m[1mreimport[22m | Preparing files to reimport...[39m[0m
[  72% ] [90m[1mreimport[22m | Preparing files to reimport...[39m[0m
[  72% ] [90m[1mreimport[22m | Preparing files to reimport...[39m[0m
[  72% ] [90m[1mreimport[22m | Preparing files to reimport...[39m[0m
[  72% ] [90m[1mreimport[22m | Preparing files to reimport...[39m[0m
[  72% ] [90m[1mreimport[22m | Preparing files to reimport...[39m[0m
[  72% ] [90m[1mreimport[22m | Preparing files to reimport...[39m[0m
[  72% ] [90m[1mreimport[22m | Preparing files to reimport...[39m[0m
[  72% ] [90m[1mreimport[22m | Preparing files to reimport...[39m[0m
[  72% ] [90m[1mreimport[22m | Preparing files to reimport...[39m[0m
[  72% ] [90m[1mreimport[22m | Preparing files to reimport...[39m[0m
[  72% ] [90m[1mreimport[22m | Preparing files to reimport...[39m[0m
[  72% ] [90m[1mreimport[22m | Preparing files to reimport...[39m[0m
[  72% ] [90m[1mreimport[22m | Preparing files to reimport...[39m[0m
[  72% ] [90m[1mreimport[22m | Preparing files to reimport...[39m[0m
[  72% ] [90m[1mreimport[22m | Preparing files to reimport...[39m[0m
[  72% ] [90m[1mreimport[22m | Preparing files to reimport...[39m[0m
[  72% ] [90m[1mreimport[22m | Preparing files to reimport...[39m[0m
[  72% ] [90m[1mreimport[22m | Preparing files to reimport...[39m[0m
[  72% ] [90m[1mreimport[22m | Preparing files to reimport...[39m[0m
[  72% ] [90m[1mreimport[22m | Preparing files to reimport...[39m[0m
[  72% ] [90m[1mreimport[22m | Preparing files to reimport...[39m[0m
[  73% ] [90m[1mreimport[22m | Preparing files to reimport...[39m[0m
[  73% ] [90m[1mreimport[22m | Preparing files to reimport...[39m[0m
[  73% ] [90m[1mreimport[22m | Preparing files to reimport...[39m[0m
[  73% ] [90m[1mreimport[22m | Preparing files to reimport...[39m[0m
[  73% ] [90m[1mreimport[22m | Preparing files to reimport...[39m[0m
[  73% ] [90m[1mreimport[22m | Preparing files to reimport...[39m[0m
[  73% ] [90m[1mreimport[22m | Preparing files to reimport...[39m[0m
[  73% ] [90m[1mreimport[22m | Preparing files to reimport...[39m[0m
[  73% ] [90m[1mreimport[22m | Preparing files to reimport...[39m[0m
[  73% ] [90m[1mreimport[22m | Preparing files to reimport...[39m[0m
[  73% ] [90m[1mreimport[22m | Preparing files to reimport...[39m[0m
[  73% ] [90m[1mreimport[22m | Preparing files to reimport...[39m[0m
[  73% ] [90m[1mreimport[22m | Preparing files to reimport...[39m[0m
[  73% ] [90m[1mreimport[22m | Preparing files to reimport...[39m[0m
[  73% ] [90m[1mreimport[22m | Preparing files to reimport...[39m[0m
[  73% ] [90m[1mreimport[22m | Preparing files to reimport...[39m[0m
[  73% ] [90m[1mreimport[22m | Preparing files to reimport...[39m[0m
[  73% ] [90m[1mreimport[22m | Preparing files to reimport...[39m[0m
[  73% ] [90m[1mreimport[22m | Preparing files to reimport...[39m[0m
[  73% ] [90m[1mreimport[22m | Preparing files to reimport...[39m[0m
[  73% ] [90m[1mreimport[22m | Preparing files to reimport...[39m[0m
[  73% ] [90m[1mreimport[22m | Preparing files to reimport...[39m[0m
[  73% ] [90m[1mreimport[22m | Preparing files to reimport...[39m[0m
[  73% ] [90m[1mreimport[22m | Preparing files to reimport...[39m[0m
[  73% ] [90m[1mreimport[22m | Preparing files to reimport...[39m[0m
[  73% ] [90m[1mreimport[22m | Preparing files to reimport...[39m[0m
[  73% ] [90m[1mreimport[22m | Preparing files to reimport...[39m[0m
[  74% ] [90m[1mreimport[22m | Preparing files to reimport...[39m[0m
[  74% ] [90m[1mreimport[22m | Preparing files to reimport...[39m[0m
[  74% ] [90m[1mreimport[22m | Preparing files to reimport...[39m[0m
[  74% ] [90m[1mreimport[22m | Preparing files to reimport...[39m[0m
[  74% ] [90m[1mreimport[22m | Preparing files to reimport...[39m[0m
[  74% ] [90m[1mreimport[22m | Preparing files to reimport...[39m[0m
[  74% ] [90m[1mreimport[22m | Preparing files to reimport...[39m[0m
[  74% ] [90m[1mreimport[22m | Preparing files to reimport...[39m[0m
[  74% ] [90m[1mreimport[22m | Preparing files to reimport...[39m[0m
[  74% ] [90m[1mreimport[22m | Preparing files to reimport...[39m[0m
[  74% ] [90m[1mreimport[22m | Preparing files to reimport...[39m[0m
[  74% ] [90m[1mreimport[22m | Preparing files to reimport...[39m[0m
[  74% ] [90m[1mreimport[22m | Preparing files to reimport...[39m[0m
[  74% ] [90m[1mreimport[22m | Preparing files to reimport...[39m[0m
[  74% ] [90m[1mreimport[22m | Preparing files to reimport...[39m[0m
[  74% ] [90m[1mreimport[22m | Preparing files to reimport...[39m[0m
[  74% ] [90m[1mreimport[22m | Preparing files to reimport...[39m[0m
[  74% ] [90m[1mreimport[22m | Preparing files to reimport...[39m[0m
[  74% ] [90m[1mreimport[22m | Preparing files to reimport...[39m[0m
[  74% ] [90m[1mreimport[22m | Preparing files to reimport...[39m[0m
[  74% ] [90m[1mreimport[22m | Preparing files to reimport...[39m[0m
[  74% ] [90m[1mreimport[22m | Preparing files to reimport...[39m[0m
[  74% ] [90m[1mreimport[22m | Preparing files to reimport...[39m[0m
[  74% ] [90m[1mreimport[22m | Preparing files to reimport...[39m[0m
[  74% ] [90m[1mreimport[22m | Preparing files to reimport...[39m[0m
[  74% ] [90m[1mreimport[22m | Preparing files to reimport...[39m[0m
[  74% ] [90m[1mreimport[22m | Preparing files to reimport...[39m[0m
[  75% ] [90m[1mreimport[22m | Preparing files to reimport...[39m[0m
[  75% ] [90m[1mreimport[22m | Preparing files to reimport...[39m[0m
[  75% ] [90m[1mreimport[22m | Preparing files to reimport...[39m[0m
[  75% ] [90m[1mreimport[22m | Preparing files to reimport...[39m[0m
[  75% ] [90m[1mreimport[22m | Preparing files to reimport...[39m[0m
[  75% ] [90m[1mreimport[22m | Preparing files to reimport...[39m[0m
[  75% ] [90m[1mreimport[22m | Preparing files to reimport...[39m[0m
[  75% ] [90m[1mreimport[22m | Preparing files to reimport...[39m[0m
[  75% ] [90m[1mreimport[22m | Preparing files to reimport...[39m[0m
[  75% ] [90m[1mreimport[22m | Preparing files to reimport...[39m[0m
[  75% ] [90m[1mreimport[22m | Preparing files to reimport...[39m[0m
[  75% ] [90m[1mreimport[22m | Preparing files to reimport...[39m[0m
[  75% ] [90m[1mreimport[22m | Preparing files to reimport...[39m[0m
[  75% ] [90m[1mreimport[22m | Preparing files to reimport...[39m[0m
[  75% ] [90m[1mreimport[22m | Preparing files to reimport...[39m[0m
[  75% ] [90m[1mreimport[22m | Preparing files to reimport...[39m[0m
[  75% ] [90m[1mreimport[22m | Preparing files to reimport...[39m[0m
[  75% ] [90m[1mreimport[22m | Preparing files to reimport...[39m[0m
[  75% ] [90m[1mreimport[22m | Preparing files to reimport...[39m[0m
[  75% ] [90m[1mreimport[22m | Preparing files to reimport...[39m[0m
[  75% ] [90m[1mreimport[22m | Preparing files to reimport...[39m[0m
[  75% ] [90m[1mreimport[22m | Preparing files to reimport...[39m[0m
[  75% ] [90m[1mreimport[22m | Preparing files to reimport...[39m[0m
[  75% ] [90m[1mreimport[22m | Preparing files to reimport...[39m[0m
[  75% ] [90m[1mreimport[22m | Preparing files to reimport...[39m[0m
[  75% ] [90m[1mreimport[22m | Preparing files to reimport...[39m[0m
[  75% ] [90m[1mreimport[22m | Preparing files to reimport...[39m[0m
[  75% ] [90m[1mreimport[22m | Preparing files to reimport...[39m[0m
[  76% ] [90m[1mreimport[22m | Preparing files to reimport...[39m[0m
[  76% ] [90m[1mreimport[22m | Preparing files to reimport...[39m[0m
[  76% ] [90m[1mreimport[22m | Preparing files to reimport...[39m[0m
[  76% ] [90m[1mreimport[22m | Preparing files to reimport...[39m[0m
[  76% ] [90m[1mreimport[22m | Preparing files to reimport...[39m[0m
[  76% ] [90m[1mreimport[22m | Preparing files to reimport...[39m[0m
[  76% ] [90m[1mreimport[22m | Preparing files to reimport...[39m[0m
[  76% ] [90m[1mreimport[22m | Preparing files to reimport...[39m[0m
[  76% ] [90m[1mreimport[22m | Preparing files to reimport...[39m[0m
[  76% ] [90m[1mreimport[22m | Preparing files to reimport...[39m[0m
[  76% ] [90m[1mreimport[22m | Preparing files to reimport...[39m[0m
[  76% ] [90m[1mreimport[22m | Preparing files to reimport...[39m[0m
[  76% ] [90m[1mreimport[22m | Preparing files to reimport...[39m[0m
[  76% ] [90m[1mreimport[22m | Preparing files to reimport...[39m[0m
[  76% ] [90m[1mreimport[22m | Preparing files to reimport...[39m[0m
[  76% ] [90m[1mreimport[22m | Preparing files to reimport...[39m[0m
[  76% ] [90m[1mreimport[22m | Preparing files to reimport...[39m[0m
[  76% ] [90m[1mreimport[22m | Preparing files to reimport...[39m[0m
[  76% ] [90m[1mreimport[22m | Preparing files to reimport...[39m[0m
[  76% ] [90m[1mreimport[22m | Preparing files to reimport...[39m[0m
[  76% ] [90m[1mreimport[22m | Preparing files to reimport...[39m[0m
[  76% ] [90m[1mreimport[22m | Preparing files to reimport...[39m[0m
[  76% ] [90m[1mreimport[22m | Preparing files to reimport...[39m[0m
[  76% ] [90m[1mreimport[22m | Preparing files to reimport...[39m[0m
[  76% ] [90m[1mreimport[22m | Preparing files to reimport...[39m[0m
[  76% ] [90m[1mreimport[22m | Preparing files to reimport...[39m[0m
[  76% ] [90m[1mreimport[22m | Preparing files to reimport...[39m[0m
[  77% ] [90m[1mreimport[22m | Preparing files to reimport...[39m[0m
[  77% ] [90m[1mreimport[22m | Preparing files to reimport...[39m[0m
[  77% ] [90m[1mreimport[22m | Preparing files to reimport...[39m[0m
[  77% ] [90m[1mreimport[22m | Preparing files to reimport...[39m[0m
[  77% ] [90m[1mreimport[22m | Preparing files to reimport...[39m[0m
[  77% ] [90m[1mreimport[22m | Preparing files to reimport...[39m[0m
[  77% ] [90m[1mreimport[22m | Preparing files to reimport...[39m[0m
[  77% ] [90m[1mreimport[22m | Preparing files to reimport...[39m[0m
[  77% ] [90m[1mreimport[22m | Preparing files to reimport...[39m[0m
[  77% ] [90m[1mreimport[22m | Preparing files to reimport...[39m[0m
[  77% ] [90m[1mreimport[22m | Preparing files to reimport...[39m[0m
[  77% ] [90m[1mreimport[22m | Preparing files to reimport...[39m[0m
[  77% ] [90m[1mreimport[22m | Preparing files to reimport...[39m[0m
[  77% ] [90m[1mreimport[22m | Preparing files to reimport...[39m[0m
[  77% ] [90m[1mreimport[22m | Preparing files to reimport...[39m[0m
[  77% ] [90m[1mreimport[22m | Preparing files to reimport...[39m[0m
[  77% ] [90m[1mreimport[22m | Preparing files to reimport...[39m[0m
[  77% ] [90m[1mreimport[22m | Preparing files to reimport...[39m[0m
[  77% ] [90m[1mreimport[22m | Preparing files to reimport...[39m[0m
[  77% ] [90m[1mreimport[22m | Preparing files to reimport...[39m[0m
[  77% ] [90m[1mreimport[22m | Preparing files to reimport...[39m[0m
[  77% ] [90m[1mreimport[22m | Preparing files to reimport...[39m[0m
[  77% ] [90m[1mreimport[22m | Preparing files to reimport...[39m[0m
[  77% ] [90m[1mreimport[22m | Preparing files to reimport...[39m[0m
[  77% ] [90m[1mreimport[22m | Preparing files to reimport...[39m[0m
[  77% ] [90m[1mreimport[22m | Preparing files to reimport...[39m[0m
[  77% ] [90m[1mreimport[22m | Preparing files to reimport...[39m[0m
[  77% ] [90m[1mreimport[22m | Preparing files to reimport...[39m[0m
[  78% ] [90m[1mreimport[22m | Preparing files to reimport...[39m[0m
[  78% ] [90m[1mreimport[22m | Preparing files to reimport...[39m[0m
[  78% ] [90m[1mreimport[22m | Preparing files to reimport...[39m[0m
[  78% ] [90m[1mreimport[22m | Preparing files to reimport...[39m[0m
[  78% ] [90m[1mreimport[22m | Preparing files to reimport...[39m[0m
[  78% ] [90m[1mreimport[22m | Preparing files to reimport...[39m[0m
[  78% ] [90m[1mreimport[22m | Preparing files to reimport...[39m[0m
[  78% ] [90m[1mreimport[22m | Preparing files to reimport...[39m[0m
[  78% ] [90m[1mreimport[22m | Preparing files to reimport...[39m[0m
[  78% ] [90m[1mreimport[22m | Preparing files to reimport...[39m[0m
[  78% ] [90m[1mreimport[22m | Preparing files to reimport...[39m[0m
[  78% ] [90m[1mreimport[22m | Preparing files to reimport...[39m[0m
[  78% ] [90m[1mreimport[22m | Preparing files to reimport...[39m[0m
[  78% ] [90m[1mreimport[22m | Preparing files to reimport...[39m[0m
[  78% ] [90m[1mreimport[22m | Preparing files to reimport...[39m[0m
[  78% ] [90m[1mreimport[22m | Preparing files to reimport...[39m[0m
[  78% ] [90m[1mreimport[22m | Preparing files to reimport...[39m[0m
[  78% ] [90m[1mreimport[22m | Preparing files to reimport...[39m[0m
[  78% ] [90m[1mreimport[22m | Preparing files to reimport...[39m[0m
[  78% ] [90m[1mreimport[22m | Preparing files to reimport...[39m[0m
[  78% ] [90m[1mreimport[22m | Preparing files to reimport...[39m[0m
[  78% ] [90m[1mreimport[22m | Preparing files to reimport...[39m[0m
[  78% ] [90m[1mreimport[22m | Preparing files to reimport...[39m[0m
[  78% ] [90m[1mreimport[22m | Preparing files to reimport...[39m[0m
[  78% ] [90m[1mreimport[22m | Preparing files to reimport...[39m[0m
[  78% ] [90m[1mreimport[22m | Preparing files to reimport...[39m[0m
[  78% ] [90m[1mreimport[22m | Preparing files to reimport...[39m[0m
[  79% ] [90m[1mreimport[22m | Preparing files to reimport...[39m[0m
[  79% ] [90m[1mreimport[22m | Preparing files to reimport...[39m[0m
[  79% ] [90m[1mreimport[22m | Preparing files to reimport...[39m[0m
[  79% ] [90m[1mreimport[22m | Preparing files to reimport...[39m[0m
[  79% ] [90m[1mreimport[22m | Preparing files to reimport...[39m[0m
[  79% ] [90m[1mreimport[22m | Preparing files to reimport...[39m[0m
[  79% ] [90m[1mreimport[22m | Preparing files to reimport...[39m[0m
[  79% ] [90m[1mreimport[22m | Preparing files to reimport...[39m[0m
[  79% ] [90m[1mreimport[22m | Preparing files to reimport...[39m[0m
[  79% ] [90m[1mreimport[22m | Preparing files to reimport...[39m[0m
[  79% ] [90m[1mreimport[22m | Preparing files to reimport...[39m[0m
[  79% ] [90m[1mreimport[22m | Preparing files to reimport...[39m[0m
[  79% ] [90m[1mreimport[22m | Preparing files to reimport...[39m[0m
[  79% ] [90m[1mreimport[22m | Preparing files to reimport...[39m[0m
[  79% ] [90m[1mreimport[22m | Preparing files to reimport...[39m[0m
[  79% ] [90m[1mreimport[22m | Preparing files to reimport...[39m[0m
[  79% ] [90m[1mreimport[22m | Preparing files to reimport...[39m[0m
[  79% ] [90m[1mreimport[22m | Preparing files to reimport...[39m[0m
[  79% ] [90m[1mreimport[22m | Preparing files to reimport...[39m[0m
[  79% ] [90m[1mreimport[22m | Preparing files to reimport...[39m[0m
[  79% ] [90m[1mreimport[22m | Preparing files to reimport...[39m[0m
[  79% ] [90m[1mreimport[22m | Preparing files to reimport...[39m[0m
[  79% ] [90m[1mreimport[22m | Preparing files to reimport...[39m[0m
[  79% ] [90m[1mreimport[22m | Preparing files to reimport...[39m[0m
[  79% ] [90m[1mreimport[22m | Preparing files to reimport...[39m[0m
[  79% ] [90m[1mreimport[22m | Preparing files to reimport...[39m[0m
[  79% ] [90m[1mreimport[22m | Preparing files to reimport...[39m[0m
[  80% ] [90m[1mreimport[22m | Preparing files to reimport...[39m[0m
[  80% ] [90m[1mreimport[22m | Preparing files to reimport...[39m[0m
[  80% ] [90m[1mreimport[22m | Preparing files to reimport...[39m[0m
[  80% ] [90m[1mreimport[22m | Preparing files to reimport...[39m[0m
[  80% ] [90m[1mreimport[22m | Preparing files to reimport...[39m[0m
[  80% ] [90m[1mreimport[22m | Preparing files to reimport...[39m[0m
[  80% ] [90m[1mreimport[22m | Preparing files to reimport...[39m[0m
[  80% ] [90m[1mreimport[22m | Preparing files to reimport...[39m[0m
[  80% ] [90m[1mreimport[22m | Preparing files to reimport...[39m[0m
[  80% ] [90m[1mreimport[22m | Preparing files to reimport...[39m[0m
[  80% ] [90m[1mreimport[22m | Preparing files to reimport...[39m[0m
[  80% ] [90m[1mreimport[22m | Preparing files to reimport...[39m[0m
[  80% ] [90m[1mreimport[22m | Preparing files to reimport...[39m[0m
[  80% ] [90m[1mreimport[22m | Preparing files to reimport...[39m[0m
[  80% ] [90m[1mreimport[22m | Preparing files to reimport...[39m[0m
[  80% ] [90m[1mreimport[22m | Preparing files to reimport...[39m[0m
[  80% ] [90m[1mreimport[22m | Preparing files to reimport...[39m[0m
[  80% ] [90m[1mreimport[22m | Preparing files to reimport...[39m[0m
[  80% ] [90m[1mreimport[22m | Preparing files to reimport...[39m[0m
[  80% ] [90m[1mreimport[22m | Preparing files to reimport...[39m[0m
[  80% ] [90m[1mreimport[22m | Preparing files to reimport...[39m[0m
[  80% ] [90m[1mreimport[22m | Preparing files to reimport...[39m[0m
[  80% ] [90m[1mreimport[22m | Preparing files to reimport...[39m[0m
[  80% ] [90m[1mreimport[22m | Preparing files to reimport...[39m[0m
[  80% ] [90m[1mreimport[22m | Preparing files to reimport...[39m[0m
[  80% ] [90m[1mreimport[22m | Preparing files to reimport...[39m[0m
[  80% ] [90m[1mreimport[22m | Preparing files to reimport...[39m[0m
[  80% ] [90m[1mreimport[22m | Preparing files to reimport...[39m[0m
[  81% ] [90m[1mreimport[22m | Preparing files to reimport...[39m[0m
[  81% ] [90m[1mreimport[22m | Preparing files to reimport...[39m[0m
[  81% ] [90m[1mreimport[22m | Preparing files to reimport...[39m[0m
[  81% ] [90m[1mreimport[22m | Preparing files to reimport...[39m[0m
[  81% ] [90m[1mreimport[22m | Preparing files to reimport...[39m[0m
[  81% ] [90m[1mreimport[22m | Preparing files to reimport...[39m[0m
[  81% ] [90m[1mreimport[22m | Preparing files to reimport...[39m[0m
[  81% ] [90m[1mreimport[22m | Preparing files to reimport...[39m[0m
[  81% ] [90m[1mreimport[22m | Preparing files to reimport...[39m[0m
[  81% ] [90m[1mreimport[22m | Preparing files to reimport...[39m[0m
[  81% ] [90m[1mreimport[22m | Preparing files to reimport...[39m[0m
[  81% ] [90m[1mreimport[22m | Preparing files to reimport...[39m[0m
[  81% ] [90m[1mreimport[22m | Preparing files to reimport...[39m[0m
[  81% ] [90m[1mreimport[22m | Preparing files to reimport...[39m[0m
[  81% ] [90m[1mreimport[22m | Preparing files to reimport...[39m[0m
[  81% ] [90m[1mreimport[22m | Preparing files to reimport...[39m[0m
[  81% ] [90m[1mreimport[22m | Preparing files to reimport...[39m[0m
[  81% ] [90m[1mreimport[22m | Preparing files to reimport...[39m[0m
[  81% ] [90m[1mreimport[22m | Preparing files to reimport...[39m[0m
[  81% ] [90m[1mreimport[22m | Preparing files to reimport...[39m[0m
[  81% ] [90m[1mreimport[22m | Preparing files to reimport...[39m[0m
[  81% ] [90m[1mreimport[22m | Preparing files to reimport...[39m[0m
[  81% ] [90m[1mreimport[22m | Preparing files to reimport...[39m[0m
[  81% ] [90m[1mreimport[22m | Preparing files to reimport...[39m[0m
[  81% ] [90m[1mreimport[22m | Preparing files to reimport...[39m[0m
[  81% ] [90m[1mreimport[22m | Preparing files to reimport...[39m[0m
[  81% ] [90m[1mreimport[22m | Preparing files to reimport...[39m[0m
[  82% ] [90m[1mreimport[22m | Preparing files to reimport...[39m[0m
[  82% ] [90m[1mreimport[22m | Preparing files to reimport...[39m[0m
[  82% ] [90m[1mreimport[22m | Preparing files to reimport...[39m[0m
[  82% ] [90m[1mreimport[22m | Preparing files to reimport...[39m[0m
[  82% ] [90m[1mreimport[22m | Preparing files to reimport...[39m[0m
[  82% ] [90m[1mreimport[22m | Preparing files to reimport...[39m[0m
[  82% ] [90m[1mreimport[22m | Preparing files to reimport...[39m[0m
[  82% ] [90m[1mreimport[22m | Preparing files to reimport...[39m[0m
[  82% ] [90m[1mreimport[22m | Preparing files to reimport...[39m[0m
[  82% ] [90m[1mreimport[22m | Preparing files to reimport...[39m[0m
[  82% ] [90m[1mreimport[22m | Preparing files to reimport...[39m[0m
[  82% ] [90m[1mreimport[22m | Preparing files to reimport...[39m[0m
[  82% ] [90m[1mreimport[22m | Preparing files to reimport...[39m[0m
[  82% ] [90m[1mreimport[22m | Preparing files to reimport...[39m[0m
[  82% ] [90m[1mreimport[22m | Preparing files to reimport...[39m[0m
[  82% ] [90m[1mreimport[22m | Preparing files to reimport...[39m[0m
[  82% ] [90m[1mreimport[22m | Preparing files to reimport...[39m[0m
[  82% ] [90m[1mreimport[22m | Preparing files to reimport...[39m[0m
[  82% ] [90m[1mreimport[22m | Preparing files to reimport...[39m[0m
[  82% ] [90m[1mreimport[22m | Preparing files to reimport...[39m[0m
[  82% ] [90m[1mreimport[22m | Preparing files to reimport...[39m[0m
[  82% ] [90m[1mreimport[22m | Preparing files to reimport...[39m[0m
[  82% ] [90m[1mreimport[22m | Preparing files to reimport...[39m[0m
[  82% ] [90m[1mreimport[22m | Preparing files to reimport...[39m[0m
[  82% ] [90m[1mreimport[22m | Preparing files to reimport...[39m[0m
[  82% ] [90m[1mreimport[22m | Preparing files to reimport...[39m[0m
[  82% ] [90m[1mreimport[22m | Preparing files to reimport...[39m[0m
[  82% ] [90m[1mreimport[22m | Preparing files to reimport...[39m[0m
[  83% ] [90m[1mreimport[22m | Preparing files to reimport...[39m[0m
[  83% ] [90m[1mreimport[22m | Preparing files to reimport...[39m[0m
[  83% ] [90m[1mreimport[22m | Preparing files to reimport...[39m[0m
[  83% ] [90m[1mreimport[22m | Preparing files to reimport...[39m[0m
[  83% ] [90m[1mreimport[22m | Preparing files to reimport...[39m[0m
[  83% ] [90m[1mreimport[22m | Preparing files to reimport...[39m[0m
[  83% ] [90m[1mreimport[22m | Preparing files to reimport...[39m[0m
[  83% ] [90m[1mreimport[22m | Preparing files to reimport...[39m[0m
[  83% ] [90m[1mreimport[22m | Preparing files to reimport...[39m[0m
[  83% ] [90m[1mreimport[22m | Preparing files to reimport...[39m[0m
[  83% ] [90m[1mreimport[22m | Preparing files to reimport...[39m[0m
[  83% ] [90m[1mreimport[22m | Preparing files to reimport...[39m[0m
[  83% ] [90m[1mreimport[22m | Preparing files to reimport...[39m[0m
[  83% ] [90m[1mreimport[22m | Preparing files to reimport...[39m[0m
[  83% ] [90m[1mreimport[22m | Preparing files to reimport...[39m[0m
[  83% ] [90m[1mreimport[22m | Preparing files to reimport...[39m[0m
[  83% ] [90m[1mreimport[22m | Preparing files to reimport...[39m[0m
[  83% ] [90m[1mreimport[22m | Preparing files to reimport...[39m[0m
[  83% ] [90m[1mreimport[22m | Preparing files to reimport...[39m[0m
[  83% ] [90m[1mreimport[22m | Preparing files to reimport...[39m[0m
[  83% ] [90m[1mreimport[22m | Preparing files to reimport...[39m[0m
[  83% ] [90m[1mreimport[22m | Preparing files to reimport...[39m[0m
[  83% ] [90m[1mreimport[22m | Preparing files to reimport...[39m[0m
[  83% ] [90m[1mreimport[22m | Preparing files to reimport...[39m[0m
[  83% ] [90m[1mreimport[22m | Preparing files to reimport...[39m[0m
[  83% ] [90m[1mreimport[22m | Preparing files to reimport...[39m[0m
[  83% ] [90m[1mreimport[22m | Preparing files to reimport...[39m[0m
[  84% ] [90m[1mreimport[22m | Preparing files to reimport...[39m[0m
[  84% ] [90m[1mreimport[22m | Preparing files to reimport...[39m[0m
[  84% ] [90m[1mreimport[22m | Preparing files to reimport...[39m[0m
[  84% ] [90m[1mreimport[22m | Preparing files to reimport...[39m[0m
[  84% ] [90m[1mreimport[22m | Preparing files to reimport...[39m[0m
[  84% ] [90m[1mreimport[22m | Preparing files to reimport...[39m[0m
[  84% ] [90m[1mreimport[22m | Preparing files to reimport...[39m[0m
[  84% ] [90m[1mreimport[22m | Preparing files to reimport...[39m[0m
[  84% ] [90m[1mreimport[22m | Preparing files to reimport...[39m[0m
[  84% ] [90m[1mreimport[22m | Preparing files to reimport...[39m[0m
[  84% ] [90m[1mreimport[22m | Preparing files to reimport...[39m[0m
[  84% ] [90m[1mreimport[22m | Preparing files to reimport...[39m[0m
[  84% ] [90m[1mreimport[22m | Preparing files to reimport...[39m[0m
[  84% ] [90m[1mreimport[22m | Preparing files to reimport...[39m[0m
[  84% ] [90m[1mreimport[22m | Preparing files to reimport...[39m[0m
[  84% ] [90m[1mreimport[22m | Preparing files to reimport...[39m[0m
[  84% ] [90m[1mreimport[22m | Preparing files to reimport...[39m[0m
[  84% ] [90m[1mreimport[22m | Preparing files to reimport...[39m[0m
[  84% ] [90m[1mreimport[22m | Preparing files to reimport...[39m[0m
[  84% ] [90m[1mreimport[22m | Preparing files to reimport...[39m[0m
[  84% ] [90m[1mreimport[22m | Preparing files to reimport...[39m[0m
[  84% ] [90m[1mreimport[22m | Preparing files to reimport...[39m[0m
[  84% ] [90m[1mreimport[22m | Preparing files to reimport...[39m[0m
[  84% ] [90m[1mreimport[22m | Preparing files to reimport...[39m[0m
[  84% ] [90m[1mreimport[22m | Preparing files to reimport...[39m[0m
[  84% ] [90m[1mreimport[22m | Preparing files to reimport...[39m[0m
[  84% ] [90m[1mreimport[22m | Preparing files to reimport...[39m[0m
[  85% ] [90m[1mreimport[22m | Preparing files to reimport...[39m[0m
[  85% ] [90m[1mreimport[22m | Preparing files to reimport...[39m[0m
[  85% ] [90m[1mreimport[22m | Preparing files to reimport...[39m[0m
[  85% ] [90m[1mreimport[22m | Preparing files to reimport...[39m[0m
[  85% ] [90m[1mreimport[22m | Preparing files to reimport...[39m[0m
[  85% ] [90m[1mreimport[22m | Preparing files to reimport...[39m[0m
[  85% ] [90m[1mreimport[22m | Preparing files to reimport...[39m[0m
[  85% ] [90m[1mreimport[22m | Preparing files to reimport...[39m[0m
[  85% ] [90m[1mreimport[22m | Preparing files to reimport...[39m[0m
[  85% ] [90m[1mreimport[22m | Preparing files to reimport...[39m[0m
[  85% ] [90m[1mreimport[22m | Preparing files to reimport...[39m[0m
[  85% ] [90m[1mreimport[22m | Preparing files to reimport...[39m[0m
[  85% ] [90m[1mreimport[22m | Preparing files to reimport...[39m[0m
[  85% ] [90m[1mreimport[22m | Preparing files to reimport...[39m[0m
[  85% ] [90m[1mreimport[22m | Preparing files to reimport...[39m[0m
[  85% ] [90m[1mreimport[22m | Preparing files to reimport...[39m[0m
[  85% ] [90m[1mreimport[22m | Preparing files to reimport...[39m[0m
[  85% ] [90m[1mreimport[22m | Preparing files to reimport...[39m[0m
[  85% ] [90m[1mreimport[22m | Preparing files to reimport...[39m[0m
[  85% ] [90m[1mreimport[22m | Preparing files to reimport...[39m[0m
[  85% ] [90m[1mreimport[22m | Preparing files to reimport...[39m[0m
[  85% ] [90m[1mreimport[22m | Preparing files to reimport...[39m[0m
[  85% ] [90m[1mreimport[22m | Preparing files to reimport...[39m[0m
[  85% ] [90m[1mreimport[22m | Preparing files to reimport...[39m[0m
[  85% ] [90m[1mreimport[22m | Preparing files to reimport...[39m[0m
[  85% ] [90m[1mreimport[22m | Preparing files to reimport...[39m[0m
[  85% ] [90m[1mreimport[22m | Preparing files to reimport...[39m[0m
[  85% ] [90m[1mreimport[22m | Preparing files to reimport...[39m[0m
[  86% ] [90m[1mreimport[22m | Preparing files to reimport...[39m[0m
[  86% ] [90m[1mreimport[22m | Preparing files to reimport...[39m[0m
[  86% ] [90m[1mreimport[22m | Preparing files to reimport...[39m[0m
[  86% ] [90m[1mreimport[22m | Preparing files to reimport...[39m[0m
[  86% ] [90m[1mreimport[22m | Preparing files to reimport...[39m[0m
[  86% ] [90m[1mreimport[22m | Preparing files to reimport...[39m[0m
[  86% ] [90m[1mreimport[22m | Preparing files to reimport...[39m[0m
[  86% ] [90m[1mreimport[22m | Preparing files to reimport...[39m[0m
[  86% ] [90m[1mreimport[22m | Preparing files to reimport...[39m[0m
[  86% ] [90m[1mreimport[22m | Preparing files to reimport...[39m[0m
[  86% ] [90m[1mreimport[22m | Preparing files to reimport...[39m[0m
[  86% ] [90m[1mreimport[22m | Preparing files to reimport...[39m[0m
[  86% ] [90m[1mreimport[22m | Preparing files to reimport...[39m[0m
[  86% ] [90m[1mreimport[22m | Preparing files to reimport...[39m[0m
[  86% ] [90m[1mreimport[22m | Preparing files to reimport...[39m[0m
[  86% ] [90m[1mreimport[22m | Preparing files to reimport...[39m[0m
[  86% ] [90m[1mreimport[22m | Preparing files to reimport...[39m[0m
[  86% ] [90m[1mreimport[22m | Preparing files to reimport...[39m[0m
[  86% ] [90m[1mreimport[22m | Preparing files to reimport...[39m[0m
[  86% ] [90m[1mreimport[22m | Preparing files to reimport...[39m[0m
[  86% ] [90m[1mreimport[22m | Preparing files to reimport...[39m[0m
[  86% ] [90m[1mreimport[22m | Preparing files to reimport...[39m[0m
[  86% ] [90m[1mreimport[22m | Preparing files to reimport...[39m[0m
[  86% ] [90m[1mreimport[22m | Preparing files to reimport...[39m[0m
[  86% ] [90m[1mreimport[22m | Preparing files to reimport...[39m[0m
[  86% ] [90m[1mreimport[22m | Preparing files to reimport...[39m[0m
[  86% ] [90m[1mreimport[22m | Preparing files to reimport...[39m[0m
[  87% ] [90m[1mreimport[22m | Preparing files to reimport...[39m[0m
[  87% ] [90m[1mreimport[22m | Preparing files to reimport...[39m[0m
[  87% ] [90m[1mreimport[22m | Preparing files to reimport...[39m[0m
[  87% ] [90m[1mreimport[22m | Preparing files to reimport...[39m[0m
[  87% ] [90m[1mreimport[22m | Preparing files to reimport...[39m[0m
[  87% ] [90m[1mreimport[22m | Preparing files to reimport...[39m[0m
[  87% ] [90m[1mreimport[22m | Preparing files to reimport...[39m[0m
[  87% ] [90m[1mreimport[22m | Preparing files to reimport...[39m[0m
[  87% ] [90m[1mreimport[22m | Preparing files to reimport...[39m[0m
[  87% ] [90m[1mreimport[22m | Preparing files to reimport...[39m[0m
[  87% ] [90m[1mreimport[22m | Preparing files to reimport...[39m[0m
[  87% ] [90m[1mreimport[22m | Preparing files to reimport...[39m[0m
[  87% ] [90m[1mreimport[22m | Preparing files to reimport...[39m[0m
[  87% ] [90m[1mreimport[22m | Preparing files to reimport...[39m[0m
[  87% ] [90m[1mreimport[22m | Preparing files to reimport...[39m[0m
[  87% ] [90m[1mreimport[22m | Preparing files to reimport...[39m[0m
[  87% ] [90m[1mreimport[22m | Preparing files to reimport...[39m[0m
[  87% ] [90m[1mreimport[22m | Preparing files to reimport...[39m[0m
[  87% ] [90m[1mreimport[22m | Preparing files to reimport...[39m[0m
[  87% ] [90m[1mreimport[22m | Preparing files to reimport...[39m[0m
[  87% ] [90m[1mreimport[22m | Preparing files to reimport...[39m[0m
[  87% ] [90m[1mreimport[22m | Preparing files to reimport...[39m[0m
[  87% ] [90m[1mreimport[22m | Preparing files to reimport...[39m[0m
[  87% ] [90m[1mreimport[22m | Preparing files to reimport...[39m[0m
[  87% ] [90m[1mreimport[22m | Preparing files to reimport...[39m[0m
[  87% ] [90m[1mreimport[22m | Preparing files to reimport...[39m[0m
[  87% ] [90m[1mreimport[22m | Preparing files to reimport...[39m[0m
[  87% ] [90m[1mreimport[22m | Preparing files to reimport...[39m[0m
[  88% ] [90m[1mreimport[22m | Preparing files to reimport...[39m[0m
[  88% ] [90m[1mreimport[22m | Preparing files to reimport...[39m[0m
[  88% ] [90m[1mreimport[22m | Preparing files to reimport...[39m[0m
[  88% ] [90m[1mreimport[22m | Preparing files to reimport...[39m[0m
[  88% ] [90m[1mreimport[22m | Preparing files to reimport...[39m[0m
[  88% ] [90m[1mreimport[22m | Preparing files to reimport...[39m[0m
[  88% ] [90m[1mreimport[22m | Preparing files to reimport...[39m[0m
[  88% ] [90m[1mreimport[22m | Preparing files to reimport...[39m[0m
[  88% ] [90m[1mreimport[22m | Preparing files to reimport...[39m[0m
[  88% ] [90m[1mreimport[22m | Preparing files to reimport...[39m[0m
[  88% ] [90m[1mreimport[22m | Preparing files to reimport...[39m[0m
[  88% ] [90m[1mreimport[22m | Preparing files to reimport...[39m[0m
[  88% ] [90m[1mreimport[22m | Preparing files to reimport...[39m[0m
[  88% ] [90m[1mreimport[22m | Preparing files to reimport...[39m[0m
[  88% ] [90m[1mreimport[22m | Preparing files to reimport...[39m[0m
[  88% ] [90m[1mreimport[22m | Preparing files to reimport...[39m[0m
[  88% ] [90m[1mreimport[22m | Preparing files to reimport...[39m[0m
[  88% ] [90m[1mreimport[22m | Preparing files to reimport...[39m[0m
[  88% ] [90m[1mreimport[22m | Preparing files to reimport...[39m[0m
[  88% ] [90m[1mreimport[22m | Preparing files to reimport...[39m[0m
[  88% ] [90m[1mreimport[22m | Preparing files to reimport...[39m[0m
[  88% ] [90m[1mreimport[22m | Preparing files to reimport...[39m[0m
[  88% ] [90m[1mreimport[22m | Preparing files to reimport...[39m[0m
[  88% ] [90m[1mreimport[22m | Preparing files to reimport...[39m[0m
[  88% ] [90m[1mreimport[22m | Preparing files to reimport...[39m[0m
[  88% ] [90m[1mreimport[22m | Preparing files to reimport...[39m[0m
[  88% ] [90m[1mreimport[22m | Preparing files to reimport...[39m[0m
[  89% ] [90m[1mreimport[22m | Preparing files to reimport...[39m[0m
[  89% ] [90m[1mreimport[22m | Preparing files to reimport...[39m[0m
[  89% ] [90m[1mreimport[22m | Preparing files to reimport...[39m[0m
[  89% ] [90m[1mreimport[22m | Preparing files to reimport...[39m[0m
[  89% ] [90m[1mreimport[22m | Preparing files to reimport...[39m[0m
[  89% ] [90m[1mreimport[22m | Preparing files to reimport...[39m[0m
[  89% ] [90m[1mreimport[22m | Preparing files to reimport...[39m[0m
[  89% ] [90m[1mreimport[22m | Preparing files to reimport...[39m[0m
[  89% ] [90m[1mreimport[22m | Preparing files to reimport...[39m[0m
[  89% ] [90m[1mreimport[22m | Preparing files to reimport...[39m[0m
[  89% ] [90m[1mreimport[22m | Preparing files to reimport...[39m[0m
[  89% ] [90m[1mreimport[22m | Preparing files to reimport...[39m[0m
[  89% ] [90m[1mreimport[22m | Preparing files to reimport...[39m[0m
[  89% ] [90m[1mreimport[22m | Preparing files to reimport...[39m[0m
[  89% ] [90m[1mreimport[22m | Preparing files to reimport...[39m[0m
[  89% ] [90m[1mreimport[22m | Preparing files to reimport...[39m[0m
[  89% ] [90m[1mreimport[22m | Preparing files to reimport...[39m[0m
[  89% ] [90m[1mreimport[22m | Preparing files to reimport...[39m[0m
[  89% ] [90m[1mreimport[22m | Preparing files to reimport...[39m[0m
[  89% ] [90m[1mreimport[22m | Preparing files to reimport...[39m[0m
[  89% ] [90m[1mreimport[22m | Preparing files to reimport...[39m[0m
[  89% ] [90m[1mreimport[22m | Preparing files to reimport...[39m[0m
[  89% ] [90m[1mreimport[22m | Preparing files to reimport...[39m[0m
[  89% ] [90m[1mreimport[22m | Preparing files to reimport...[39m[0m
[  89% ] [90m[1mreimport[22m | Preparing files to reimport...[39m[0m
[  89% ] [90m[1mreimport[22m | Preparing files to reimport...[39m[0m
[  89% ] [90m[1mreimport[22m | Preparing files to reimport...[39m[0m
[  90% ] [90m[1mreimport[22m | Preparing files to reimport...[39m[0m
[  90% ] [90m[1mreimport[22m | Preparing files to reimport...[39m[0m
[  90% ] [90m[1mreimport[22m | Preparing files to reimport...[39m[0m
[  90% ] [90m[1mreimport[22m | Preparing files to reimport...[39m[0m
[  90% ] [90m[1mreimport[22m | Preparing files to reimport...[39m[0m
[  90% ] [90m[1mreimport[22m | Preparing files to reimport...[39m[0m
[  90% ] [90m[1mreimport[22m | Preparing files to reimport...[39m[0m
[  90% ] [90m[1mreimport[22m | Preparing files to reimport...[39m[0m
[  90% ] [90m[1mreimport[22m | Preparing files to reimport...[39m[0m
[  90% ] [90m[1mreimport[22m | Preparing files to reimport...[39m[0m
[  90% ] [90m[1mreimport[22m | Preparing files to reimport...[39m[0m
[  90% ] [90m[1mreimport[22m | Preparing files to reimport...[39m[0m
[  90% ] [90m[1mreimport[22m | Preparing files to reimport...[39m[0m
[  90% ] [90m[1mreimport[22m | Preparing files to reimport...[39m[0m
[  90% ] [90m[1mreimport[22m | Preparing files to reimport...[39m[0m
[  90% ] [90m[1mreimport[22m | Preparing files to reimport...[39m[0m
[  90% ] [90m[1mreimport[22m | Preparing files to reimport...[39m[0m
[  90% ] [90m[1mreimport[22m | Preparing files to reimport...[39m[0m
[  90% ] [90m[1mreimport[22m | Preparing files to reimport...[39m[0m
[  90% ] [90m[1mreimport[22m | Preparing files to reimport...[39m[0m
[  90% ] [90m[1mreimport[22m | Preparing files to reimport...[39m[0m
[  90% ] [90m[1mreimport[22m | Preparing files to reimport...[39m[0m
[  90% ] [90m[1mreimport[22m | Preparing files to reimport...[39m[0m
[  90% ] [90m[1mreimport[22m | Preparing files to reimport...[39m[0m
[  90% ] [90m[1mreimport[22m | Preparing files to reimport...[39m[0m
[  90% ] [90m[1mreimport[22m | Preparing files to reimport...[39m[0m
[  90% ] [90m[1mreimport[22m | Preparing files to reimport...[39m[0m
[  90% ] [90m[1mreimport[22m | Preparing files to reimport...[39m[0m
[  91% ] [90m[1mreimport[22m | Preparing files to reimport...[39m[0m
[  91% ] [90m[1mreimport[22m | Preparing files to reimport...[39m[0m
[  91% ] [90m[1mreimport[22m | Preparing files to reimport...[39m[0m
[  91% ] [90m[1mreimport[22m | Preparing files to reimport...[39m[0m
[  91% ] [90m[1mreimport[22m | Preparing files to reimport...[39m[0m
[  91% ] [90m[1mreimport[22m | Preparing files to reimport...[39m[0m
[  91% ] [90m[1mreimport[22m | Preparing files to reimport...[39m[0m
[  91% ] [90m[1mreimport[22m | Preparing files to reimport...[39m[0m
[  91% ] [90m[1mreimport[22m | Preparing files to reimport...[39m[0m
[  91% ] [90m[1mreimport[22m | Preparing files to reimport...[39m[0m
[  91% ] [90m[1mreimport[22m | Preparing files to reimport...[39m[0m
[  91% ] [90m[1mreimport[22m | Preparing files to reimport...[39m[0m
[  91% ] [90m[1mreimport[22m | Preparing files to reimport...[39m[0m
[  91% ] [90m[1mreimport[22m | Preparing files to reimport...[39m[0m
[  91% ] [90m[1mreimport[22m | Preparing files to reimport...[39m[0m
[  91% ] [90m[1mreimport[22m | Preparing files to reimport...[39m[0m
[  91% ] [90m[1mreimport[22m | Preparing files to reimport...[39m[0m
[  91% ] [90m[1mreimport[22m | Preparing files to reimport...[39m[0m
[  91% ] [90m[1mreimport[22m | Preparing files to reimport...[39m[0m
[  91% ] [90m[1mreimport[22m | Preparing files to reimport...[39m[0m
[  91% ] [90m[1mreimport[22m | Preparing files to reimport...[39m[0m
[  91% ] [90m[1mreimport[22m | Preparing files to reimport...[39m[0m
[  91% ] [90m[1mreimport[22m | Preparing files to reimport...[39m[0m
[  91% ] [90m[1mreimport[22m | Preparing files to reimport...[39m[0m
[  91% ] [90m[1mreimport[22m | Preparing files to reimport...[39m[0m
[  91% ] [90m[1mreimport[22m | Preparing files to reimport...[39m[0m
[  91% ] [90m[1mreimport[22m | Preparing files to reimport...[39m[0m
[  92% ] [90m[1mreimport[22m | Preparing files to reimport...[39m[0m
[  92% ] [90m[1mreimport[22m | Preparing files to reimport...[39m[0m
[  92% ] [90m[1mreimport[22m | Preparing files to reimport...[39m[0m
[  92% ] [90m[1mreimport[22m | Preparing files to reimport...[39m[0m
[  92% ] [90m[1mreimport[22m | Preparing files to reimport...[39m[0m
[  92% ] [90m[1mreimport[22m | Preparing files to reimport...[39m[0m
[  92% ] [90m[1mreimport[22m | Preparing files to reimport...[39m[0m
[  92% ] [90m[1mreimport[22m | Preparing files to reimport...[39m[0m
[  92% ] [90m[1mreimport[22m | Preparing files to reimport...[39m[0m
[  92% ] [90m[1mreimport[22m | Preparing files to reimport...[39m[0m
[  92% ] [90m[1mreimport[22m | Preparing files to reimport...[39m[0m
[  92% ] [90m[1mreimport[22m | Preparing files to reimport...[39m[0m
[  92% ] [90m[1mreimport[22m | Preparing files to reimport...[39m[0m
[  92% ] [90m[1mreimport[22m | Preparing files to reimport...[39m[0m
[  92% ] [90m[1mreimport[22m | Preparing files to reimport...[39m[0m
[  92% ] [90m[1mreimport[22m | Preparing files to reimport...[39m[0m
[  92% ] [90m[1mreimport[22m | Preparing files to reimport...[39m[0m
[  92% ] [90m[1mreimport[22m | Preparing files to reimport...[39m[0m
[  92% ] [90m[1mreimport[22m | Preparing files to reimport...[39m[0m
[  92% ] [90m[1mreimport[22m | Preparing files to reimport...[39m[0m
[  92% ] [90m[1mreimport[22m | Preparing files to reimport...[39m[0m
[  92% ] [90m[1mreimport[22m | Preparing files to reimport...[39m[0m
[  92% ] [90m[1mreimport[22m | Preparing files to reimport...[39m[0m
[  92% ] [90m[1mreimport[22m | Preparing files to reimport...[39m[0m
[  92% ] [90m[1mreimport[22m | Preparing files to reimport...[39m[0m
[  92% ] [90m[1mreimport[22m | Preparing files to reimport...[39m[0m
[  92% ] [90m[1mreimport[22m | Preparing files to reimport...[39m[0m
[  92% ] [90m[1mreimport[22m | Preparing files to reimport...[39m[0m
[  93% ] [90m[1mreimport[22m | Preparing files to reimport...[39m[0m
[  93% ] [90m[1mreimport[22m | Preparing files to reimport...[39m[0m
[  93% ] [90m[1mreimport[22m | Preparing files to reimport...[39m[0m
[  93% ] [90m[1mreimport[22m | Preparing files to reimport...[39m[0m
[  93% ] [90m[1mreimport[22m | Preparing files to reimport...[39m[0m
[  93% ] [90m[1mreimport[22m | Preparing files to reimport...[39m[0m
[  93% ] [90m[1mreimport[22m | Preparing files to reimport...[39m[0m
[  93% ] [90m[1mreimport[22m | Preparing files to reimport...[39m[0m
[  93% ] [90m[1mreimport[22m | Preparing files to reimport...[39m[0m
[  93% ] [90m[1mreimport[22m | Preparing files to reimport...[39m[0m
[  93% ] [90m[1mreimport[22m | Preparing files to reimport...[39m[0m
[  93% ] [90m[1mreimport[22m | Preparing files to reimport...[39m[0m
[  93% ] [90m[1mreimport[22m | Preparing files to reimport...[39m[0m
[  93% ] [90m[1mreimport[22m | Preparing files to reimport...[39m[0m
[  93% ] [90m[1mreimport[22m | Preparing files to reimport...[39m[0m
[  93% ] [90m[1mreimport[22m | Preparing files to reimport...[39m[0m
[  93% ] [90m[1mreimport[22m | Preparing files to reimport...[39m[0m
[  93% ] [90m[1mreimport[22m | Preparing files to reimport...[39m[0m
[  93% ] [90m[1mreimport[22m | Preparing files to reimport...[39m[0m
[  93% ] [90m[1mreimport[22m | Preparing files to reimport...[39m[0m
[  93% ] [90m[1mreimport[22m | Preparing files to reimport...[39m[0m
[  93% ] [90m[1mreimport[22m | Preparing files to reimport...[39m[0m
[  93% ] [90m[1mreimport[22m | Preparing files to reimport...[39m[0m
[  93% ] [90m[1mreimport[22m | Preparing files to reimport...[39m[0m
[  93% ] [90m[1mreimport[22m | Preparing files to reimport...[39m[0m
[  93% ] [90m[1mreimport[22m | Preparing files to reimport...[39m[0m
[  93% ] [90m[1mreimport[22m | Preparing files to reimport...[39m[0m
[  94% ] [90m[1mreimport[22m | Preparing files to reimport...[39m[0m
[  94% ] [90m[1mreimport[22m | Preparing files to reimport...[39m[0m
[  94% ] [90m[1mreimport[22m | Preparing files to reimport...[39m[0m
[  94% ] [90m[1mreimport[22m | Preparing files to reimport...[39m[0m
[  94% ] [90m[1mreimport[22m | Preparing files to reimport...[39m[0m
[  94% ] [90m[1mreimport[22m | Preparing files to reimport...[39m[0m
[  94% ] [90m[1mreimport[22m | Preparing files to reimport...[39m[0m
[  94% ] [90m[1mreimport[22m | Preparing files to reimport...[39m[0m
[  94% ] [90m[1mreimport[22m | Preparing files to reimport...[39m[0m
[  94% ] [90m[1mreimport[22m | Preparing files to reimport...[39m[0m
[  94% ] [90m[1mreimport[22m | Preparing files to reimport...[39m[0m
[  94% ] [90m[1mreimport[22m | Preparing files to reimport...[39m[0m
[  94% ] [90m[1mreimport[22m | Preparing files to reimport...[39m[0m
[  94% ] [90m[1mreimport[22m | Preparing files to reimport...[39m[0m
[  94% ] [90m[1mreimport[22m | Preparing files to reimport...[39m[0m
[  94% ] [90m[1mreimport[22m | Preparing files to reimport...[39m[0m
[  94% ] [90m[1mreimport[22m | Preparing files to reimport...[39m[0m
[  94% ] [90m[1mreimport[22m | Preparing files to reimport...[39m[0m
[  94% ] [90m[1mreimport[22m | Preparing files to reimport...[39m[0m
[  94% ] [90m[1mreimport[22m | Preparing files to reimport...[39m[0m
[  94% ] [90m[1mreimport[22m | Preparing files to reimport...[39m[0m
[  94% ] [90m[1mreimport[22m | Preparing files to reimport...[39m[0m
[  94% ] [90m[1mreimport[22m | Preparing files to reimport...[39m[0m
[  94% ] [90m[1mreimport[22m | Preparing files to reimport...[39m[0m
[  94% ] [90m[1mreimport[22m | Preparing files to reimport...[39m[0m
[  94% ] [90m[1mreimport[22m | Preparing files to reimport...[39m[0m
[  94% ] [90m[1mreimport[22m | Preparing files to reimport...[39m[0m
[  95% ] [90m[1mreimport[22m | Preparing files to reimport...[39m[0m
[  95% ] [90m[1mreimport[22m | Preparing files to reimport...[39m[0m
[  95% ] [90m[1mreimport[22m | Preparing files to reimport...[39m[0m
[  95% ] [90m[1mreimport[22m | Preparing files to reimport...[39m[0m
[  95% ] [90m[1mreimport[22m | Preparing files to reimport...[39m[0m
[  95% ] [90m[1mreimport[22m | Preparing files to reimport...[39m[0m
[  95% ] [90m[1mreimport[22m | Preparing files to reimport...[39m[0m
[  95% ] [90m[1mreimport[22m | Preparing files to reimport...[39m[0m
[  95% ] [90m[1mreimport[22m | Preparing files to reimport...[39m[0m
[  95% ] [90m[1mreimport[22m | Preparing files to reimport...[39m[0m
[  95% ] [90m[1mreimport[22m | Preparing files to reimport...[39m[0m
[  95% ] [90m[1mreimport[22m | Preparing files to reimport...[39m[0m
[  95% ] [90m[1mreimport[22m | Preparing files to reimport...[39m[0m
[  95% ] [90m[1mreimport[22m | Preparing files to reimport...[39m[0m
[  95% ] [90m[1mreimport[22m | Preparing files to reimport...[39m[0m
[  95% ] [90m[1mreimport[22m | Preparing files to reimport...[39m[0m
[  95% ] [90m[1mreimport[22m | Preparing files to reimport...[39m[0m
[  95% ] [90m[1mreimport[22m | Preparing files to reimport...[39m[0m
[  95% ] [90m[1mreimport[22m | Preparing files to reimport...[39m[0m
[  95% ] [90m[1mreimport[22m | Preparing files to reimport...[39m[0m
[  95% ] [90m[1mreimport[22m | Preparing files to reimport...[39m[0m
[  95% ] [90m[1mreimport[22m | Preparing files to reimport...[39m[0m
[  95% ] [90m[1mreimport[22m | Preparing files to reimport...[39m[0m
[  95% ] [90m[1mreimport[22m | Preparing files to reimport...[39m[0m
[  95% ] [90m[1mreimport[22m | Preparing files to reimport...[39m[0m
[  95% ] [90m[1mreimport[22m | Preparing files to reimport...[39m[0m
[  95% ] [90m[1mreimport[22m | Preparing files to reimport...[39m[0m
[  95% ] [90m[1mreimport[22m | Preparing files to reimport...[39m[0m
[  96% ] [90m[1mreimport[22m | Preparing files to reimport...[39m[0m
[  96% ] [90m[1mreimport[22m | Preparing files to reimport...[39m[0m
[  96% ] [90m[1mreimport[22m | Preparing files to reimport...[39m[0m
[  96% ] [90m[1mreimport[22m | Preparing files to reimport...[39m[0m
[  96% ] [90m[1mreimport[22m | Preparing files to reimport...[39m[0m
[  96% ] [90m[1mreimport[22m | Preparing files to reimport...[39m[0m
[  96% ] [90m[1mreimport[22m | Preparing files to reimport...[39m[0m
[  96% ] [90m[1mreimport[22m | Preparing files to reimport...[39m[0m
[  96% ] [90m[1mreimport[22m | Preparing files to reimport...[39m[0m
[  96% ] [90m[1mreimport[22m | Preparing files to reimport...[39m[0m
[  96% ] [90m[1mreimport[22m | Preparing files to reimport...[39m[0m
[  96% ] [90m[1mreimport[22m | Preparing files to reimport...[39m[0m
[  96% ] [90m[1mreimport[22m | Preparing files to reimport...[39m[0m
[  96% ] [90m[1mreimport[22m | Preparing files to reimport...[39m[0m
[  96% ] [90m[1mreimport[22m | Preparing files to reimport...[39m[0m
[  96% ] [90m[1mreimport[22m | Preparing files to reimport...[39m[0m
[  96% ] [90m[1mreimport[22m | Preparing files to reimport...[39m[0m
[  96% ] [90m[1mreimport[22m | Preparing files to reimport...[39m[0m
[  96% ] [90m[1mreimport[22m | Preparing files to reimport...[39m[0m
[  96% ] [90m[1mreimport[22m | Preparing files to reimport...[39m[0m
[  96% ] [90m[1mreimport[22m | Preparing files to reimport...[39m[0m
[  96% ] [90m[1mreimport[22m | Preparing files to reimport...[39m[0m
[  96% ] [90m[1mreimport[22m | Preparing files to reimport...[39m[0m
[  96% ] [90m[1mreimport[22m | Preparing files to reimport...[39m[0m
[  96% ] [90m[1mreimport[22m | Preparing files to reimport...[39m[0m
[  96% ] [90m[1mreimport[22m | Preparing files to reimport...[39m[0m
[  96% ] [90m[1mreimport[22m | Preparing files to reimport...[39m[0m
[  97% ] [90m[1mreimport[22m | Preparing files to reimport...[39m[0m
[  97% ] [90m[1mreimport[22m | Preparing files to reimport...[39m[0m
[  97% ] [90m[1mreimport[22m | Preparing files to reimport...[39m[0m
[  97% ] [90m[1mreimport[22m | Preparing files to reimport...[39m[0m
[  97% ] [90m[1mreimport[22m | Preparing files to reimport...[39m[0m
[  97% ] [90m[1mreimport[22m | Preparing files to reimport...[39m[0m
[  97% ] [90m[1mreimport[22m | Preparing files to reimport...[39m[0m
[  97% ] [90m[1mreimport[22m | Preparing files to reimport...[39m[0m
[  97% ] [90m[1mreimport[22m | Preparing files to reimport...[39m[0m
[  97% ] [90m[1mreimport[22m | Preparing files to reimport...[39m[0m
[  97% ] [90m[1mreimport[22m | Preparing files to reimport...[39m[0m
[  97% ] [90m[1mreimport[22m | Preparing files to reimport...[39m[0m
[  97% ] [90m[1mreimport[22m | Preparing files to reimport...[39m[0m
[  97% ] [90m[1mreimport[22m | Preparing files to reimport...[39m[0m
[  97% ] [90m[1mreimport[22m | Preparing files to reimport...[39m[0m
[  97% ] [90m[1mreimport[22m | Preparing files to reimport...[39m[0m
[  97% ] [90m[1mreimport[22m | Preparing files to reimport...[39m[0m
[  97% ] [90m[1mreimport[22m | Preparing files to reimport...[39m[0m
[  97% ] [90m[1mreimport[22m | Preparing files to reimport...[39m[0m
[  97% ] [90m[1mreimport[22m | Preparing files to reimport...[39m[0m
[  97% ] [90m[1mreimport[22m | Preparing files to reimport...[39m[0m
[  97% ] [90m[1mreimport[22m | Preparing files to reimport...[39m[0m
[  97% ] [90m[1mreimport[22m | Preparing files to reimport...[39m[0m
[  97% ] [90m[1mreimport[22m | Preparing files to reimport...[39m[0m
[  97% ] [90m[1mreimport[22m | Preparing files to reimport...[39m[0m
[  97% ] [90m[1mreimport[22m | Preparing files to reimport...[39m[0m
[  97% ] [90m[1mreimport[22m | Preparing files to reimport...[39m[0m
[  97% ] [90m[1mreimport[22m | Preparing files to reimport...[39m[0m
[  98% ] [90m[1mreimport[22m | Preparing files to reimport...[39m[0m
[  98% ] [90m[1mreimport[22m | Preparing files to reimport...[39m[0m
[  98% ] [90m[1mreimport[22m | Preparing files to reimport...[39m[0m
[  98% ] [90m[1mreimport[22m | Preparing files to reimport...[39m[0m
[  98% ] [90m[1mreimport[22m | Preparing files to reimport...[39m[0m
[  98% ] [90m[1mreimport[22m | Preparing files to reimport...[39m[0m
[  98% ] [90m[1mreimport[22m | Preparing files to reimport...[39m[0m
[  98% ] [90m[1mreimport[22m | Preparing files to reimport...[39m[0m
[  98% ] [90m[1mreimport[22m | Preparing files to reimport...[39m[0m
[  98% ] [90m[1mreimport[22m | Preparing files to reimport...[39m[0m
[  98% ] [90m[1mreimport[22m | Preparing files to reimport...[39m[0m
[  98% ] [90m[1mreimport[22m | Preparing files to reimport...[39m[0m
[  98% ] [90m[1mreimport[22m | Preparing files to reimport...[39m[0m
[  98% ] [90m[1mreimport[22m | Preparing files to reimport...[39m[0m
[  98% ] [90m[1mreimport[22m | Preparing files to reimport...[39m[0m
[  98% ] [90m[1mreimport[22m | Preparing files to reimport...[39m[0m
[  98% ] [90m[1mreimport[22m | Preparing files to reimport...[39m[0m
[  98% ] [90m[1mreimport[22m | Preparing files to reimport...[39m[0m
[  98% ] [90m[1mreimport[22m | Preparing files to reimport...[39m[0m
[  98% ] [90m[1mreimport[22m | Preparing files to reimport...[39m[0m
[  98% ] [90m[1mreimport[22m | Preparing files to reimport...[39m[0m
[  98% ] [90m[1mreimport[22m | Preparing files to reimport...[39m[0m
[  98% ] [90m[1mreimport[22m | Preparing files to reimport...[39m[0m
[  98% ] [90m[1mreimport[22m | Preparing files to reimport...[39m[0m
[  98% ] [90m[1mreimport[22m | Preparing files to reimport...[39m[0m
[  98% ] [90m[1mreimport[22m | Preparing files to reimport...[39m[0m
[  98% ] [90m[1mreimport[22m | Preparing files to reimport...[39m[0m
[  99% ] [90m[1mreimport[22m | Preparing files to reimport...[39m[0m
[  99% ] [90m[1mreimport[22m | Preparing files to reimport...[39m[0m
[  99% ] [90m[1mreimport[22m | Preparing files to reimport...[39m[0m
[  99% ] [90m[1mreimport[22m | Preparing files to reimport...[39m[0m
[  99% ] [90m[1mreimport[22m | Preparing files to reimport...[39m[0m
[  99% ] [90m[1mreimport[22m | Preparing files to reimport...[39m[0m
[  99% ] [90m[1mreimport[22m | Preparing files to reimport...[39m[0m
[  99% ] [90m[1mreimport[22m | Preparing files to reimport...[39m[0m
[  99% ] [90m[1mreimport[22m | Preparing files to reimport...[39m[0m
[  99% ] [90m[1mreimport[22m | Preparing files to reimport...[39m[0m
[  99% ] [90m[1mreimport[22m | Preparing files to reimport...[39m[0m
[  99% ] [90m[1mreimport[22m | Preparing files to reimport...[39m[0m
[  99% ] [90m[1mreimport[22m | Preparing files to reimport...[39m[0m
[  99% ] [90m[1mreimport[22m | Preparing files to reimport...[39m[0m
[  99% ] [90m[1mreimport[22m | Preparing files to reimport...[39m[0m
[  99% ] [90m[1mreimport[22m | Preparing files to reimport...[39m[0m
[  99% ] [90m[1mreimport[22m | Preparing files to reimport...[39m[0m
[  99% ] [90m[1mreimport[22m | Preparing files to reimport...[39m[0m
[  99% ] [90m[1mreimport[22m | Preparing files to reimport...[39m[0m
[  99% ] [90m[1mreimport[22m | Preparing files to reimport...[39m[0m
[  99% ] [90m[1mreimport[22m | Preparing files to reimport...[39m[0m
[  99% ] [90m[1mreimport[22m | Preparing files to reimport...[39m[0m
[  99% ] [90m[1mreimport[22m | Preparing files to reimport...[39m[0m
[  99% ] [90m[1mreimport[22m | Preparing files to reimport...[39m[0m
[  99% ] [90m[1mreimport[22m | Preparing files to reimport...[39m[0m
[  99% ] [90m[1mreimport[22m | Preparing files to reimport...[39m[0m
[   0% ] [90m[1mreimport[22m | Executing pre-reimport operations...[39m[0m
[   0% ] [90m[1mpreload_reimporting_scene[22m | Started Preparing scenes for reload (1 steps)[39m[0m
[   0% ] [90m[1mpreload_reimporting_scene[22m | Analyzing scene [empty][39m[0m
[  50% ] [90m[1mpreload_reimporting_scene[22m | Preparation done.[39m[0m
[92m[ DONE ][39m [1mpreload_reimporting_scene[22m
[0m
[   0% ] [90m[1mreimport[22m | white.exr[39m[0m
[   0% ] [90m[1mreimport[22m | room.exr[39m[0m
[   0% ] [90m[1mreimport[22m | room.exr[39m[0m
[   0% ] [90m[1mreimport[22m | room.exr[39m[0m
[   0% ] [90m[1mreimport[22m | room.exr[39m[0m
[   0% ] [90m[1mreimport[22m | white.exr[39m[0m
res://modules/atlas/fonts/PixelMplus12-Regular.ttf: Pixel font detected, disabling subpixel positioning.
res://modules/atlas/fonts/PixelMplus12-Regular.ttf: Pixel font detected, disabling hinting.
res://modules/sketchbook/assets/chatroom/PixelMplus12-Regular.ttf: Pixel font detected, disabling subpixel positioning.
res://modules/sketchbook/assets/chatroom/PixelMplus12-Regular.ttf: Pixel font detected, disabling hinting.
res://modules/playground_page/assets/fonts/PixelMplus12-Regular.ttf: Pixel font detected, disabling subpixel positioning.
res://modules/playground_page/assets/fonts/PixelMplus12-Regular.ttf: Pixel font detected, disabling hinting.
[   0% ] [90m[1mreimport[22m | room.exr[39m[0m
[   0% ] [90m[1mreimport[22m | PixelMplus12-Regular.ttf[39m[0m
[   0% ] [90m[1mreimport[22m | white.exr[39m[0m
[   0% ] [90m[1mreimport[22m | room.exr[39m[0m
[   0% ] [90m[1mreimport[22m | PixelMplus12-Regular.ttf[39m[0m
[   0% ] [90m[1mreimport[22m | PixelMplus12-Regular.ttf[39m[0m
[   0% ] [90m[1mreimport[22m | PixelMplus12-Regular.ttf[39m[0m
[   0% ] [90m[1mreimport[22m | cancel.ogg[39m[0m
[   0% ] [90m[1mreimport[22m | cursor.ogg[39m[0m
[   0% ] [90m[1mreimport[22m | door.ogg[39m[0m
[   0% ] [90m[1mreimport[22m | item_select.ogg[39m[0m
[   0% ] [90m[1mreimport[22m | menu_close.ogg[39m[0m
[   0% ] [90m[1mreimport[22m | menu_open.ogg[39m[0m
[   0% ] [90m[1mreimport[22m | pickup.ogg[39m[0m
[   0% ] [90m[1mreimport[22m | select.ogg[39m[0m
[   0% ] [90m[1mreimport[22m | step_ground_01.ogg[39m[0m
[   0% ] [90m[1mreimport[22m | step_ground_02.ogg[39m[0m
[   0% ] [90m[1mreimport[22m | step_ground_03.ogg[39m[0m
[   0% ] [90m[1mreimport[22m | step_ground_04.ogg[39m[0m
[   0% ] [90m[1mreimport[22m | step_wood_01.ogg[39m[0m
[   0% ] [90m[1mreimport[22m | white.exr[39m[0m
[   0% ] [90m[1mreimport[22m | room.exr[39m[0m
[   0% ] [90m[1mreimport[22m | PixelMplus12-Regular.ttf[39m[0m
[   0% ] [90m[1mreimport[22m | PixelMplus12-Regular.ttf[39m[0m
[   0% ] [90m[1mreimport[22m | PixelMplus12-Regular.ttf[39m[0m
[   1% ] [90m[1mreimport[22m | cancel.ogg[39m[0m
[   1% ] [90m[1mreimport[22m | cursor.ogg[39m[0m
[   1% ] [90m[1mreimport[22m | door.ogg[39m[0m
[   1% ] [90m[1mreimport[22m | item_select.ogg[39m[0m
[   1% ] [90m[1mreimport[22m | menu_close.ogg[39m[0m
[   1% ] [90m[1mreimport[22m | menu_open.ogg[39m[0m
[   1% ] [90m[1mreimport[22m | pickup.ogg[39m[0m
[   1% ] [90m[1mreimport[22m | select.ogg[39m[0m
[   1% ] [90m[1mreimport[22m | step_ground_01.ogg[39m[0m
[   1% ] [90m[1mreimport[22m | step_ground_02.ogg[39m[0m
[   1% ] [90m[1mreimport[22m | step_ground_03.ogg[39m[0m
[   1% ] [90m[1mreimport[22m | step_ground_04.ogg[39m[0m
[   1% ] [90m[1mreimport[22m | step_wood_01.ogg[39m[0m
[   1% ] [90m[1mreimport[22m | step_wood_02.ogg[39m[0m
[   1% ] [90m[1mreimport[22m | step_wood_03.ogg[39m[0m
[   1% ] [90m[1mreimport[22m | step_wood_04.ogg[39m[0m
[   1% ] [90m[1mreimport[22m | step_wood_05.ogg[39m[0m
[   1% ] [90m[1mreimport[22m | step_wood_06.ogg[39m[0m
[   1% ] [90m[1mreimport[22m | style-reference-five-originals.png[39m[0m
[   1% ] [90m[1mreimport[22m | stills-reduced-to-64px.png[39m[0m
[   1% ] [90m[1mreimport[22m | stills-1k-candidates.png[39m[0m
[   1% ] [90m[1mreimport[22m | bar-glow-zoom.png[39m[0m
[   1% ] [90m[1mreimport[22m | haze-off-on.png[39m[0m
[   1% ] [90m[1mreimport[22m | load-sequence.png[39m[0m
[   1% ] [90m[1mreimport[22m | spread-out-exit.png[39m[0m
[   1% ] [90m[1mreimport[22m | steady-bar.png[39m[0m
[   1% ] [90m[1mreimport[22m | emerald-item--letter.png[39m[0m
[   2% ] [90m[1mreimport[22m | emerald-item--old_sea_map.png[39m[0m
[   2% ] [90m[1mreimport[22m | emerald-item--poke_doll.png[39m[0m
[   2% ] [90m[1mreimport[22m | emerald-item--shard.png[39m[0m
[   2% ] [90m[1mreimport[22m | firered--bicycle.png[39m[0m
[   2% ] [90m[1mreimport[22m | firered--card_key.png[39m[0m
[   2% ] [90m[1mreimport[22m | firered--dome_fossil.png[39m[0m
[   2% ] [90m[1mreimport[22m | firered--helix_fossil.png[39m[0m
[   2% ] [90m[1mreimport[22m | firered--nugget.png[39m[0m
[   2% ] [90m[1mreimport[22m | firered--old_amber.png[39m[0m
[   2% ] [90m[1mreimport[22m | firered--silph_scope.png[39m[0m
[   2% ] [90m[1mreimport[22m | firered--star_piece.png[39m[0m
[   2% ] [90m[1mreimport[22m | firered--tea.png[39m[0m
[   2% ] [90m[1mreimport[22m | firered--town_map.png[39m[0m
[   2% ] [90m[1mreimport[22m | hover.png[39m[0m
[   2% ] [90m[1mreimport[22m | idle.png[39m[0m
[   2% ] [90m[1mreimport[22m | pressed.png[39m[0m
[   2% ] [90m[1mreimport[22m | settled.png[39m[0m
[   2% ] [90m[1mreimport[22m | concept-references-game-pool.png[39m[0m
[   2% ] [90m[1mreimport[22m | concept-references-verified.png[39m[0m
[   2% ] [90m[1mreimport[22m | first-three-icons-64px.png[39m[0m
[   2% ] [90m[1mreimport[22m | process-1k-to-64px.png[39m[0m
[   2% ] [90m[1mreimport[22m | search-sweep-contained-poses.png[39m[0m
[   2% ] [90m[1mreimport[22m | search-sweep-final-poses.png[39m[0m
[   2% ] [90m[1mreimport[22m | search-sweep-poses.png[39m[0m
[   2% ] [90m[1mreimport[22m | set-so-far.png[39m[0m
[   2% ] [90m[1mreimport[22m | state-set-take2.png[39m[0m
[   2% ] [90m[1mreimport[22m | state-set-take3-filled.png[39m[0m
[   2% ] [90m[1mreimport[22m | w14-grow-0.png[39m[0m
[   3% ] [90m[1mreimport[22m | w14-grow-1.png[39m[0m
[   3% ] [90m[1mreimport[22m | w14-grow-2.png[39m[0m
[   3% ] [90m[1mreimport[22m | w14-grow-3.png[39m[0m
[   3% ] [90m[1mreimport[22m | w14-grow-4.png[39m[0m
[   3% ] [90m[1mreimport[22m | w14-grow-5.png[39m[0m
[   3% ] [90m[1mreimport[22m | w15-blank-page.png[39m[0m
[   3% ] [90m[1mreimport[22m | w16-after-close.png[39m[0m
[   3% ] [90m[1mreimport[22m | sheet-bar.png[39m[0m
[   3% ] [90m[1mreimport[22m | sheet-tabs.png[39m[0m
[   3% ] [90m[1mreimport[22m | w01-launch.png[39m[0m
[   3% ] [90m[1mreimport[22m | w02-map.png[39m[0m
[   3% ] [90m[1mreimport[22m | w02-switch-0.png[39m[0m
[   3% ] [90m[1mreimport[22m | w02-switch-1.png[39m[0m
[   3% ] [90m[1mreimport[22m | w02-switch-2.png[39m[0m
[   3% ] [90m[1mreimport[22m | w02-switch-3.png[39m[0m
[   3% ] [90m[1mreimport[22m | w03-map-zoomed.png[39m[0m
[   3% ] [90m[1mreimport[22m | w04-sketchbook.png[39m[0m
[   3% ] [90m[1mreimport[22m | w05-sketchbook-drawn.png[39m[0m
[   3% ] [90m[1mreimport[22m | tape-subtle-1.25x.png[39m[0m
[   3% ] [90m[1mreimport[22m | video-on-demand.png[39m[0m
[   3% ] [90m[1mreimport[22m | sheet-bar.png[39m[0m
[   3% ] [90m[1mreimport[22m | sheet-tabs.png[39m[0m
[   3% ] [90m[1mreimport[22m | w01-launch.png[39m[0m
[   3% ] [90m[1mreimport[22m | w02-map.png[39m[0m
[   3% ] [90m[1mreimport[22m | w02-switch-0.png[39m[0m
[   3% ] [90m[1mreimport[22m | w02-switch-1.png[39m[0m
[   3% ] [90m[1mreimport[22m | w02-switch-2.png[39m[0m
[   4% ] [90m[1mreimport[22m | w02-switch-3.png[39m[0m
[   4% ] [90m[1mreimport[22m | w03-map-zoomed.png[39m[0m
[   4% ] [90m[1mreimport[22m | w04-sketchbook.png[39m[0m
[   4% ] [90m[1mreimport[22m | w05-sketchbook-drawn.png[39m[0m
[   4% ] [90m[1mreimport[22m | w06-3d-viewer.png[39m[0m
[   4% ] [90m[1mreimport[22m | w07-3d-viewer-orbited.png[39m[0m
[   4% ] [90m[1mreimport[22m | w08-video.png[39m[0m
[   4% ] [90m[1mreimport[22m | w09-video-tile-3.png[39m[0m
[   4% ] [90m[1mreimport[22m | w10-collection.png[39m[0m
[   4% ] [90m[1mreimport[22m | w11-collection-dragged.png[39m[0m
[   4% ] [90m[1mreimport[22m | w12-playground.png[39m[0m
[   4% ] [90m[1mreimport[22m | sprite.png[39m[0m
[   4% ] [90m[1mreimport[22m | warm-isolated.png[39m[0m
[   4% ] [90m[1mreimport[22m | warm.png[39m[0m
[   4% ] [90m[1mreimport[22m | white-arch.png[39m[0m
[   4% ] [90m[1mreimport[22m | white-far.png[39m[0m
[   4% ] [90m[1mreimport[22m | white-room.png[39m[0m
[   4% ] [90m[1mreimport[22m | embedded-front-after.png[39m[0m
[   4% ] [90m[1mreimport[22m | embedded-front-before.png[39m[0m
[   4% ] [90m[1mreimport[22m | embedded-idle.png[39m[0m
[   4% ] [90m[1mreimport[22m | embedded-stride-after.png[39m[0m
[   4% ] [90m[1mreimport[22m | embedded-white-after.png[39m[0m
[   4% ] [90m[1mreimport[22m | embedded-white-before.png[39m[0m
[   4% ] [90m[1mreimport[22m | embedded-white.png[39m[0m
[   4% ] [90m[1mreimport[22m | large-white.png[39m[0m
[   4% ] [90m[1mreimport[22m | native-side-after.png[39m[0m
[   4% ] [90m[1mreimport[22m | ACT-01--favorites.png[39m[0m
[   5% ] [90m[1mreimport[22m | ACT-03--contents-open-book.png[39m[0m
[   5% ] [90m[1mreimport[22m | ACT-06--kmail.png[39m[0m
[   5% ] [90m[1mreimport[22m | ACT-08--kopete.png[39m[0m
[   5% ] [90m[1mreimport[22m | ACT-09--download.png[39m[0m
[   5% ] [90m[1mreimport[22m | before.png[39m[0m
[   5% ] [90m[1mreimport[22m | browser.png[39m[0m
[   5% ] [90m[1mreimport[22m | geometry-bench.png[39m[0m
[   5% ] [90m[1mreimport[22m | geometry-browser.png[39m[0m
[   5% ] [90m[1mreimport[22m | geometry-floor.png[39m[0m
[   5% ] [90m[1mreimport[22m | geometry-other-wall.png[39m[0m
[   5% ] [90m[1mreimport[22m | geometry-room.png[39m[0m
[   5% ] [90m[1mreimport[22m | other-wall.png[39m[0m
[   5% ] [90m[1mreimport[22m | white-architecture.png[39m[0m
[   5% ] [90m[1mreimport[22m | cool.png[39m[0m
[   5% ] [90m[1mreimport[22m | disabled.png[39m[0m
[   5% ] [90m[1mreimport[22m | entry.png[39m[0m
[   5% ] [90m[1mreimport[22m | gallery-light-far.png[39m[0m
[   5% ] [90m[1mreimport[22m | gallery-light-mid.png[39m[0m
[   5% ] [90m[1mreimport[22m | hand-interact.png[39m[0m
[   5% ] [90m[1mreimport[22m | head-look.png[39m[0m
[   5% ] [90m[1mreimport[22m | lighting-original.png[39m[0m
[   5% ] [90m[1mreimport[22m | original.png[39m[0m
[   5% ] [90m[1mreimport[22m | raw.png[39m[0m
[   5% ] [90m[1mreimport[22m | return-far.png[39m[0m
[   5% ] [90m[1mreimport[22m | emerald-deco--glass_ornament.png[39m[0m
[   5% ] [90m[1mreimport[22m | emerald-deco--gorgeous_plant.png[39m[0m
[   5% ] [90m[1mreimport[22m | emerald-deco--heavy_desk.png[39m[0m
[   5% ] [90m[1mreimport[22m | emerald-deco--pretty_desk.png[39m[0m
[   6% ] [90m[1mreimport[22m | emerald-deco--ragged_desk.png[39m[0m
[   6% ] [90m[1mreimport[22m | emerald-deco--red_brick.png[39m[0m
[   6% ] [90m[1mreimport[22m | emerald-deco--regirock_doll.png[39m[0m
[   6% ] [90m[1mreimport[22m | emerald-deco--registeel_doll.png[39m[0m
[   6% ] [90m[1mreimport[22m | emerald-deco--snorlax_doll.png[39m[0m
[   6% ] [90m[1mreimport[22m | emerald-deco--solid_board.png[39m[0m
[   6% ] [90m[1mreimport[22m | emerald-deco--stand.png[39m[0m
[   6% ] [90m[1mreimport[22m | emerald-item--amulet_coin.png[39m[0m
[   6% ] [90m[1mreimport[22m | emerald-item--berry_pouch.png[39m[0m
[   6% ] [90m[1mreimport[22m | emerald-item--claw_fossil.png[39m[0m
[   6% ] [90m[1mreimport[22m | emerald-item--coin_case.png[39m[0m
[   6% ] [90m[1mreimport[22m | emerald-item--contest_pass.png[39m[0m
[   6% ] [90m[1mreimport[22m | emerald-item--devon_scope.png[39m[0m
[   6% ] [90m[1mreimport[22m | emerald-item--fame_checker.png[39m[0m
[   6% ] [90m[1mreimport[22m | emerald-item--go_goggles.png[39m[0m
[   6% ] [90m[1mreimport[22m | emerald-item--itemfinder.png[39m[0m
[   6% ] [90m[1mreimport[22m | DEP-01--kpaint.png[39m[0m
[   6% ] [90m[1mreimport[22m | DEP-02--folder_print.png[39m[0m
[   6% ] [90m[1mreimport[22m | DEP-07--camera.png[39m[0m
[   6% ] [90m[1mreimport[22m | DEP-11--coin_case-emerald.png[39m[0m
[   6% ] [90m[1mreimport[22m | MED-01--video.png[39m[0m
[   6% ] [90m[1mreimport[22m | MED-02--sound.png[39m[0m
[   6% ] [90m[1mreimport[22m | MED-09--viewmag.png[39m[0m
[   6% ] [90m[1mreimport[22m | MED-10--colorize.png[39m[0m
[   6% ] [90m[1mreimport[22m | NAV-02--package.png[39m[0m
[   6% ] [90m[1mreimport[22m | NAV-06--lock.png[39m[0m
[   6% ] [90m[1mreimport[22m | REC-02--date.png[39m[0m
[   7% ] [90m[1mreimport[22m | REC-03--signature.png[39m[0m
[   7% ] [90m[1mreimport[22m | REC-06--kfind.png[39m[0m
[   7% ] [90m[1mreimport[22m | REC-09--messagebox_warning.png[39m[0m
[   7% ] [90m[1mreimport[22m | UI-01--kfind.png[39m[0m
[   7% ] [90m[1mreimport[22m | UI-02--filter.png[39m[0m
[   7% ] [90m[1mreimport[22m | UI-03--view_icon.png[39m[0m
[   7% ] [90m[1mreimport[22m | UI-04--sort_az.png[39m[0m
[   7% ] [90m[1mreimport[22m | UI-05--personal.png[39m[0m
[   7% ] [90m[1mreimport[22m | emerald-deco--big_plant.png[39m[0m
[   7% ] [90m[1mreimport[22m | launch-0004.png[39m[0m
[   7% ] [90m[1mreimport[22m | launch-0005.png[39m[0m
[   7% ] [90m[1mreimport[22m | launch-0006.png[39m[0m
[   7% ] [90m[1mreimport[22m | launch-0007.png[39m[0m
[   7% ] [90m[1mreimport[22m | launch-0008.png[39m[0m
[   7% ] [90m[1mreimport[22m | launch-0009.png[39m[0m
[   7% ] [90m[1mreimport[22m | launch-0010.png[39m[0m
[   7% ] [90m[1mreimport[22m | launch-0011.png[39m[0m
[   7% ] [90m[1mreimport[22m | launch-0012.png[39m[0m
[   7% ] [90m[1mreimport[22m | launch-0013.png[39m[0m
[   7% ] [90m[1mreimport[22m | launch-0014.png[39m[0m
[   7% ] [90m[1mreimport[22m | launch-0015.png[39m[0m
[   7% ] [90m[1mreimport[22m | map-0000.png[39m[0m
[   7% ] [90m[1mreimport[22m | map-0001.png[39m[0m
[   7% ] [90m[1mreimport[22m | map-0002.png[39m[0m
[   7% ] [90m[1mreimport[22m | map-0003.png[39m[0m
[   7% ] [90m[1mreimport[22m | map-0004.png[39m[0m
[   7% ] [90m[1mreimport[22m | map-0005.png[39m[0m
[   7% ] [90m[1mreimport[22m | switch-0000.png[39m[0m
[   8% ] [90m[1mreimport[22m | switch-0001.png[39m[0m
[   8% ] [90m[1mreimport[22m | switch-0002.png[39m[0m
[   8% ] [90m[1mreimport[22m | switch-0003.png[39m[0m
[   8% ] [90m[1mreimport[22m | w02-switch-0.png[39m[0m
[   8% ] [90m[1mreimport[22m | w02-switch-1.png[39m[0m
[   8% ] [90m[1mreimport[22m | w02-switch-2.png[39m[0m
[   8% ] [90m[1mreimport[22m | w02-switch-3.png[39m[0m
[   8% ] [90m[1mreimport[22m | w03-map-zoomed.png[39m[0m
[   8% ] [90m[1mreimport[22m | w04-collection.png[39m[0m
[   8% ] [90m[1mreimport[22m | w05-has-image.png[39m[0m
[   8% ] [90m[1mreimport[22m | w06-after-card.png[39m[0m
[   8% ] [90m[1mreimport[22m | w07-playground.png[39m[0m
[   8% ] [90m[1mreimport[22m | w08-phone.png[39m[0m
[   8% ] [90m[1mreimport[22m | w09-grow-0.png[39m[0m
[   8% ] [90m[1mreimport[22m | w09-grow-1.png[39m[0m
[   8% ] [90m[1mreimport[22m | w09-grow-2.png[39m[0m
[   8% ] [90m[1mreimport[22m | w09-grow-3.png[39m[0m
[   8% ] [90m[1mreimport[22m | w09-grow-4.png[39m[0m
[   8% ] [90m[1mreimport[22m | w09-grow-5.png[39m[0m
[   8% ] [90m[1mreimport[22m | w10-blank-page.png[39m[0m
[   8% ] [90m[1mreimport[22m | w11-after-close.png[39m[0m
[   8% ] [90m[1mreimport[22m | launch-0000.png[39m[0m
[   8% ] [90m[1mreimport[22m | launch-0001.png[39m[0m
[   8% ] [90m[1mreimport[22m | launch-0002.png[39m[0m
[   8% ] [90m[1mreimport[22m | launch-0003.png[39m[0m
[   8% ] [90m[1mreimport[22m | 06-painted.png[39m[0m
[   8% ] [90m[1mreimport[22m | 07-rested.png[39m[0m
[   9% ] [90m[1mreimport[22m | 08-turning.png[39m[0m
[   9% ] [90m[1mreimport[22m | 09-turned.png[39m[0m
[   9% ] [90m[1mreimport[22m | 10-turned-back.png[39m[0m
[   9% ] [90m[1mreimport[22m | 11-before-hidden.png[39m[0m
[   9% ] [90m[1mreimport[22m | 12-hidden.png[39m[0m
[   9% ] [90m[1mreimport[22m | 13-resumed.png[39m[0m
[   9% ] [90m[1mreimport[22m | 14-resized.png[39m[0m
[   9% ] [90m[1mreimport[22m | 15-restored.png[39m[0m
[   9% ] [90m[1mreimport[22m | 01-layout.png[39m[0m
[   9% ] [90m[1mreimport[22m | 02-drawn.png[39m[0m
[   9% ] [90m[1mreimport[22m | 03-palette-interaction.png[39m[0m
[   9% ] [90m[1mreimport[22m | 04-palette-mixing-fixed.png[39m[0m
[   9% ] [90m[1mreimport[22m | web-painting-framed.png[39m[0m
[   9% ] [90m[1mreimport[22m | web-painting-resized.png[39m[0m
[   9% ] [90m[1mreimport[22m | book-shadow-overlap.png[39m[0m
[   9% ] [90m[1mreimport[22m | compact.png[39m[0m
[   9% ] [90m[1mreimport[22m | desktop.png[39m[0m
[   9% ] [90m[1mreimport[22m | compact.png[39m[0m
[   9% ] [90m[1mreimport[22m | desktop.png[39m[0m
[   9% ] [90m[1mreimport[22m | original-frame-enlarged.png[39m[0m
[   9% ] [90m[1mreimport[22m | switch-0004.png[39m[0m
[   9% ] [90m[1mreimport[22m | switch-0005.png[39m[0m
[   9% ] [90m[1mreimport[22m | 01-launch.png[39m[0m
[   9% ] [90m[1mreimport[22m | 02-map.png[39m[0m
[   9% ] [90m[1mreimport[22m | 03-sketchbook.png[39m[0m
[   9% ] [90m[1mreimport[22m | 04-fixed-kept.png[39m[0m
[   9% ] [90m[1mreimport[22m | 05-stub-blank.png[39m[0m
[  10% ] [90m[1mreimport[22m | 06-grey.png[39m[0m
[  10% ] [90m[1mreimport[22m | 07-collection.png[39m[0m
[  10% ] [90m[1mreimport[22m | 08-untenanted.png[39m[0m
[  10% ] [90m[1mreimport[22m | 09-resized.png[39m[0m
[  10% ] [90m[1mreimport[22m | 10-restored.png[39m[0m
[  10% ] [90m[1mreimport[22m | film-launch.png[39m[0m
[  10% ] [90m[1mreimport[22m | film-map-click.png[39m[0m
[  10% ] [90m[1mreimport[22m | film-switch.png[39m[0m
[  10% ] [90m[1mreimport[22m | sheet-bar.png[39m[0m
[  10% ] [90m[1mreimport[22m | web-map.png[39m[0m
[  10% ] [90m[1mreimport[22m | web-sketchbook.png[39m[0m
[  10% ] [90m[1mreimport[22m | 01-desktop.png[39m[0m
[  10% ] [90m[1mreimport[22m | 02-fill-1920x1000.png[39m[0m
[  10% ] [90m[1mreimport[22m | 03-fill-1440x820.png[39m[0m
[  10% ] [90m[1mreimport[22m | 04-tray-a.png[39m[0m
[  10% ] [90m[1mreimport[22m | 05-mixed.png[39m[0m
[  10% ] [90m[1mreimport[22m | 08-restored.png[39m[0m
[  10% ] [90m[1mreimport[22m | layout-reference.png[39m[0m
[  10% ] [90m[1mreimport[22m | before.png[39m[0m
[  10% ] [90m[1mreimport[22m | compare2.png[39m[0m
[  10% ] [90m[1mreimport[22m | edges-fixed.png[39m[0m
[  10% ] [90m[1mreimport[22m | fengshui-original.png[39m[0m
[  10% ] [90m[1mreimport[22m | layout-reference-in-game.png[39m[0m
[  10% ] [90m[1mreimport[22m | layout-reference.png[39m[0m
[  10% ] [90m[1mreimport[22m | light-profile-in-dark-mode.png[39m[0m
[  10% ] [90m[1mreimport[22m | light-profile-scrolled.png[39m[0m
[  10% ] [90m[1mreimport[22m | owner-dark-mode-edge.png[39m[0m
[  10% ] [90m[1mreimport[22m | ref-aspect-scrolled.png[39m[0m
[  11% ] [90m[1mreimport[22m | ref-aspect.png[39m[0m
[  11% ] [90m[1mreimport[22m | window-over-arena.png[39m[0m
[  11% ] [90m[1mreimport[22m | 3d9f131a30f625218a2916da95044aaebd6b6e2855238e5382c0e7cab314df56.jpg[39m[0m
[  11% ] [90m[1mreimport[22m | 4bd8ca167dac068b90d487ff88e661a49c0a99936597c4d80dd9d05dcbe095a1.jpg[39m[0m
[  11% ] [90m[1mreimport[22m | 4cf81dbe259d011496c63773d202b71f9031c1a9e6b6f055eebd43fca2f5e8fb.jpg[39m[0m
[  11% ] [90m[1mreimport[22m | 5cbc1f879d1d1aaeb3c29f6df3d63af59547b4755dba993c6288bf6af4d62e8c.jpg[39m[0m
[  11% ] [90m[1mreimport[22m | 5efac9ed8dcff848e3406ea7b97472c92d2d863502a76b0af5f268768acaacea.jpg[39m[0m
[  11% ] [90m[1mreimport[22m | 6b71815d35e53282fefd515bde647b3e56277515c1c5e67d2f5b179de6761e0f.jpg[39m[0m
[  11% ] [90m[1mreimport[22m | 8ea22adc261ccf80ee6c27c74b9f7324509f79b41adca8594de0d31739ec7ee8.jpg[39m[0m
[  11% ] [90m[1mreimport[22m | 18d3d71d4df68ed67f69bcc16e9fcd477ee43089a5fe4811ae1a1669cc73e2cb.jpg[39m[0m
[  11% ] [90m[1mreimport[22m | w06-3d-viewer.png[39m[0m
[  11% ] [90m[1mreimport[22m | w07-3d-viewer-orbited.png[39m[0m
[  11% ] [90m[1mreimport[22m | w08-video.png[39m[0m
[  11% ] [90m[1mreimport[22m | w09-video-tile-3.png[39m[0m
[  11% ] [90m[1mreimport[22m | w10-collection.png[39m[0m
[  11% ] [90m[1mreimport[22m | w11-collection-dragged.png[39m[0m
[  11% ] [90m[1mreimport[22m | w12-playground.png[39m[0m
[  11% ] [90m[1mreimport[22m | w14-grow-0.png[39m[0m
[  11% ] [90m[1mreimport[22m | w14-grow-1.png[39m[0m
[  11% ] [90m[1mreimport[22m | w14-grow-2.png[39m[0m
[  11% ] [90m[1mreimport[22m | w14-grow-3.png[39m[0m
[  11% ] [90m[1mreimport[22m | w14-grow-4.png[39m[0m
[  11% ] [90m[1mreimport[22m | w14-grow-5.png[39m[0m
[  11% ] [90m[1mreimport[22m | w15-blank-page.png[39m[0m
[  11% ] [90m[1mreimport[22m | w16-after-close.png[39m[0m
[  11% ] [90m[1mreimport[22m | 01-desktop.png[39m[0m
[  11% ] [90m[1mreimport[22m | 02-trade-moved.png[39m[0m
[  12% ] [90m[1mreimport[22m | 03-hidden.png[39m[0m
[  12% ] [90m[1mreimport[22m | 04-resumed.png[39m[0m
[  12% ] [90m[1mreimport[22m | 05-page-1920x1000.png[39m[0m
[  12% ] [90m[1mreimport[22m | 06-page-1440x820.png[39m[0m
[  12% ] [90m[1mreimport[22m | 07-window-1440x900.png[39m[0m
[  12% ] [90m[1mreimport[22m | compact.png[39m[0m
[  12% ] [90m[1mreimport[22m | desktop.png[39m[0m
[  12% ] [90m[1mreimport[22m | gallery-launch.png[39m[0m
[  12% ] [90m[1mreimport[22m | after.png[39m[0m
[  12% ] [90m[1mreimport[22m | before.png[39m[0m
[  12% ] [90m[1mreimport[22m | 01-viewer.png[39m[0m
[  12% ] [90m[1mreimport[22m | 02-paused.png[39m[0m
[  12% ] [90m[1mreimport[22m | 03-paused-later.png[39m[0m
[  12% ] [90m[1mreimport[22m | 04-orbited.png[39m[0m
[  12% ] [90m[1mreimport[22m | 05-zoomed.png[39m[0m
[  12% ] [90m[1mreimport[22m | 06-window-moved.png[39m[0m
[  12% ] [90m[1mreimport[22m | 07-catalogue-moved.png[39m[0m
[  12% ] [90m[1mreimport[22m | 08-before-hidden.png[39m[0m
[  12% ] [90m[1mreimport[22m | 09-hidden.png[39m[0m
[  12% ] [90m[1mreimport[22m | 10-resumed.png[39m[0m
[  12% ] [90m[1mreimport[22m | 11-resized.png[39m[0m
[  12% ] [90m[1mreimport[22m | 12-restored.png[39m[0m
[  12% ] [90m[1mreimport[22m | 13-fill-1440x820.png[39m[0m
[  12% ] [90m[1mreimport[22m | 13-fill-1920x1000.png[39m[0m
[  12% ] [90m[1mreimport[22m | sheet-bar.png[39m[0m
[  12% ] [90m[1mreimport[22m | w01-launch.png[39m[0m
[  12% ] [90m[1mreimport[22m | w02-map.png[39m[0m
[  12% ] [90m[1mreimport[22m | 24d1df97ce2d46431fef361b8c64be5931f752c3a553f43f2554fdcc25eb39ca.jpg[39m[0m
[  13% ] [90m[1mreimport[22m | 031b205006f5a0190e4472fcf6b8a5738ea79d4fb28150b37f4c60a126be680e.jpg[39m[0m
[  13% ] [90m[1mreimport[22m | 50cab9dffb58bf40a1509b7188faf64255ec2e63adc96f0f644e3e4446f242fd.jpg[39m[0m
[  13% ] [90m[1mreimport[22m | 822cd46ceab55723737147c7defdcd27442a7ed98be5ecc07307e2876d047fb4.jpg[39m[0m
[  13% ] [90m[1mreimport[22m | 790312c2a73943efbe8dbbb68d6f7dcd6ce841ad6a09499bc29282c5f4264d0c.jpg[39m[0m
[  13% ] [90m[1mreimport[22m | 6651120af8f52875e77e78c49ca914ca05ef84762ae9d6017c19f47d1367215c.jpg[39m[0m
[  13% ] [90m[1mreimport[22m | a0f1b6a4339c276b3d2884d8881d8f71ae9a0cd7e7b8f5bce2b1e5c6a2540265.jpg[39m[0m
[  13% ] [90m[1mreimport[22m | ac49959b6009654c6b1787b725a75613e0ce2fcaacf4740215609c2a5d186513.jpg[39m[0m
[  13% ] [90m[1mreimport[22m | c6c7910711892384a9f5d8f46fa9b602df7a92e9be7990014ecda7af0e89fb67.jpg[39m[0m
[  13% ] [90m[1mreimport[22m | cc0cd6ddd93b488486121781f6a26b3b60cc871cdb010c775a806b3db401d0d1.jpg[39m[0m
[  13% ] [90m[1mreimport[22m | ce5c2f8a0e385b7e0b27ebc846501aace2878965e735a655ee86d1f9dde2ec8a.jpg[39m[0m
[  13% ] [90m[1mreimport[22m | d9f1f7bc2846d94a025f6e6657419bc575528a1715dd94a97e091a18254e5af2.jpg[39m[0m
[  13% ] [90m[1mreimport[22m | d76d010ba6ca651f5a1e310c7e1ffab9071c1de7d88a0c37102c4a3e081a3324.jpg[39m[0m
[  13% ] [90m[1mreimport[22m | f89dbc7091c2ec722d6ceac3037d27e90827c7849a62789aafdcd913fc5ae2ce.jpg[39m[0m
[  13% ] [90m[1mreimport[22m | f9573b011318f634958183f6f68b7c86a8850624d42d1b2366bea79a983f0ee3.jpg[39m[0m
[  13% ] [90m[1mreimport[22m | f14316795c64a158c56d8f25be455d7ba2a816b3ebd4fe2c26f4d74e31c82097.jpg[39m[0m
[  13% ] [90m[1mreimport[22m | fc5f62367ffdf01e52b6dc3662f5c763c1c13ca3d1f841bfba8ef909f070edf0.jpg[39m[0m
[  13% ] [90m[1mreimport[22m | collection-expanded.png[39m[0m
[  13% ] [90m[1mreimport[22m | collection-hover.png[39m[0m
[  13% ] [90m[1mreimport[22m | playground-expanded.png[39m[0m
[  13% ] [90m[1mreimport[22m | playground-gallery.png[39m[0m
[  13% ] [90m[1mreimport[22m | playground-hover.png[39m[0m
[  13% ] [90m[1mreimport[22m | book-and-viewer.png[39m[0m
[  13% ] [90m[1mreimport[22m | 00-before.png[39m[0m
[  13% ] [90m[1mreimport[22m | 01-after-1920x1080.png[39m[0m
[  13% ] [90m[1mreimport[22m | 02-sort-popup.png[39m[0m
[  13% ] [90m[1mreimport[22m | 02b-controls-draft.png[39m[0m
[  13% ] [90m[1mreimport[22m | 03-loading.png[39m[0m
[  14% ] [90m[1mreimport[22m | 04-empty.png[39m[0m
[  14% ] [90m[1mreimport[22m | 05-error-retry.png[39m[0m
[  14% ] [90m[1mreimport[22m | 06-after-1440x900.png[39m[0m
[  14% ] [90m[1mreimport[22m | 07-selected-details.png[39m[0m
[  14% ] [90m[1mreimport[22m | 08-save-error.png[39m[0m
[  14% ] [90m[1mreimport[22m | before.png[39m[0m
[  14% ] [90m[1mreimport[22m | collection-crt.png[39m[0m
[  14% ] [90m[1mreimport[22m | collection-off.png[39m[0m
[  14% ] [90m[1mreimport[22m | fit-720x486.png[39m[0m
[  14% ] [90m[1mreimport[22m | fit-1200x600.png[39m[0m
[  14% ] [90m[1mreimport[22m | fit-1920x1080.png[39m[0m
[  14% ] [90m[1mreimport[22m | sketchbook-painted.png[39m[0m
[  14% ] [90m[1mreimport[22m | tab-0.png[39m[0m
[  14% ] [90m[1mreimport[22m | tab-1.png[39m[0m
[  14% ] [90m[1mreimport[22m | tab-2.png[39m[0m
[  14% ] [90m[1mreimport[22m | tab-3.png[39m[0m
[  14% ] [90m[1mreimport[22m | IMG_6386-47.5s.jpg[39m[0m
[  14% ] [90m[1mreimport[22m | IMG_6386-52.5s.jpg[39m[0m
[  14% ] [90m[1mreimport[22m | IMG_6386-57.5s.jpg[39m[0m
[  14% ] [90m[1mreimport[22m | IMG_6386-67.5s.jpg[39m[0m
[  14% ] [90m[1mreimport[22m | IMG_6386-87.5s.jpg[39m[0m
[  14% ] [90m[1mreimport[22m | metric-section.png[39m[0m
[  14% ] [90m[1mreimport[22m | muse-frame-angle.png[39m[0m
[  14% ] [90m[1mreimport[22m | muse-frame-detail.png[39m[0m
[  14% ] [90m[1mreimport[22m | muse-frame-walking.png[39m[0m
[  14% ] [90m[1mreimport[22m | risd-floor5-map-2020.png[39m[0m
[  14% ] [90m[1mreimport[22m | sparse-overview.png[39m[0m
[  15% ] [90m[1mreimport[22m | b7e66eee6aac0ed42db55788dd2d2cd2e65fa3128b6599c769f140eff71e0ce6.jpg[39m[0m
[  15% ] [90m[1mreimport[22m | f50520a15ef1eb172fc00e472bd117be00d2f4f3136fb6949d4e06752ba6a50b.jpg[39m[0m
[  15% ] [90m[1mreimport[22m | browser-paintings-720.png[39m[0m
[  15% ] [90m[1mreimport[22m | browser-paintings.png[39m[0m
[  15% ] [90m[1mreimport[22m | browser.png[39m[0m
[  15% ] [90m[1mreimport[22m | native-paintings-720.png[39m[0m
[  15% ] [90m[1mreimport[22m | native-paintings.png[39m[0m
[  15% ] [90m[1mreimport[22m | native.png[39m[0m
[  15% ] [90m[1mreimport[22m | official-object-1377691.png[39m[0m
[  15% ] [90m[1mreimport[22m | official-object-1584511.png[39m[0m
[  15% ] [90m[1mreimport[22m | taskbar-before.png[39m[0m
[  15% ] [90m[1mreimport[22m | entry-1600.png[39m[0m
[  15% ] [90m[1mreimport[22m | opposite-wall-720.png[39m[0m
[  15% ] [90m[1mreimport[22m | opposite-wall-1600.png[39m[0m
[  15% ] [90m[1mreimport[22m | baseline-720-art.png[39m[0m
[  15% ] [90m[1mreimport[22m | baseline-720-entry.png[39m[0m
[  15% ] [90m[1mreimport[22m | baseline-1600-art.png[39m[0m
[  15% ] [90m[1mreimport[22m | button-bottom-720.png[39m[0m
[  15% ] [90m[1mreimport[22m | button-bottom-1600.png[39m[0m
[  15% ] [90m[1mreimport[22m | candidate-720-art.png[39m[0m
[  15% ] [90m[1mreimport[22m | candidate-720-entry.png[39m[0m
[  15% ] [90m[1mreimport[22m | candidate-1600-art.png[39m[0m
[  15% ] [90m[1mreimport[22m | corner.png[39m[0m
[  15% ] [90m[1mreimport[22m | corner.png[39m[0m
[  15% ] [90m[1mreimport[22m | baseline-720-art.png[39m[0m
[  15% ] [90m[1mreimport[22m | baseline-720-entry.png[39m[0m
[  15% ] [90m[1mreimport[22m | baseline-720-turn.png[39m[0m
[  15% ] [90m[1mreimport[22m | baseline-720-warm.png[39m[0m
[  16% ] [90m[1mreimport[22m | baseline-720-white.png[39m[0m
[  16% ] [90m[1mreimport[22m | baseline-1600-art.png[39m[0m
[  16% ] [90m[1mreimport[22m | baseline-1600-entry.png[39m[0m
[  16% ] [90m[1mreimport[22m | tab-4.png[39m[0m
[  16% ] [90m[1mreimport[22m | tab-5.png[39m[0m
[  16% ] [90m[1mreimport[22m | 01-launch.png[39m[0m
[  16% ] [90m[1mreimport[22m | 02-flowers-title.png[39m[0m
[  16% ] [90m[1mreimport[22m | 03-instructions.png[39m[0m
[  16% ] [90m[1mreimport[22m | 04-garden.png[39m[0m
[  16% ] [90m[1mreimport[22m | 05-dragging.png[39m[0m
[  16% ] [90m[1mreimport[22m | 06-placed.png[39m[0m
[  16% ] [90m[1mreimport[22m | 07-collection-again.png[39m[0m
[  16% ] [90m[1mreimport[22m | 08-flowers-again.png[39m[0m
[  16% ] [90m[1mreimport[22m | 09-send-form.png[39m[0m
[  16% ] [90m[1mreimport[22m | 10-preview.png[39m[0m
[  16% ] [90m[1mreimport[22m | 11-delivered.png[39m[0m
[  16% ] [90m[1mreimport[22m | 12-your-flowers.png[39m[0m
[  16% ] [90m[1mreimport[22m | 13-sample.png[39m[0m
[  16% ] [90m[1mreimport[22m | native-placeholder.png[39m[0m
[  16% ] [90m[1mreimport[22m | sheet-send.png[39m[0m
[  16% ] [90m[1mreimport[22m | sheet.png[39m[0m
[  16% ] [90m[1mreimport[22m | site-01-title.png[39m[0m
[  16% ] [90m[1mreimport[22m | site-02-instructions.png[39m[0m
[  16% ] [90m[1mreimport[22m | taskbar-after.png[39m[0m
[  16% ] [90m[1mreimport[22m | wide-purple-entry.png[39m[0m
[  16% ] [90m[1mreimport[22m | wide-source-camera.png[39m[0m
[  16% ] [90m[1mreimport[22m | annotated-0.png[39m[0m
[  17% ] [90m[1mreimport[22m | annotated-1.png[39m[0m
[  17% ] [90m[1mreimport[22m | barbier-family-zoom-0.jpg[39m[0m
[  17% ] [90m[1mreimport[22m | european-wide-native.png[39m[0m
[  17% ] [90m[1mreimport[22m | family-0.25-detail.png[39m[0m
[  17% ] [90m[1mreimport[22m | family-2.25-detail.png[39m[0m
[  17% ] [90m[1mreimport[22m | far-wall-fit-detail.png[39m[0m
[  17% ] [90m[1mreimport[22m | far-wall-holdout-detail.png[39m[0m
[  17% ] [90m[1mreimport[22m | lawrence-sarah-zoom-0.jpg[39m[0m
[  17% ] [90m[1mreimport[22m | medieval-wide-native.png[39m[0m
[  17% ] [90m[1mreimport[22m | portal-distant-native.png[39m[0m
[  17% ] [90m[1mreimport[22m | renaissance-wide-native.png[39m[0m
[  17% ] [90m[1mreimport[22m | built-plan.png[39m[0m
[  17% ] [90m[1mreimport[22m | IMG_6387-46.5s.jpg[39m[0m
[  17% ] [90m[1mreimport[22m | IMG_6387-47.5s.jpg[39m[0m
[  17% ] [90m[1mreimport[22m | IMG_6387-51.0s.jpg[39m[0m
[  17% ] [90m[1mreimport[22m | IMG_6387-52.0s.jpg[39m[0m
[  17% ] [90m[1mreimport[22m | IMG_6387-58.5s.jpg[39m[0m
[  17% ] [90m[1mreimport[22m | IMG_6387-63.0s.jpg[39m[0m
[  17% ] [90m[1mreimport[22m | gold-service-detail.png[39m[0m
[  17% ] [90m[1mreimport[22m | mirror-detail.png[39m[0m
[  17% ] [90m[1mreimport[22m | phase-0.png[39m[0m
[  17% ] [90m[1mreimport[22m | phase-1.png[39m[0m
[  17% ] [90m[1mreimport[22m | phase-2.png[39m[0m
[  17% ] [90m[1mreimport[22m | phase-3.png[39m[0m
[  17% ] [90m[1mreimport[22m | phase-4.png[39m[0m
[  17% ] [90m[1mreimport[22m | phase-5.png[39m[0m
[  17% ] [90m[1mreimport[22m | phase-6.png[39m[0m
[  17% ] [90m[1mreimport[22m | phase-7.png[39m[0m
[  18% ] [90m[1mreimport[22m | phase-8.png[39m[0m
[  18% ] [90m[1mreimport[22m | pink-service-asset.png[39m[0m
[  18% ] [90m[1mreimport[22m | pink-service-detail.png[39m[0m
[  18% ] [90m[1mreimport[22m | recamier-atlas.png[39m[0m
[  18% ] [90m[1mreimport[22m | room.png[39m[0m
[  18% ] [90m[1mreimport[22m | settee-detail.png[39m[0m
[  18% ] [90m[1mreimport[22m | source-brown-panel.png[39m[0m
[  18% ] [90m[1mreimport[22m | source-fetti-frame.png[39m[0m
[  18% ] [90m[1mreimport[22m | source-wallpaper.png[39m[0m
[  18% ] [90m[1mreimport[22m | wallpaper-asset.png[39m[0m
[  18% ] [90m[1mreimport[22m | wide-gallery-entry.png[39m[0m
[  18% ] [90m[1mreimport[22m | native-IMG_6387-51.0s.png[39m[0m
[  18% ] [90m[1mreimport[22m | native-IMG_6387-59.5s.png[39m[0m
[  18% ] [90m[1mreimport[22m | native-IMG_6387-63.5s.png[39m[0m
[  18% ] [90m[1mreimport[22m | native-IMG_6387-64.5s.png[39m[0m
[  18% ] [90m[1mreimport[22m | native-IMG_6387-65.5s.png[39m[0m
[  18% ] [90m[1mreimport[22m | native-IMG_6387-68.5s.png[39m[0m
[  18% ] [90m[1mreimport[22m | villon-source-v48b-patched.png[39m[0m
[  18% ] [90m[1mreimport[22m | decorative-front.png[39m[0m
[  18% ] [90m[1mreimport[22m | head-surface-v2-oblique.png[39m[0m
[  18% ] [90m[1mreimport[22m | joined-plan.png[39m[0m
[  18% ] [90m[1mreimport[22m | muse-frame-angle.png[39m[0m
[  18% ] [90m[1mreimport[22m | sculpture-muse.webp[39m[0m
[  18% ] [90m[1mreimport[22m | canvas-fit.jpg[39m[0m
[  18% ] [90m[1mreimport[22m | dense-overview.png[39m[0m
[  18% ] [90m[1mreimport[22m | heldout-failures.jpg[39m[0m
[  18% ] [90m[1mreimport[22m | IMG_6384-22.5s.jpg[39m[0m
[  19% ] [90m[1mreimport[22m | IMG_6384-57.5s.jpg[39m[0m
[  19% ] [90m[1mreimport[22m | IMG_6384-72.5s.jpg[39m[0m
[  19% ] [90m[1mreimport[22m | IMG_6384-87.5s.jpg[39m[0m
[  19% ] [90m[1mreimport[22m | IMG_6385-27.5s.jpg[39m[0m
[  19% ] [90m[1mreimport[22m | IMG_6386-37.5s.jpg[39m[0m
[  19% ] [90m[1mreimport[22m | IMG_6387-67.5s.jpg[39m[0m
[  19% ] [90m[1mreimport[22m | IMG_6387-68.5s.jpg[39m[0m
[  19% ] [90m[1mreimport[22m | IMG_6387-69.5s.jpg[39m[0m
[  19% ] [90m[1mreimport[22m | IMG_6387-75.0s.jpg[39m[0m
[  19% ] [90m[1mreimport[22m | IMG_6387-82.0s.jpg[39m[0m
[  19% ] [90m[1mreimport[22m | IMG_6387-83.5s.jpg[39m[0m
[  19% ] [90m[1mreimport[22m | IMG_6387-pan-2fps-sheet-0.jpg[39m[0m
[  19% ] [90m[1mreimport[22m | IMG_6387-pan-2fps-sheet-1.jpg[39m[0m
[  19% ] [90m[1mreimport[22m | IMG_6387-pan-2fps-sheet-2.jpg[39m[0m
[  19% ] [90m[1mreimport[22m | IMG_6387-pan-2fps-sheet-3.jpg[39m[0m
[  19% ] [90m[1mreimport[22m | IMG_6387-pan-2fps-sheet-4.jpg[39m[0m
[  19% ] [90m[1mreimport[22m | entry-42.0-51.0s.jpg[39m[0m
[  19% ] [90m[1mreimport[22m | pan-0-51.0-57.5s.jpg[39m[0m
[  19% ] [90m[1mreimport[22m | pan-a-58.0-62.5s.jpg[39m[0m
[  19% ] [90m[1mreimport[22m | pan-b-63.0-68.0s.jpg[39m[0m
[  19% ] [90m[1mreimport[22m | pan-c-68.5-75.0s.jpg[39m[0m
[  19% ] [90m[1mreimport[22m | pan-d-75.5-84.5s.jpg[39m[0m
[  19% ] [90m[1mreimport[22m | plan.png[39m[0m
[  19% ] [90m[1mreimport[22m | case-far.jpg[39m[0m
[  19% ] [90m[1mreimport[22m | case-vs-native.jpg[39m[0m
[  19% ] [90m[1mreimport[22m | figure-turnaround.jpg[39m[0m
[  19% ] [90m[1mreimport[22m | figure-vs-official.jpg[39m[0m
[  20% ] [90m[1mreimport[22m | before-west.png[39m[0m
[  20% ] [90m[1mreimport[22m | browser-720.png[39m[0m
[  20% ] [90m[1mreimport[22m | browser-1600.png[39m[0m
[  20% ] [90m[1mreimport[22m | browser-start.png[39m[0m
[  20% ] [90m[1mreimport[22m | broad-720-art.png[39m[0m
[  20% ] [90m[1mreimport[22m | broad-720-entry.png[39m[0m
[  20% ] [90m[1mreimport[22m | broad-720-warm.png[39m[0m
[  20% ] [90m[1mreimport[22m | broad-1600-art.png[39m[0m
[  20% ] [90m[1mreimport[22m | broad-1600-entry.png[39m[0m
[  20% ] [90m[1mreimport[22m | broad-1600-warm.png[39m[0m
[  20% ] [90m[1mreimport[22m | control-720-art.png[39m[0m
[  20% ] [90m[1mreimport[22m | control-720-entry.png[39m[0m
[  20% ] [90m[1mreimport[22m | control-720-warm.png[39m[0m
[  20% ] [90m[1mreimport[22m | control-1600-art.png[39m[0m
[  20% ] [90m[1mreimport[22m | control-1600-entry.png[39m[0m
[  20% ] [90m[1mreimport[22m | control-1600-warm.png[39m[0m
[  20% ] [90m[1mreimport[22m | broad-00.png[39m[0m
[  20% ] [90m[1mreimport[22m | broad-01.png[39m[0m
[  20% ] [90m[1mreimport[22m | broad-02.png[39m[0m
[  20% ] [90m[1mreimport[22m | broad-03.png[39m[0m
[  20% ] [90m[1mreimport[22m | broad-04.png[39m[0m
[  20% ] [90m[1mreimport[22m | 1600-idle.png[39m[0m
[  20% ] [90m[1mreimport[22m | 1600-return-far.png[39m[0m
[  20% ] [90m[1mreimport[22m | 1600-white-far.png[39m[0m
[  20% ] [90m[1mreimport[22m | after.png[39m[0m
[  20% ] [90m[1mreimport[22m | before.png[39m[0m
[  20% ] [90m[1mreimport[22m | far-after.png[39m[0m
[  20% ] [90m[1mreimport[22m | native-after.png[39m[0m
[  21% ] [90m[1mreimport[22m | entry.png[39m[0m
[  21% ] [90m[1mreimport[22m | other-wall.png[39m[0m
[  21% ] [90m[1mreimport[22m | shell-720.png[39m[0m
[  21% ] [90m[1mreimport[22m | art-720.png[39m[0m
[  21% ] [90m[1mreimport[22m | corner-before-shortcut-1600.png[39m[0m
[  21% ] [90m[1mreimport[22m | entry-1600.png[39m[0m
[  21% ] [90m[1mreimport[22m | opposite-wall-720.png[39m[0m
[  21% ] [90m[1mreimport[22m | opposite-wall-1600.png[39m[0m
[  21% ] [90m[1mreimport[22m | turn-720.png[39m[0m
[  21% ] [90m[1mreimport[22m | warm-720.png[39m[0m
[  21% ] [90m[1mreimport[22m | after-east.png[39m[0m
[  21% ] [90m[1mreimport[22m | after-entry.png[39m[0m
[  21% ] [90m[1mreimport[22m | after-west.png[39m[0m
[  21% ] [90m[1mreimport[22m | before-east.png[39m[0m
[  21% ] [90m[1mreimport[22m | control-09.png[39m[0m
[  21% ] [90m[1mreimport[22m | control-10.png[39m[0m
[  21% ] [90m[1mreimport[22m | control-11.png[39m[0m
[  21% ] [90m[1mreimport[22m | control-12.png[39m[0m
[  21% ] [90m[1mreimport[22m | control-13.png[39m[0m
[  21% ] [90m[1mreimport[22m | control-14.png[39m[0m
[  21% ] [90m[1mreimport[22m | control-15.png[39m[0m
[  21% ] [90m[1mreimport[22m | control-16.png[39m[0m
[  21% ] [90m[1mreimport[22m | broad.png[39m[0m
[  21% ] [90m[1mreimport[22m | control.png[39m[0m
[  21% ] [90m[1mreimport[22m | production-720.png[39m[0m
[  21% ] [90m[1mreimport[22m | production-1600.png[39m[0m
[  21% ] [90m[1mreimport[22m | calibrated-720-light-warm.png[39m[0m
[  22% ] [90m[1mreimport[22m | calibrated-720-white.png[39m[0m
[  22% ] [90m[1mreimport[22m | control-720-light-warm.png[39m[0m
[  22% ] [90m[1mreimport[22m | control-720-white.png[39m[0m
[  22% ] [90m[1mreimport[22m | end.png[39m[0m
[  22% ] [90m[1mreimport[22m | start.png[39m[0m
[  22% ] [90m[1mreimport[22m | after.png[39m[0m
[  22% ] [90m[1mreimport[22m | before.png[39m[0m
[  22% ] [90m[1mreimport[22m | after.png[39m[0m
[  22% ] [90m[1mreimport[22m | broad-05.png[39m[0m
[  22% ] [90m[1mreimport[22m | broad-06.png[39m[0m
[  22% ] [90m[1mreimport[22m | broad-07.png[39m[0m
[  22% ] [90m[1mreimport[22m | broad-08.png[39m[0m
[  22% ] [90m[1mreimport[22m | broad-09.png[39m[0m
[  22% ] [90m[1mreimport[22m | broad-10.png[39m[0m
[  22% ] [90m[1mreimport[22m | broad-11.png[39m[0m
[  22% ] [90m[1mreimport[22m | broad-12.png[39m[0m
[  22% ] [90m[1mreimport[22m | broad-13.png[39m[0m
[  22% ] [90m[1mreimport[22m | broad-14.png[39m[0m
[  22% ] [90m[1mreimport[22m | broad-15.png[39m[0m
[  22% ] [90m[1mreimport[22m | broad-16.png[39m[0m
[  22% ] [90m[1mreimport[22m | control-00.png[39m[0m
[  22% ] [90m[1mreimport[22m | control-01.png[39m[0m
[  22% ] [90m[1mreimport[22m | control-02.png[39m[0m
[  22% ] [90m[1mreimport[22m | control-03.png[39m[0m
[  22% ] [90m[1mreimport[22m | control-04.png[39m[0m
[  22% ] [90m[1mreimport[22m | control-05.png[39m[0m
[  22% ] [90m[1mreimport[22m | control-06.png[39m[0m
[  22% ] [90m[1mreimport[22m | control-07.png[39m[0m
[  23% ] [90m[1mreimport[22m | control-08.png[39m[0m
[  23% ] [90m[1mreimport[22m | native-cool.png[39m[0m
[  23% ] [90m[1mreimport[22m | native-original-lighting.png[39m[0m
[  23% ] [90m[1mreimport[22m | native-probe-disabled.png[39m[0m
[  23% ] [90m[1mreimport[22m | native-warm-gain.png[39m[0m
[  23% ] [90m[1mreimport[22m | native-warm.png[39m[0m
[  23% ] [90m[1mreimport[22m | native-white-room-gain.png[39m[0m
[  23% ] [90m[1mreimport[22m | native-white-room.png[39m[0m
[  23% ] [90m[1mreimport[22m | candidate-art-sheet.png[39m[0m
[  23% ] [90m[1mreimport[22m | candidate-corner-exact.png[39m[0m
[  23% ] [90m[1mreimport[22m | candidate-corner-sheet.png[39m[0m
[  23% ] [90m[1mreimport[22m | candidate-warm-sheet.png[39m[0m
[  23% ] [90m[1mreimport[22m | candidate-white-sheet.png[39m[0m
[  23% ] [90m[1mreimport[22m | control-art-sheet.png[39m[0m
[  23% ] [90m[1mreimport[22m | control-corner-exact.png[39m[0m
[  23% ] [90m[1mreimport[22m | control-corner-sheet.png[39m[0m
[  23% ] [90m[1mreimport[22m | control-warm-sheet.png[39m[0m
[  23% ] [90m[1mreimport[22m | control-white-sheet.png[39m[0m
[  23% ] [90m[1mreimport[22m | sentinel-control.png[39m[0m
[  23% ] [90m[1mreimport[22m | sentinel-sentinel-background.png[39m[0m
[  23% ] [90m[1mreimport[22m | drag.png[39m[0m
[  23% ] [90m[1mreimport[22m | shell-720.png[39m[0m
[  23% ] [90m[1mreimport[22m | baseline-1600-turn.png[39m[0m
[  23% ] [90m[1mreimport[22m | baseline-1600-warm.png[39m[0m
[  23% ] [90m[1mreimport[22m | baseline-1600-white.png[39m[0m
[  23% ] [90m[1mreimport[22m | candidate-720-art.png[39m[0m
[  23% ] [90m[1mreimport[22m | candidate-720-entry.png[39m[0m
[  24% ] [90m[1mreimport[22m | candidate-720-turn.png[39m[0m
[  24% ] [90m[1mreimport[22m | candidate-720-warm.png[39m[0m
[  24% ] [90m[1mreimport[22m | candidate-720-white.png[39m[0m
[  24% ] [90m[1mreimport[22m | candidate-1600-art.png[39m[0m
[  24% ] [90m[1mreimport[22m | candidate-1600-entry.png[39m[0m
[  24% ] [90m[1mreimport[22m | candidate-1600-turn.png[39m[0m
[  24% ] [90m[1mreimport[22m | candidate-1600-warm.png[39m[0m
[  24% ] [90m[1mreimport[22m | candidate-1600-white.png[39m[0m
[  24% ] [90m[1mreimport[22m | browser-default-hardware.png[39m[0m
[  24% ] [90m[1mreimport[22m | browser-entry.png[39m[0m
[  24% ] [90m[1mreimport[22m | browser-mid.png[39m[0m
[  24% ] [90m[1mreimport[22m | browser-original-lighting-hardware.png[39m[0m
[  24% ] [90m[1mreimport[22m | browser-white-arch.png[39m[0m
[  24% ] [90m[1mreimport[22m | head-orbit-e-rtx.png[39m[0m
[  24% ] [90m[1mreimport[22m | head-orbit-neutral-rtx.png[39m[0m
[  24% ] [90m[1mreimport[22m | head-orbit-q-rtx.png[39m[0m
[  24% ] [90m[1mreimport[22m | B-720-white.png[39m[0m
[  24% ] [90m[1mreimport[22m | B-1600-warm.png[39m[0m
[  24% ] [90m[1mreimport[22m | B-1600-white.png[39m[0m
[  24% ] [90m[1mreimport[22m | C-720-warm.png[39m[0m
[  24% ] [90m[1mreimport[22m | C-720-white.png[39m[0m
[  24% ] [90m[1mreimport[22m | C-1600-warm.png[39m[0m
[  24% ] [90m[1mreimport[22m | C-1600-white.png[39m[0m
[  24% ] [90m[1mreimport[22m | chart-3d-bypass.png[39m[0m
[  24% ] [90m[1mreimport[22m | chart-3d-source.png[39m[0m
[  24% ] [90m[1mreimport[22m | after-turn.png[39m[0m
[  24% ] [90m[1mreimport[22m | after.png[39m[0m
[  25% ] [90m[1mreimport[22m | before.png[39m[0m
[  25% ] [90m[1mreimport[22m | controls.png[39m[0m
[  25% ] [90m[1mreimport[22m | dollhouse-baked.png[39m[0m
[  25% ] [90m[1mreimport[22m | dollhouse-old-light.png[39m[0m
[  25% ] [90m[1mreimport[22m | gallery-baked.png[39m[0m
[  25% ] [90m[1mreimport[22m | 720-entry.png[39m[0m
[  25% ] [90m[1mreimport[22m | 720-idle.png[39m[0m
[  25% ] [90m[1mreimport[22m | 720-return-far.png[39m[0m
[  25% ] [90m[1mreimport[22m | 720-white-far.png[39m[0m
[  25% ] [90m[1mreimport[22m | 1600-entry.png[39m[0m
[  25% ] [90m[1mreimport[22m | shell-1600.png[39m[0m
[  25% ] [90m[1mreimport[22m | start.png[39m[0m
[  25% ] [90m[1mreimport[22m | entry.png[39m[0m
[  25% ] [90m[1mreimport[22m | white-720.png[39m[0m
[  25% ] [90m[1mreimport[22m | white.png[39m[0m
[  25% ] [90m[1mreimport[22m | A-720-art.png[39m[0m
[  25% ] [90m[1mreimport[22m | A-720-warm.png[39m[0m
[  25% ] [90m[1mreimport[22m | A-720-white.png[39m[0m
[  25% ] [90m[1mreimport[22m | A-1600-art.png[39m[0m
[  25% ] [90m[1mreimport[22m | A-1600-warm.png[39m[0m
[  25% ] [90m[1mreimport[22m | A-1600-white.png[39m[0m
[  25% ] [90m[1mreimport[22m | B-720-art.png[39m[0m
[  25% ] [90m[1mreimport[22m | B-720-warm.png[39m[0m
[  25% ] [90m[1mreimport[22m | B-720-white.png[39m[0m
[  25% ] [90m[1mreimport[22m | B-1600-art.png[39m[0m
[  25% ] [90m[1mreimport[22m | B-1600-warm.png[39m[0m
[  25% ] [90m[1mreimport[22m | B-1600-white.png[39m[0m
[  25% ] [90m[1mreimport[22m | A-720-warm.png[39m[0m
[  26% ] [90m[1mreimport[22m | A-720-white.png[39m[0m
[  26% ] [90m[1mreimport[22m | A-1600-warm.png[39m[0m
[  26% ] [90m[1mreimport[22m | A-1600-white.png[39m[0m
[  26% ] [90m[1mreimport[22m | B-720-warm.png[39m[0m
[  26% ] [90m[1mreimport[22m | wave-20.png[39m[0m
[  26% ] [90m[1mreimport[22m | wave-21.png[39m[0m
[  26% ] [90m[1mreimport[22m | wave-22.png[39m[0m
[  26% ] [90m[1mreimport[22m | wave-23.png[39m[0m
[  26% ] [90m[1mreimport[22m | wave-24.png[39m[0m
[  26% ] [90m[1mreimport[22m | chat.png[39m[0m
[  26% ] [90m[1mreimport[22m | frame.png[39m[0m
[  26% ] [90m[1mreimport[22m | anri-interior-muse.webp[39m[0m
[  26% ] [90m[1mreimport[22m | anri-title-reference.png[39m[0m
[  26% ] [90m[1mreimport[22m | cat-brush-rest.png[39m[0m
[  26% ] [90m[1mreimport[22m | palette-white.png[39m[0m
[  26% ] [90m[1mreimport[22m | palette-window-v7.png[39m[0m
[  26% ] [90m[1mreimport[22m | tool-reference.png[39m[0m
[  26% ] [90m[1mreimport[22m | watercolor-brush.png[39m[0m
[  26% ] [90m[1mreimport[22m | button-hover-muse.png[39m[0m
[  26% ] [90m[1mreimport[22m | button-normal-muse.png[39m[0m
[  26% ] [90m[1mreimport[22m | button-selected-muse.png[39m[0m
[  26% ] [90m[1mreimport[22m | muse-controls-sheet.webp[39m[0m
[  26% ] [90m[1mreimport[22m | titlebar-muse.png[39m[0m
[  26% ] [90m[1mreimport[22m | monet-reference.png[39m[0m
[  26% ] [90m[1mreimport[22m | ro-bottom-left.png[39m[0m
[  26% ] [90m[1mreimport[22m | walk-20.png[39m[0m
[  26% ] [90m[1mreimport[22m | walk-21.png[39m[0m
[  27% ] [90m[1mreimport[22m | wave-01.png[39m[0m
[  27% ] [90m[1mreimport[22m | wave-02.png[39m[0m
[  27% ] [90m[1mreimport[22m | wave-03.png[39m[0m
[  27% ] [90m[1mreimport[22m | wave-04.png[39m[0m
[  27% ] [90m[1mreimport[22m | wave-05.png[39m[0m
[  27% ] [90m[1mreimport[22m | wave-06.png[39m[0m
[  27% ] [90m[1mreimport[22m | wave-07.png[39m[0m
[  27% ] [90m[1mreimport[22m | wave-08.png[39m[0m
[  27% ] [90m[1mreimport[22m | wave-09.png[39m[0m
[  27% ] [90m[1mreimport[22m | wave-10.png[39m[0m
[  27% ] [90m[1mreimport[22m | wave-11.png[39m[0m
[  27% ] [90m[1mreimport[22m | wave-12.png[39m[0m
[  27% ] [90m[1mreimport[22m | wave-13.png[39m[0m
[  27% ] [90m[1mreimport[22m | wave-14.png[39m[0m
[  27% ] [90m[1mreimport[22m | wave-15.png[39m[0m
[  27% ] [90m[1mreimport[22m | wave-16.png[39m[0m
[  27% ] [90m[1mreimport[22m | wave-17.png[39m[0m
[  27% ] [90m[1mreimport[22m | wave-18.png[39m[0m
[  27% ] [90m[1mreimport[22m | wave-19.png[39m[0m
[  27% ] [90m[1mreimport[22m | label_flowers.png[39m[0m
[  27% ] [90m[1mreimport[22m | label_map.png[39m[0m
[  27% ] [90m[1mreimport[22m | label_playground.png[39m[0m
[  27% ] [90m[1mreimport[22m | label_sketchbook.png[39m[0m
[  27% ] [90m[1mreimport[22m | label_video_player.png[39m[0m
[  27% ] [90m[1mreimport[22m | right_cluster.png[39m[0m
[  27% ] [90m[1mreimport[22m | stars.png[39m[0m
[  27% ] [90m[1mreimport[22m | stub_idle.png[39m[0m
[  27% ] [90m[1mreimport[22m | stub_pressed.png[39m[0m
[  28% ] [90m[1mreimport[22m | tab_left.png[39m[0m
[  28% ] [90m[1mreimport[22m | tab_mid.png[39m[0m
[  28% ] [90m[1mreimport[22m | tab_right.png[39m[0m
[  28% ] [90m[1mreimport[22m | bar_background.png[39m[0m
[  28% ] [90m[1mreimport[22m | bar_stripes.png[39m[0m
[  28% ] [90m[1mreimport[22m | icon_close.png[39m[0m
[  28% ] [90m[1mreimport[22m | icon_close_pressed.png[39m[0m
[  28% ] [90m[1mreimport[22m | icon_page.png[39m[0m
[  28% ] [90m[1mreimport[22m | icon_windows_flag.png[39m[0m
[  28% ] [90m[1mreimport[22m | label_3d_viewer.png[39m[0m
[  28% ] [90m[1mreimport[22m | label_blank_page.png[39m[0m
[  28% ] [90m[1mreimport[22m | label_collection.png[39m[0m
[  28% ] [90m[1mreimport[22m | ro-bottom-mid.png[39m[0m
[  28% ] [90m[1mreimport[22m | ro-bottom-right.png[39m[0m
[  28% ] [90m[1mreimport[22m | ro-btn-next.png[39m[0m
[  28% ] [90m[1mreimport[22m | ro-btn-prev-disabled.png[39m[0m
[  28% ] [90m[1mreimport[22m | ro-btn-prev.png[39m[0m
[  28% ] [90m[1mreimport[22m | ro-left.png[39m[0m
[  28% ] [90m[1mreimport[22m | ro-right.png[39m[0m
[  28% ] [90m[1mreimport[22m | ro-top-left.png[39m[0m
[  28% ] [90m[1mreimport[22m | ro-top-mid.png[39m[0m
[  28% ] [90m[1mreimport[22m | ro-top-right.png[39m[0m
[  28% ] [90m[1mreimport[22m | sketchbook-page-v005-soft-384.png[39m[0m
[  28% ] [90m[1mreimport[22m | bar_stripes.png[39m[0m
[  28% ] [90m[1mreimport[22m | icon_3d_viewer.png[39m[0m
[  28% ] [90m[1mreimport[22m | icon_collection.png[39m[0m
[  28% ] [90m[1mreimport[22m | icon_flowers.png[39m[0m
[  29% ] [90m[1mreimport[22m | icon_map.png[39m[0m
[  29% ] [90m[1mreimport[22m | icon_playground.png[39m[0m
[  29% ] [90m[1mreimport[22m | icon_sketchbook.png[39m[0m
[  29% ] [90m[1mreimport[22m | icon_video_player.png[39m[0m
[  29% ] [90m[1mreimport[22m | label_3d_viewer.png[39m[0m
[  29% ] [90m[1mreimport[22m | label_collection.png[39m[0m
[  29% ] [90m[1mreimport[22m | 33.png[39m[0m
[  29% ] [90m[1mreimport[22m | 34.png[39m[0m
[  29% ] [90m[1mreimport[22m | 35.png[39m[0m
[  29% ] [90m[1mreimport[22m | 36.png[39m[0m
[  29% ] [90m[1mreimport[22m | 37.png[39m[0m
[  29% ] [90m[1mreimport[22m | 38.png[39m[0m
[  29% ] [90m[1mreimport[22m | 39.png[39m[0m
[  29% ] [90m[1mreimport[22m | 40.png[39m[0m
[  29% ] [90m[1mreimport[22m | 41.png[39m[0m
[  29% ] [90m[1mreimport[22m | 42.png[39m[0m
[  29% ] [90m[1mreimport[22m | 43.png[39m[0m
[  29% ] [90m[1mreimport[22m | 44.png[39m[0m
[  29% ] [90m[1mreimport[22m | 45.png[39m[0m
[  29% ] [90m[1mreimport[22m | 46.png[39m[0m
[  29% ] [90m[1mreimport[22m | 47.png[39m[0m
[  29% ] [90m[1mreimport[22m | visitor_rogue_texture.png[39m[0m
[  29% ] [90m[1mreimport[22m | door-arch.jpg[39m[0m
[  29% ] [90m[1mreimport[22m | door-far.jpg[39m[0m
[  29% ] [90m[1mreimport[22m | floor.png[39m[0m
[  29% ] [90m[1mreimport[22m | oak-muse.webp[39m[0m
[  29% ] [90m[1mreimport[22m | oak.png[39m[0m
[  30% ] [90m[1mreimport[22m | 12.png[39m[0m
[  30% ] [90m[1mreimport[22m | 13.png[39m[0m
[  30% ] [90m[1mreimport[22m | 14.png[39m[0m
[  30% ] [90m[1mreimport[22m | 15.png[39m[0m
[  30% ] [90m[1mreimport[22m | 16.png[39m[0m
[  30% ] [90m[1mreimport[22m | 17.png[39m[0m
[  30% ] [90m[1mreimport[22m | 18.png[39m[0m
[  30% ] [90m[1mreimport[22m | 19.png[39m[0m
[  30% ] [90m[1mreimport[22m | 20.png[39m[0m
[  30% ] [90m[1mreimport[22m | 21.png[39m[0m
[  30% ] [90m[1mreimport[22m | 22.png[39m[0m
[  30% ] [90m[1mreimport[22m | 23.png[39m[0m
[  30% ] [90m[1mreimport[22m | 24.png[39m[0m
[  30% ] [90m[1mreimport[22m | 25.png[39m[0m
[  30% ] [90m[1mreimport[22m | 26.png[39m[0m
[  30% ] [90m[1mreimport[22m | 27.png[39m[0m
[  30% ] [90m[1mreimport[22m | 28.png[39m[0m
[  30% ] [90m[1mreimport[22m | 29.png[39m[0m
[  30% ] [90m[1mreimport[22m | 30.png[39m[0m
[  30% ] [90m[1mreimport[22m | 31.png[39m[0m
[  30% ] [90m[1mreimport[22m | 32.png[39m[0m
[  30% ] [90m[1mreimport[22m | look-17.png[39m[0m
[  30% ] [90m[1mreimport[22m | look-18.png[39m[0m
[  30% ] [90m[1mreimport[22m | walk-01.png[39m[0m
[  30% ] [90m[1mreimport[22m | walk-02.png[39m[0m
[  30% ] [90m[1mreimport[22m | walk-03.png[39m[0m
[  30% ] [90m[1mreimport[22m | walk-04.png[39m[0m
[  30% ] [90m[1mreimport[22m | walk-05.png[39m[0m
[  31% ] [90m[1mreimport[22m | walk-06.png[39m[0m
[  31% ] [90m[1mreimport[22m | walk-07.png[39m[0m
[  31% ] [90m[1mreimport[22m | walk-08.png[39m[0m
[  31% ] [90m[1mreimport[22m | walk-09.png[39m[0m
[  31% ] [90m[1mreimport[22m | walk-10.png[39m[0m
[  31% ] [90m[1mreimport[22m | walk-11.png[39m[0m
[  31% ] [90m[1mreimport[22m | walk-12.png[39m[0m
[  31% ] [90m[1mreimport[22m | walk-13.png[39m[0m
[  31% ] [90m[1mreimport[22m | walk-14.png[39m[0m
[  31% ] [90m[1mreimport[22m | walk-15.png[39m[0m
[  31% ] [90m[1mreimport[22m | walk-16.png[39m[0m
[  31% ] [90m[1mreimport[22m | walk-17.png[39m[0m
[  31% ] [90m[1mreimport[22m | walk-18.png[39m[0m
[  31% ] [90m[1mreimport[22m | walk-19.png[39m[0m
[  31% ] [90m[1mreimport[22m | skylight.png[39m[0m
[  31% ] [90m[1mreimport[22m | stone.png[39m[0m
[  31% ] [90m[1mreimport[22m | wall-muse.webp[39m[0m
[  31% ] [90m[1mreimport[22m | wall.png[39m[0m
[  31% ] [90m[1mreimport[22m | idle.webp[39m[0m
[  31% ] [90m[1mreimport[22m | look-01.png[39m[0m
[  31% ] [90m[1mreimport[22m | look-02.png[39m[0m
[  31% ] [90m[1mreimport[22m | look-03.png[39m[0m
[  31% ] [90m[1mreimport[22m | look-04.png[39m[0m
[  31% ] [90m[1mreimport[22m | look-05.png[39m[0m
[  31% ] [90m[1mreimport[22m | look-06.png[39m[0m
[  31% ] [90m[1mreimport[22m | look-07.png[39m[0m
[  31% ] [90m[1mreimport[22m | look-08.png[39m[0m
[  32% ] [90m[1mreimport[22m | look-09.png[39m[0m
[  32% ] [90m[1mreimport[22m | look-10.png[39m[0m
[  32% ] [90m[1mreimport[22m | look-11.png[39m[0m
[  32% ] [90m[1mreimport[22m | look-12.png[39m[0m
[  32% ] [90m[1mreimport[22m | look-13.png[39m[0m
[  32% ] [90m[1mreimport[22m | look-14.png[39m[0m
[  32% ] [90m[1mreimport[22m | look-15.png[39m[0m
[  32% ] [90m[1mreimport[22m | look-16.png[39m[0m
[  32% ] [90m[1mreimport[22m | speaker-hover-2.png[39m[0m
[  32% ] [90m[1mreimport[22m | speaker-hover-3.png[39m[0m
[  32% ] [90m[1mreimport[22m | speaker-pressed-0.png[39m[0m
[  32% ] [90m[1mreimport[22m | speaker-pressed-1.png[39m[0m
[  32% ] [90m[1mreimport[22m | speaker-pressed-2.png[39m[0m
[  32% ] [90m[1mreimport[22m | speaker-pressed-3.png[39m[0m
[  32% ] [90m[1mreimport[22m | speaker-settled-0.png[39m[0m
[  32% ] [90m[1mreimport[22m | speaker-settled-1.png[39m[0m
[  32% ] [90m[1mreimport[22m | speaker-settled-2.png[39m[0m
[  32% ] [90m[1mreimport[22m | speaker-settled-3.png[39m[0m
[  32% ] [90m[1mreimport[22m | volume-hover-0.png[39m[0m
[  32% ] [90m[1mreimport[22m | volume-hover-1.png[39m[0m
[  32% ] [90m[1mreimport[22m | volume-hover-2.png[39m[0m
[  32% ] [90m[1mreimport[22m | volume-hover-3.png[39m[0m
[  32% ] [90m[1mreimport[22m | volume-pressed-0.png[39m[0m
[  32% ] [90m[1mreimport[22m | volume-pressed-1.png[39m[0m
[  32% ] [90m[1mreimport[22m | volume-pressed-2.png[39m[0m
[  32% ] [90m[1mreimport[22m | volume-pressed-3.png[39m[0m
[  32% ] [90m[1mreimport[22m | volume-settled-0.png[39m[0m
[  32% ] [90m[1mreimport[22m | volume-settled-1.png[39m[0m
[  33% ] [90m[1mreimport[22m | volume-settled-2.png[39m[0m
[  33% ] [90m[1mreimport[22m | save-pressed-1.png[39m[0m
[  33% ] [90m[1mreimport[22m | save-pressed-2.png[39m[0m
[  33% ] [90m[1mreimport[22m | save-pressed-3.png[39m[0m
[  33% ] [90m[1mreimport[22m | save-settled-0.png[39m[0m
[  33% ] [90m[1mreimport[22m | save-settled-1.png[39m[0m
[  33% ] [90m[1mreimport[22m | save-settled-2.png[39m[0m
[  33% ] [90m[1mreimport[22m | save-settled-3.png[39m[0m
[  33% ] [90m[1mreimport[22m | seek-hover-0.png[39m[0m
[  33% ] [90m[1mreimport[22m | seek-hover-1.png[39m[0m
[  33% ] [90m[1mreimport[22m | seek-hover-2.png[39m[0m
[  33% ] [90m[1mreimport[22m | seek-hover-3.png[39m[0m
[  33% ] [90m[1mreimport[22m | seek-pressed-0.png[39m[0m
[  33% ] [90m[1mreimport[22m | seek-pressed-1.png[39m[0m
[  33% ] [90m[1mreimport[22m | seek-pressed-2.png[39m[0m
[  33% ] [90m[1mreimport[22m | seek-pressed-3.png[39m[0m
[  33% ] [90m[1mreimport[22m | seek-settled-0.png[39m[0m
[  33% ] [90m[1mreimport[22m | seek-settled-1.png[39m[0m
[  33% ] [90m[1mreimport[22m | seek-settled-2.png[39m[0m
[  33% ] [90m[1mreimport[22m | seek-settled-3.png[39m[0m
[  33% ] [90m[1mreimport[22m | speaker-hover-0.png[39m[0m
[  33% ] [90m[1mreimport[22m | speaker-hover-1.png[39m[0m
[  33% ] [90m[1mreimport[22m | gallery-launch.png[39m[0m
[  33% ] [90m[1mreimport[22m | loading-a.png[39m[0m
[  33% ] [90m[1mreimport[22m | loading-b.png[39m[0m
[  33% ] [90m[1mreimport[22m | book-and-viewer.png[39m[0m
[  33% ] [90m[1mreimport[22m | book-shadow-overlap.png[39m[0m
[  34% ] [90m[1mreimport[22m | compact.png[39m[0m
[  34% ] [90m[1mreimport[22m | desktop.png[39m[0m
[  34% ] [90m[1mreimport[22m | enlarged.png[39m[0m
[  34% ] [90m[1mreimport[22m | coverflow.png[39m[0m
[  34% ] [90m[1mreimport[22m | desktop.png[39m[0m
[  34% ] [90m[1mreimport[22m | detail.png[39m[0m
[  34% ] [90m[1mreimport[22m | mobile.png[39m[0m
[  34% ] [90m[1mreimport[22m | touch.png[39m[0m
[  34% ] [90m[1mreimport[22m | 39-025.jpg[39m[0m
[  34% ] [90m[1mreimport[22m | 42-214.jpg[39m[0m
[  34% ] [90m[1mreimport[22m | 42-219.jpg[39m[0m
[  34% ] [90m[1mreimport[22m | 44-541.jpg[39m[0m
[  34% ] [90m[1mreimport[22m | 1998-107.jpg[39m[0m
[  34% ] [90m[1mreimport[22m | 2020-3.jpg[39m[0m
[  34% ] [90m[1mreimport[22m | window.png[39m[0m
[  34% ] [90m[1mreimport[22m | collection-image.webp[39m[0m
[  34% ] [90m[1mreimport[22m | volume-settled-3.png[39m[0m
[  34% ] [90m[1mreimport[22m | fullscreen.png[39m[0m
[  34% ] [90m[1mreimport[22m | minimize.png[39m[0m
[  34% ] [90m[1mreimport[22m | mute.png[39m[0m
[  34% ] [90m[1mreimport[22m | pause.png[39m[0m
[  34% ] [90m[1mreimport[22m | play.png[39m[0m
[  34% ] [90m[1mreimport[22m | save.png[39m[0m
[  34% ] [90m[1mreimport[22m | scroll.png[39m[0m
[  34% ] [90m[1mreimport[22m | seek-clean.png[39m[0m
[  34% ] [90m[1mreimport[22m | seek.png[39m[0m
[  34% ] [90m[1mreimport[22m | speaker.png[39m[0m
[  35% ] [90m[1mreimport[22m | thumbnail.png[39m[0m
[  35% ] [90m[1mreimport[22m | timer-clean.png[39m[0m
[  35% ] [90m[1mreimport[22m | volume-clean.png[39m[0m
[  35% ] [90m[1mreimport[22m | volume.png[39m[0m
[  35% ] [90m[1mreimport[22m | fly-through-v7.png[39m[0m
[  35% ] [90m[1mreimport[22m | book-and-viewer.png[39m[0m
[  35% ] [90m[1mreimport[22m | book-shadow-overlap.png[39m[0m
[  35% ] [90m[1mreimport[22m | compact.png[39m[0m
[  35% ] [90m[1mreimport[22m | desktop.png[39m[0m
[  35% ] [90m[1mreimport[22m | enlarged.png[39m[0m
[  35% ] [90m[1mreimport[22m | fullscreen-hover-2.png[39m[0m
[  35% ] [90m[1mreimport[22m | fullscreen-hover-3.png[39m[0m
[  35% ] [90m[1mreimport[22m | fullscreen-pressed-0.png[39m[0m
[  35% ] [90m[1mreimport[22m | fullscreen-pressed-1.png[39m[0m
[  35% ] [90m[1mreimport[22m | fullscreen-pressed-2.png[39m[0m
[  35% ] [90m[1mreimport[22m | fullscreen-pressed-3.png[39m[0m
[  35% ] [90m[1mreimport[22m | fullscreen-settled-0.png[39m[0m
[  35% ] [90m[1mreimport[22m | fullscreen-settled-1.png[39m[0m
[  35% ] [90m[1mreimport[22m | fullscreen-settled-2.png[39m[0m
[  35% ] [90m[1mreimport[22m | fullscreen-settled-3.png[39m[0m
[  35% ] [90m[1mreimport[22m | minimize-hover-0.png[39m[0m
[  35% ] [90m[1mreimport[22m | minimize-hover-1.png[39m[0m
[  35% ] [90m[1mreimport[22m | minimize-hover-2.png[39m[0m
[  35% ] [90m[1mreimport[22m | minimize-hover-3.png[39m[0m
[  35% ] [90m[1mreimport[22m | minimize-pressed-0.png[39m[0m
[  35% ] [90m[1mreimport[22m | minimize-pressed-1.png[39m[0m
[  35% ] [90m[1mreimport[22m | minimize-pressed-2.png[39m[0m
[  35% ] [90m[1mreimport[22m | minimize-pressed-3.png[39m[0m
[  36% ] [90m[1mreimport[22m | minimize-settled-0.png[39m[0m
[  36% ] [90m[1mreimport[22m | minimize-settled-1.png[39m[0m
[  36% ] [90m[1mreimport[22m | minimize-settled-2.png[39m[0m
[  36% ] [90m[1mreimport[22m | label_connecting.png[39m[0m
[  36% ] [90m[1mreimport[22m | label_dots.png[39m[0m
[  36% ] [90m[1mreimport[22m | label_map.png[39m[0m
[  36% ] [90m[1mreimport[22m | label_phone.png[39m[0m
[  36% ] [90m[1mreimport[22m | label_playground.png[39m[0m
[  36% ] [90m[1mreimport[22m | label_sketchbook.png[39m[0m
[  36% ] [90m[1mreimport[22m | label_video_player.png[39m[0m
[  36% ] [90m[1mreimport[22m | label_windows_live.png[39m[0m
[  36% ] [90m[1mreimport[22m | right_cluster.png[39m[0m
[  36% ] [90m[1mreimport[22m | stars.png[39m[0m
[  36% ] [90m[1mreimport[22m | stub_idle.png[39m[0m
[  36% ] [90m[1mreimport[22m | stub_pressed.png[39m[0m
[  36% ] [90m[1mreimport[22m | tab_left.png[39m[0m
[  36% ] [90m[1mreimport[22m | tab_mid.png[39m[0m
[  36% ] [90m[1mreimport[22m | tab_right.png[39m[0m
[  36% ] [90m[1mreimport[22m | hover.png[39m[0m
[  36% ] [90m[1mreimport[22m | idle.png[39m[0m
[  36% ] [90m[1mreimport[22m | pressed.png[39m[0m
[  36% ] [90m[1mreimport[22m | settled.png[39m[0m
[  36% ] [90m[1mreimport[22m | fullscreen-hover-0.png[39m[0m
[  36% ] [90m[1mreimport[22m | fullscreen-hover-1.png[39m[0m
[  36% ] [90m[1mreimport[22m | pause-settled-0.png[39m[0m
[  36% ] [90m[1mreimport[22m | pause-settled-1.png[39m[0m
[  36% ] [90m[1mreimport[22m | pause-settled-2.png[39m[0m
[  37% ] [90m[1mreimport[22m | pause-settled-3.png[39m[0m
[  37% ] [90m[1mreimport[22m | play-hover-0.png[39m[0m
[  37% ] [90m[1mreimport[22m | play-hover-1.png[39m[0m
[  37% ] [90m[1mreimport[22m | play-hover-2.png[39m[0m
[  37% ] [90m[1mreimport[22m | play-hover-3.png[39m[0m
[  37% ] [90m[1mreimport[22m | play-pressed-0.png[39m[0m
[  37% ] [90m[1mreimport[22m | play-pressed-1.png[39m[0m
[  37% ] [90m[1mreimport[22m | play-pressed-2.png[39m[0m
[  37% ] [90m[1mreimport[22m | play-pressed-3.png[39m[0m
[  37% ] [90m[1mreimport[22m | play-settled-0.png[39m[0m
[  37% ] [90m[1mreimport[22m | play-settled-1.png[39m[0m
[  37% ] [90m[1mreimport[22m | play-settled-2.png[39m[0m
[  37% ] [90m[1mreimport[22m | play-settled-3.png[39m[0m
[  37% ] [90m[1mreimport[22m | save-hover-0.png[39m[0m
[  37% ] [90m[1mreimport[22m | save-hover-1.png[39m[0m
[  37% ] [90m[1mreimport[22m | save-hover-2.png[39m[0m
[  37% ] [90m[1mreimport[22m | save-hover-3.png[39m[0m
[  37% ] [90m[1mreimport[22m | save-pressed-0.png[39m[0m
[  37% ] [90m[1mreimport[22m | minimize-settled-3.png[39m[0m
[  37% ] [90m[1mreimport[22m | mute-hover-0.png[39m[0m
[  37% ] [90m[1mreimport[22m | mute-hover-1.png[39m[0m
[  37% ] [90m[1mreimport[22m | mute-hover-2.png[39m[0m
[  37% ] [90m[1mreimport[22m | mute-hover-3.png[39m[0m
[  37% ] [90m[1mreimport[22m | mute-pressed-0.png[39m[0m
[  37% ] [90m[1mreimport[22m | mute-pressed-1.png[39m[0m
[  37% ] [90m[1mreimport[22m | mute-pressed-2.png[39m[0m
[  37% ] [90m[1mreimport[22m | mute-pressed-3.png[39m[0m
[  37% ] [90m[1mreimport[22m | mute-settled-0.png[39m[0m
[  38% ] [90m[1mreimport[22m | mute-settled-1.png[39m[0m
[  38% ] [90m[1mreimport[22m | mute-settled-2.png[39m[0m
[  38% ] [90m[1mreimport[22m | mute-settled-3.png[39m[0m
[  38% ] [90m[1mreimport[22m | pause-hover-0.png[39m[0m
[  38% ] [90m[1mreimport[22m | pause-hover-1.png[39m[0m
[  38% ] [90m[1mreimport[22m | pause-hover-2.png[39m[0m
[  38% ] [90m[1mreimport[22m | pause-hover-3.png[39m[0m
[  38% ] [90m[1mreimport[22m | pause-pressed-0.png[39m[0m
[  38% ] [90m[1mreimport[22m | pause-pressed-1.png[39m[0m
[  38% ] [90m[1mreimport[22m | pause-pressed-2.png[39m[0m
[  38% ] [90m[1mreimport[22m | pause-pressed-3.png[39m[0m
[  38% ] [90m[1mreimport[22m | reference-moving-5900.png[39m[0m
[  38% ] [90m[1mreimport[22m | reversal-consecutive.png[39m[0m
[  38% ] [90m[1mreimport[22m | video-982.png[39m[0m
[  38% ] [90m[1mreimport[22m | video-1800.png[39m[0m
[  38% ] [90m[1mreimport[22m | video-3452.png[39m[0m
[  38% ] [90m[1mreimport[22m | video-3540.png[39m[0m
[  38% ] [90m[1mreimport[22m | video-3660.png[39m[0m
[  38% ] [90m[1mreimport[22m | video-4800.png[39m[0m
[  38% ] [90m[1mreimport[22m | video-6600.png[39m[0m
[  38% ] [90m[1mreimport[22m | chat.png[39m[0m
[  38% ] [90m[1mreimport[22m | itinerary.png[39m[0m
[  38% ] [90m[1mreimport[22m | minimap.png[39m[0m
[  38% ] [90m[1mreimport[22m | notification.png[39m[0m
[  38% ] [90m[1mreimport[22m | 0-0-field.png[39m[0m
[  38% ] [90m[1mreimport[22m | 0-1-field.png[39m[0m
[  38% ] [90m[1mreimport[22m | 0-2-field.png[39m[0m
[  39% ] [90m[1mreimport[22m | 0-3-field.png[39m[0m
[  39% ] [90m[1mreimport[22m | 0-4-field.png[39m[0m
[  39% ] [90m[1mreimport[22m | 0-5-field.png[39m[0m
[  39% ] [90m[1mreimport[22m | 1-0-field.png[39m[0m
[  39% ] [90m[1mreimport[22m | 1-1-field.png[39m[0m
[  39% ] [90m[1mreimport[22m | owner-current-viewport.png[39m[0m
[  39% ] [90m[1mreimport[22m | reference-annotated.png[39m[0m
[  39% ] [90m[1mreimport[22m | reference-viewport.png[39m[0m
[  39% ] [90m[1mreimport[22m | candidate-room.png[39m[0m
[  39% ] [90m[1mreimport[22m | home-light-shapes.png[39m[0m
[  39% ] [90m[1mreimport[22m | home-materials.png[39m[0m
[  39% ] [90m[1mreimport[22m | home-room.png[39m[0m
[  39% ] [90m[1mreimport[22m | owner-room.png[39m[0m
[  39% ] [90m[1mreimport[22m | white-contact.png[39m[0m
[  39% ] [90m[1mreimport[22m | white-vault.png[39m[0m
[  39% ] [90m[1mreimport[22m | 00-idle.png[39m[0m
[  39% ] [90m[1mreimport[22m | 10-small.png[39m[0m
[  39% ] [90m[1mreimport[22m | current-foot-crops.png[39m[0m
[  39% ] [90m[1mreimport[22m | light-center-return.png[39m[0m
[  39% ] [90m[1mreimport[22m | light-center.png[39m[0m
[  39% ] [90m[1mreimport[22m | light-left.png[39m[0m
[  39% ] [90m[1mreimport[22m | light-right.png[39m[0m
[  39% ] [90m[1mreimport[22m | owner-foot-gap-annotated.png[39m[0m
[  39% ] [90m[1mreimport[22m | owner-original.png[39m[0m
[  39% ] [90m[1mreimport[22m | reference-5730-5734.png[39m[0m
[  39% ] [90m[1mreimport[22m | reference-contact.png[39m[0m
[  39% ] [90m[1mreimport[22m | 4-5-field.png[39m[0m
[  40% ] [90m[1mreimport[22m | 5-0-field.png[39m[0m
[  40% ] [90m[1mreimport[22m | 5-1-field.png[39m[0m
[  40% ] [90m[1mreimport[22m | 5-2-field.png[39m[0m
[  40% ] [90m[1mreimport[22m | 5-3-field.png[39m[0m
[  40% ] [90m[1mreimport[22m | 5-4-field.png[39m[0m
[  40% ] [90m[1mreimport[22m | 5-5-field.png[39m[0m
[  40% ] [90m[1mreimport[22m | 6-0-field.png[39m[0m
[  40% ] [90m[1mreimport[22m | 6-1-field.png[39m[0m
[  40% ] [90m[1mreimport[22m | 6-2-field.png[39m[0m
[  40% ] [90m[1mreimport[22m | 6-3-field.png[39m[0m
[  40% ] [90m[1mreimport[22m | 6-4-field.png[39m[0m
[  40% ] [90m[1mreimport[22m | 6-5-field.png[39m[0m
[  40% ] [90m[1mreimport[22m | 7-0-field.png[39m[0m
[  40% ] [90m[1mreimport[22m | 7-1-field.png[39m[0m
[  40% ] [90m[1mreimport[22m | 7-2-field.png[39m[0m
[  40% ] [90m[1mreimport[22m | 7-3-field.png[39m[0m
[  40% ] [90m[1mreimport[22m | 7-4-field.png[39m[0m
[  40% ] [90m[1mreimport[22m | 7-5-field.png[39m[0m
[  40% ] [90m[1mreimport[22m | africa-annotations.png[39m[0m
[  40% ] [90m[1mreimport[22m | africa-labels.png[39m[0m
[  40% ] [90m[1mreimport[22m | 1-2-field.png[39m[0m
[  40% ] [90m[1mreimport[22m | 1-3-field.png[39m[0m
[  40% ] [90m[1mreimport[22m | 1-4-field.png[39m[0m
[  40% ] [90m[1mreimport[22m | 1-5-field.png[39m[0m
[  40% ] [90m[1mreimport[22m | 2-0-field.png[39m[0m
[  40% ] [90m[1mreimport[22m | 2-1-field.png[39m[0m
[  40% ] [90m[1mreimport[22m | 2-2-field.png[39m[0m
[  40% ] [90m[1mreimport[22m | 2-3-field.png[39m[0m
[  41% ] [90m[1mreimport[22m | 2-4-field.png[39m[0m
[  41% ] [90m[1mreimport[22m | 2-5-field.png[39m[0m
[  41% ] [90m[1mreimport[22m | 3-0-field.png[39m[0m
[  41% ] [90m[1mreimport[22m | 3-1-field.png[39m[0m
[  41% ] [90m[1mreimport[22m | 3-2-field.png[39m[0m
[  41% ] [90m[1mreimport[22m | 3-3-field.png[39m[0m
[  41% ] [90m[1mreimport[22m | 3-4-field.png[39m[0m
[  41% ] [90m[1mreimport[22m | 3-5-field.png[39m[0m
[  41% ] [90m[1mreimport[22m | 4-0-field.png[39m[0m
[  41% ] [90m[1mreimport[22m | 4-1-field.png[39m[0m
[  41% ] [90m[1mreimport[22m | 4-2-field.png[39m[0m
[  41% ] [90m[1mreimport[22m | 4-3-field.png[39m[0m
[  41% ] [90m[1mreimport[22m | 4-4-field.png[39m[0m
[  41% ] [90m[1mreimport[22m | w05-close-1.png[39m[0m
[  41% ] [90m[1mreimport[22m | w05-close-2.png[39m[0m
[  41% ] [90m[1mreimport[22m | w05-close-3.png[39m[0m
[  41% ] [90m[1mreimport[22m | w05-close-4.png[39m[0m
[  41% ] [90m[1mreimport[22m | w05-close-5.png[39m[0m
[  41% ] [90m[1mreimport[22m | w06-after-close.png[39m[0m
[  41% ] [90m[1mreimport[22m | web-sheet-zoom.png[39m[0m
[  41% ] [90m[1mreimport[22m | 01-initial.png[39m[0m
[  41% ] [90m[1mreimport[22m | 02-mid-grow.png[39m[0m
[  41% ] [90m[1mreimport[22m | 03-connecting.png[39m[0m
[  41% ] [90m[1mreimport[22m | 04-blank-page.png[39m[0m
[  41% ] [90m[1mreimport[22m | 05-selected-0.png[39m[0m
[  41% ] [90m[1mreimport[22m | 06-selected-1.png[39m[0m
[  41% ] [90m[1mreimport[22m | 07-third-tab.png[39m[0m
[  42% ] [90m[1mreimport[22m | 08-full-row.png[39m[0m
[  42% ] [90m[1mreimport[22m | 09-closed-last.png[39m[0m
[  42% ] [90m[1mreimport[22m | 10-closed-second.png[39m[0m
[  42% ] [90m[1mreimport[22m | 11-all-closed.png[39m[0m
[  42% ] [90m[1mreimport[22m | 12-reopened.png[39m[0m
[  42% ] [90m[1mreimport[22m | 13-fixed-open.png[39m[0m
[  42% ] [90m[1mreimport[22m | 14-fixed-kept.png[39m[0m
[  42% ] [90m[1mreimport[22m | palette-mixing.png[39m[0m
[  42% ] [90m[1mreimport[22m | compact.png[39m[0m
[  42% ] [90m[1mreimport[22m | desktop.png[39m[0m
[  42% ] [90m[1mreimport[22m | 01-squiggle-on.png[39m[0m
[  42% ] [90m[1mreimport[22m | 02-squiggle-off.png[39m[0m
[  42% ] [90m[1mreimport[22m | 03-next-held-frame.png[39m[0m
[  42% ] [90m[1mreimport[22m | 04-sculpture-orbit.png[39m[0m
[  42% ] [90m[1mreimport[22m | 05-paint-full.png[39m[0m
[  42% ] [90m[1mreimport[22m | 05-paint-half.png[39m[0m
[  42% ] [90m[1mreimport[22m | spot-join.png[39m[0m
[  42% ] [90m[1mreimport[22m | spot-line.png[39m[0m
[  42% ] [90m[1mreimport[22m | w01-initial.png[39m[0m
[  42% ] [90m[1mreimport[22m | w02-grow-0.png[39m[0m
[  42% ] [90m[1mreimport[22m | w02-grow-1.png[39m[0m
[  42% ] [90m[1mreimport[22m | w02-grow-2.png[39m[0m
[  42% ] [90m[1mreimport[22m | w02-grow-3.png[39m[0m
[  42% ] [90m[1mreimport[22m | w02-grow-4.png[39m[0m
[  42% ] [90m[1mreimport[22m | w02-grow-5.png[39m[0m
[  42% ] [90m[1mreimport[22m | w03-settled.png[39m[0m
[  42% ] [90m[1mreimport[22m | w04-three.png[39m[0m
[  42% ] [90m[1mreimport[22m | w05-close-0.png[39m[0m
[  43% ] [90m[1mreimport[22m | 01-shown.png[39m[0m
[  43% ] [90m[1mreimport[22m | 02-playing.png[39m[0m
[  43% ] [90m[1mreimport[22m | 03-tile-3.png[39m[0m
[  43% ] [90m[1mreimport[22m | 04-paused.png[39m[0m
[  43% ] [90m[1mreimport[22m | 05-paused-20.png[39m[0m
[  43% ] [90m[1mreimport[22m | 06-seeked.png[39m[0m
[  43% ] [90m[1mreimport[22m | 07-fullscreen.png[39m[0m
[  43% ] [90m[1mreimport[22m | 08-windowed.png[39m[0m
[  43% ] [90m[1mreimport[22m | 09-viewer-moved.png[39m[0m
[  43% ] [90m[1mreimport[22m | 10-before-hidden.png[39m[0m
[  43% ] [90m[1mreimport[22m | 11-hidden.png[39m[0m
[  43% ] [90m[1mreimport[22m | 12-resumed.png[39m[0m
[  43% ] [90m[1mreimport[22m | 13-resized.png[39m[0m
[  43% ] [90m[1mreimport[22m | 14-fill-1440x820.png[39m[0m
[  43% ] [90m[1mreimport[22m | 14-fill-1920x1000.png[39m[0m
[  43% ] [90m[1mreimport[22m | browser-shell-720.png[39m[0m
[  43% ] [90m[1mreimport[22m | browser-start.png[39m[0m
[  43% ] [90m[1mreimport[22m | candidate-annotated.png[39m[0m
[  43% ] [90m[1mreimport[22m | candidate-viewport.png[39m[0m
[  43% ] [90m[1mreimport[22m | comparison-video-986s.png[39m[0m
[  43% ] [90m[1mreimport[22m | owner-current-annotated.png[39m[0m
[  43% ] [90m[1mreimport[22m | 15-after-fixed-stub.png[39m[0m
[  43% ] [90m[1mreimport[22m | active-tab-2x.png[39m[0m
[  43% ] [90m[1mreimport[22m | fade-sheet.png[39m[0m
[  43% ] [90m[1mreimport[22m | 01-collection-selected.png[39m[0m
[  43% ] [90m[1mreimport[22m | 02-map-selected.png[39m[0m
[  43% ] [90m[1mreimport[22m | 03-collection-reselected.png[39m[0m
[  44% ] [90m[1mreimport[22m | reveal-steady.png[39m[0m
[  44% ] [90m[1mreimport[22m | selected-720x486.png[39m[0m
[  44% ] [90m[1mreimport[22m | selected-1920x1080.png[39m[0m
[  44% ] [90m[1mreimport[22m | 01-launch.png[39m[0m
[  44% ] [90m[1mreimport[22m | bar-01-launch.png[39m[0m
[  44% ] [90m[1mreimport[22m | bar-02-map-selected.png[39m[0m
[  44% ] [90m[1mreimport[22m | bar-03-new-tab.png[39m[0m
[  44% ] [90m[1mreimport[22m | bar-04-sketchbook-selected.png[39m[0m
[  44% ] [90m[1mreimport[22m | variant-A-stub-grey.png[39m[0m
[  44% ] [90m[1mreimport[22m | variant-B-light-grey.png[39m[0m
[  44% ] [90m[1mreimport[22m | variant-C-stub-grey-raised.png[39m[0m
[  44% ] [90m[1mreimport[22m | variant-D-deeper-grey.png[39m[0m
[  44% ] [90m[1mreimport[22m | after.png[39m[0m
[  44% ] [90m[1mreimport[22m | before.png[39m[0m
[  44% ] [90m[1mreimport[22m | browser-small.png[39m[0m
[  44% ] [90m[1mreimport[22m | W10.jpg[39m[0m
[  44% ] [90m[1mreimport[22m | E1.jpg[39m[0m
[  44% ] [90m[1mreimport[22m | E2.jpg[39m[0m
[  44% ] [90m[1mreimport[22m | E3.jpg[39m[0m
[  44% ] [90m[1mreimport[22m | E4.jpg[39m[0m
[  44% ] [90m[1mreimport[22m | E5.jpg[39m[0m
[  44% ] [90m[1mreimport[22m | E6.jpg[39m[0m
[  44% ] [90m[1mreimport[22m | E7.jpg[39m[0m
[  44% ] [90m[1mreimport[22m | E8.jpg[39m[0m
[  44% ] [90m[1mreimport[22m | E9.jpg[39m[0m
[  44% ] [90m[1mreimport[22m | N1.jpg[39m[0m
[  44% ] [90m[1mreimport[22m | N2.jpg[39m[0m
[  45% ] [90m[1mreimport[22m | S1.jpg[39m[0m
[  45% ] [90m[1mreimport[22m | S2.jpg[39m[0m
[  45% ] [90m[1mreimport[22m | W1.jpg[39m[0m
[  45% ] [90m[1mreimport[22m | W2.jpg[39m[0m
[  45% ] [90m[1mreimport[22m | W3.jpg[39m[0m
[  45% ] [90m[1mreimport[22m | W4.jpg[39m[0m
[  45% ] [90m[1mreimport[22m | W5.jpg[39m[0m
[  45% ] [90m[1mreimport[22m | W6.jpg[39m[0m
[  45% ] [90m[1mreimport[22m | W7.jpg[39m[0m
[  45% ] [90m[1mreimport[22m | E2.jpg[39m[0m
[  45% ] [90m[1mreimport[22m | E3.jpg[39m[0m
[  45% ] [90m[1mreimport[22m | E4.jpg[39m[0m
[  45% ] [90m[1mreimport[22m | E5.jpg[39m[0m
[  45% ] [90m[1mreimport[22m | E6.jpg[39m[0m
[  45% ] [90m[1mreimport[22m | E7.jpg[39m[0m
[  45% ] [90m[1mreimport[22m | E8.jpg[39m[0m
[  45% ] [90m[1mreimport[22m | E9.jpg[39m[0m
[  45% ] [90m[1mreimport[22m | N1.jpg[39m[0m
[  45% ] [90m[1mreimport[22m | N2.jpg[39m[0m
[  45% ] [90m[1mreimport[22m | S1.jpg[39m[0m
[  45% ] [90m[1mreimport[22m | S2.jpg[39m[0m
[  45% ] [90m[1mreimport[22m | W1.jpg[39m[0m
[  45% ] [90m[1mreimport[22m | W2.jpg[39m[0m
[  45% ] [90m[1mreimport[22m | W3.jpg[39m[0m
[  45% ] [90m[1mreimport[22m | W4.jpg[39m[0m
[  45% ] [90m[1mreimport[22m | W5.jpg[39m[0m
[  45% ] [90m[1mreimport[22m | W6.jpg[39m[0m
[  45% ] [90m[1mreimport[22m | W7.jpg[39m[0m
[  46% ] [90m[1mreimport[22m | W8.jpg[39m[0m
[  46% ] [90m[1mreimport[22m | W9.jpg[39m[0m
[  46% ] [90m[1mreimport[22m | W6-shaped.png[39m[0m
[  46% ] [90m[1mreimport[22m | W7.png[39m[0m
[  46% ] [90m[1mreimport[22m | W8.png[39m[0m
[  46% ] [90m[1mreimport[22m | W9.png[39m[0m
[  46% ] [90m[1mreimport[22m | W10.png[39m[0m
[  46% ] [90m[1mreimport[22m | rogue_control_godot.png[39m[0m
[  46% ] [90m[1mreimport[22m | visitor_identity_godot.png[39m[0m
[  46% ] [90m[1mreimport[22m | visitor_identity_preview.png[39m[0m
[  46% ] [90m[1mreimport[22m | visitor_identity_walk_preview.png[39m[0m
[  46% ] [90m[1mreimport[22m | 00.png[39m[0m
[  46% ] [90m[1mreimport[22m | 01.png[39m[0m
[  46% ] [90m[1mreimport[22m | 02.png[39m[0m
[  46% ] [90m[1mreimport[22m | 03.png[39m[0m
[  46% ] [90m[1mreimport[22m | 04.png[39m[0m
[  46% ] [90m[1mreimport[22m | 05.png[39m[0m
[  46% ] [90m[1mreimport[22m | 06.png[39m[0m
[  46% ] [90m[1mreimport[22m | 07.png[39m[0m
[  46% ] [90m[1mreimport[22m | 08.png[39m[0m
[  46% ] [90m[1mreimport[22m | 09.png[39m[0m
[  46% ] [90m[1mreimport[22m | 10.png[39m[0m
[  46% ] [90m[1mreimport[22m | 11.png[39m[0m
[  46% ] [90m[1mreimport[22m | W8.jpg[39m[0m
[  46% ] [90m[1mreimport[22m | W9.jpg[39m[0m
[  46% ] [90m[1mreimport[22m | W10.jpg[39m[0m
[  46% ] [90m[1mreimport[22m | E1.png[39m[0m
[  47% ] [90m[1mreimport[22m | E2.png[39m[0m
[  47% ] [90m[1mreimport[22m | E3.png[39m[0m
[  47% ] [90m[1mreimport[22m | E4.png[39m[0m
[  47% ] [90m[1mreimport[22m | E5.png[39m[0m
[  47% ] [90m[1mreimport[22m | E6.png[39m[0m
[  47% ] [90m[1mreimport[22m | E7.png[39m[0m
[  47% ] [90m[1mreimport[22m | E8.png[39m[0m
[  47% ] [90m[1mreimport[22m | E9.png[39m[0m
[  47% ] [90m[1mreimport[22m | N1.png[39m[0m
[  47% ] [90m[1mreimport[22m | N2.png[39m[0m
[  47% ] [90m[1mreimport[22m | S1.png[39m[0m
[  47% ] [90m[1mreimport[22m | S2.png[39m[0m
[  47% ] [90m[1mreimport[22m | W1.png[39m[0m
[  47% ] [90m[1mreimport[22m | W2.png[39m[0m
[  47% ] [90m[1mreimport[22m | W3.png[39m[0m
[  47% ] [90m[1mreimport[22m | W4.png[39m[0m
[  47% ] [90m[1mreimport[22m | W5.png[39m[0m
[  47% ] [90m[1mreimport[22m | russia-annotations.png[39m[0m
[  47% ] [90m[1mreimport[22m | russia-labels.png[39m[0m
[  47% ] [90m[1mreimport[22m | russia.png[39m[0m
[  47% ] [90m[1mreimport[22m | south-america-annotations.png[39m[0m
[  47% ] [90m[1mreimport[22m | south-america-labels.png[39m[0m
[  47% ] [90m[1mreimport[22m | south-america.png[39m[0m
[  47% ] [90m[1mreimport[22m | terrain.png[39m[0m
[  47% ] [90m[1mreimport[22m | usa-annotations.png[39m[0m
[  47% ] [90m[1mreimport[22m | usa-labels.png[39m[0m
[  47% ] [90m[1mreimport[22m | usa.png[39m[0m
[  47% ] [90m[1mreimport[22m | window-frame.png[39m[0m
[  48% ] [90m[1mreimport[22m | world-badges.png[39m[0m
[  48% ] [90m[1mreimport[22m | title.png[39m[0m
[  48% ] [90m[1mreimport[22m | chat.png[39m[0m
[  48% ] [90m[1mreimport[22m | fengshui.png[39m[0m
[  48% ] [90m[1mreimport[22m | filters.png[39m[0m
[  48% ] [90m[1mreimport[22m | options.png[39m[0m
[  48% ] [90m[1mreimport[22m | phone.png[39m[0m
[  48% ] [90m[1mreimport[22m | postpet.png[39m[0m
[  48% ] [90m[1mreimport[22m | sketchbook-journal.png[39m[0m
[  48% ] [90m[1mreimport[22m | trade.png[39m[0m
[  48% ] [90m[1mreimport[22m | africa.png[39m[0m
[  48% ] [90m[1mreimport[22m | asia-annotations.png[39m[0m
[  48% ] [90m[1mreimport[22m | asia-labels.png[39m[0m
[  48% ] [90m[1mreimport[22m | asia.png[39m[0m
[  48% ] [90m[1mreimport[22m | australia-annotations.png[39m[0m
[  48% ] [90m[1mreimport[22m | australia-labels.png[39m[0m
[  48% ] [90m[1mreimport[22m | australia.png[39m[0m
[  48% ] [90m[1mreimport[22m | canada-annotations.png[39m[0m
[  48% ] [90m[1mreimport[22m | canada-labels.png[39m[0m
[  48% ] [90m[1mreimport[22m | canada.png[39m[0m
[  48% ] [90m[1mreimport[22m | caribbean-annotations.png[39m[0m
[  48% ] [90m[1mreimport[22m | caribbean-labels.png[39m[0m
[  48% ] [90m[1mreimport[22m | caribbean.png[39m[0m
[  48% ] [90m[1mreimport[22m | demo-marker-8.jpg[39m[0m
[  48% ] [90m[1mreimport[22m | demo-marker-14.jpg[39m[0m
[  48% ] [90m[1mreimport[22m | europe-annotations.png[39m[0m
[  48% ] [90m[1mreimport[22m | europe-labels.png[39m[0m
[  49% ] [90m[1mreimport[22m | europe.png[39m[0m
[  49% ] [90m[1mreimport[22m | middle-east-annotations.png[39m[0m
[  49% ] [90m[1mreimport[22m | middle-east-labels.png[39m[0m
[  49% ] [90m[1mreimport[22m | middle-east.png[39m[0m
[  49% ] [90m[1mreimport[22m | 1264886.png[39m[0m
[  49% ] [90m[1mreimport[22m | 1344456.png[39m[0m
[  49% ] [90m[1mreimport[22m | 1487831.png[39m[0m
[  49% ] [90m[1mreimport[22m | 1532371.png[39m[0m
[  49% ] [90m[1mreimport[22m | 1548171.png[39m[0m
[  49% ] [90m[1mreimport[22m | 1552311.png[39m[0m
[  49% ] [90m[1mreimport[22m | 1554066.png[39m[0m
[  49% ] [90m[1mreimport[22m | 1557236.png[39m[0m
[  49% ] [90m[1mreimport[22m | 1573591.png[39m[0m
[  49% ] [90m[1mreimport[22m | 1581601.png[39m[0m
[  49% ] [90m[1mreimport[22m | panel-2x.png[39m[0m
[  49% ] [90m[1mreimport[22m | page.png[39m[0m
[  49% ] [90m[1mreimport[22m | documents.png[39m[0m
[  49% ] [90m[1mreimport[22m | downloads.png[39m[0m
[  49% ] [90m[1mreimport[22m | do_not_open.png[39m[0m
[  49% ] [90m[1mreimport[22m | nextrooms.png[39m[0m
[  49% ] [90m[1mreimport[22m | screensavers.png[39m[0m
[  49% ] [90m[1mreimport[22m | wastebin.png[39m[0m
[  49% ] [90m[1mreimport[22m | websurfer2.png[39m[0m
[  49% ] [90m[1mreimport[22m | top-header-placeholder.png[39m[0m
[  49% ] [90m[1mreimport[22m | E1.jpg[39m[0m
[  49% ] [90m[1mreimport[22m | websurfer-window.webp[39m[0m
[  49% ] [90m[1mreimport[22m | sidebar.png[39m[0m
[  50% ] [90m[1mreimport[22m | background.png[39m[0m
[  50% ] [90m[1mreimport[22m | timer-source.png[39m[0m
[  50% ] [90m[1mreimport[22m | audio.png[39m[0m
[  50% ] [90m[1mreimport[22m | menu.png[39m[0m
[  50% ] [90m[1mreimport[22m | next.png[39m[0m
[  50% ] [90m[1mreimport[22m | play-pause.png[39m[0m
[  50% ] [90m[1mreimport[22m | previous.png[39m[0m
[  50% ] [90m[1mreimport[22m | scrubber.png[39m[0m
[  50% ] [90m[1mreimport[22m | track-empty.png[39m[0m
[  50% ] [90m[1mreimport[22m | track-fill.png[39m[0m
[  50% ] [90m[1mreimport[22m | 3124123123.jpg[39m[0m
[  50% ] [90m[1mreimport[22m | 01-staff.png[39m[0m
[  50% ] [90m[1mreimport[22m | 02-green-sculpture.png[39m[0m
[  50% ] [90m[1mreimport[22m | 03-horse-rider.png[39m[0m
[  50% ] [90m[1mreimport[22m | 04-gold-couch.png[39m[0m
[  50% ] [90m[1mreimport[22m | 05-bust.png[39m[0m
[  50% ] [90m[1mreimport[22m | 06-bowl.png[39m[0m
[  50% ] [90m[1mreimport[22m | 07-bull.png[39m[0m
[  50% ] [90m[1mreimport[22m | 08-dog.png[39m[0m
[  50% ] [90m[1mreimport[22m | preview.png[39m[0m
[  50% ] [90m[1mreimport[22m | shell-resized.png[39m[0m
[  50% ] [90m[1mreimport[22m | 000244-native-matches.png[39m[0m
[  50% ] [90m[1mreimport[22m | 000246-native-matches.png[39m[0m
[  50% ] [90m[1mreimport[22m | 000505-native-matches.png[39m[0m
[  50% ] [90m[1mreimport[22m | 000506-native-matches.png[39m[0m
[  50% ] [90m[1mreimport[22m | browser-forward.png[39m[0m
[  50% ] [90m[1mreimport[22m | browser-jamb.png[39m[0m
[  50% ] [90m[1mreimport[22m | browser-return-jamb.png[39m[0m
[  51% ] [90m[1mreimport[22m | browser-reverse.png[39m[0m
[  51% ] [90m[1mreimport[22m | combined-000246-far-photometric.png[39m[0m
[  51% ] [90m[1mreimport[22m | combined-000246-transfer.png[39m[0m
[  51% ] [90m[1mreimport[22m | combined-000506-far-photometric.png[39m[0m
[  51% ] [90m[1mreimport[22m | combined-000506-near-photometric.png[39m[0m
[  51% ] [90m[1mreimport[22m | combined-000506-transfer.png[39m[0m
[  51% ] [90m[1mreimport[22m | native-phase-0.png[39m[0m
[  51% ] [90m[1mreimport[22m | native-phase-1.png[39m[0m
[  51% ] [90m[1mreimport[22m | native-phase-2.png[39m[0m
[  51% ] [90m[1mreimport[22m | native-phase-3.png[39m[0m
[  51% ] [90m[1mreimport[22m | native-phase-4.png[39m[0m
[  51% ] [90m[1mreimport[22m | native-phase-5.png[39m[0m
[  51% ] [90m[1mreimport[22m | 000505-native-floor.png[39m[0m
[  51% ] [90m[1mreimport[22m | 000505-wood-mask.png[39m[0m
[  51% ] [90m[1mreimport[22m | browser-forward.png[39m[0m
[  51% ] [90m[1mreimport[22m | browser-jamb.png[39m[0m
[  51% ] [90m[1mreimport[22m | browser-return-jamb.png[39m[0m
[  51% ] [90m[1mreimport[22m | browser-reverse.png[39m[0m
[  51% ] [90m[1mreimport[22m | entry206-native-threshold.png[39m[0m
[  51% ] [90m[1mreimport[22m | entry-floor-match-detail.png[39m[0m
[  51% ] [90m[1mreimport[22m | entry-floor-sources.png[39m[0m
[  51% ] [90m[1mreimport[22m | native-phase-0.png[39m[0m
[  51% ] [90m[1mreimport[22m | native-phase-1.png[39m[0m
[  51% ] [90m[1mreimport[22m | native-phase-2.png[39m[0m
[  51% ] [90m[1mreimport[22m | native-phase-3.png[39m[0m
[  51% ] [90m[1mreimport[22m | native-phase-4.png[39m[0m
[  51% ] [90m[1mreimport[22m | native-phase-5.png[39m[0m
[  52% ] [90m[1mreimport[22m | native-phase-6.png[39m[0m
[  52% ] [90m[1mreimport[22m | native-phase-7.png[39m[0m
[  52% ] [90m[1mreimport[22m | native-phase-8.png[39m[0m
[  52% ] [90m[1mreimport[22m | native-phase-9.png[39m[0m
[  52% ] [90m[1mreimport[22m | native-phase-10.png[39m[0m
[  52% ] [90m[1mreimport[22m | native-phase-11.png[39m[0m
[  52% ] [90m[1mreimport[22m | native-walk.png[39m[0m
[  52% ] [90m[1mreimport[22m | other-clip-source-contact.jpg[39m[0m
[  52% ] [90m[1mreimport[22m | preview.png[39m[0m
[  52% ] [90m[1mreimport[22m | shell-resized.png[39m[0m
[  52% ] [90m[1mreimport[22m | 207-aligned-contact-crop.png[39m[0m
[  52% ] [90m[1mreimport[22m | 207-contact-crop.png[39m[0m
[  52% ] [90m[1mreimport[22m | 207-native.jpg[39m[0m
[  52% ] [90m[1mreimport[22m | 000207-source-mark.png[39m[0m
[  52% ] [90m[1mreimport[22m | 209-aligned-contact-crop.png[39m[0m
[  52% ] [90m[1mreimport[22m | 209-contact-crop.png[39m[0m
[  52% ] [90m[1mreimport[22m | 209-native.jpg[39m[0m
[  52% ] [90m[1mreimport[22m | 000209-source-mark.png[39m[0m
[  52% ] [90m[1mreimport[22m | browser-forward.png[39m[0m
[  52% ] [90m[1mreimport[22m | browser-reverse.png[39m[0m
[  52% ] [90m[1mreimport[22m | native-walk.png[39m[0m
[  52% ] [90m[1mreimport[22m | reserved-contact-crop.png[39m[0m
[  52% ] [90m[1mreimport[22m | reserved-contact-prediction.png[39m[0m
[  52% ] [90m[1mreimport[22m | shell-resized.png[39m[0m
[  52% ] [90m[1mreimport[22m | source-native-01.jpg[39m[0m
[  52% ] [90m[1mreimport[22m | source-native-02.jpg[39m[0m
[  52% ] [90m[1mreimport[22m | actual-main-hall-wide.png[39m[0m
[  52% ] [90m[1mreimport[22m | native-phase-6.png[39m[0m
[  53% ] [90m[1mreimport[22m | native-phase-7.png[39m[0m
[  53% ] [90m[1mreimport[22m | native-phase-8.png[39m[0m
[  53% ] [90m[1mreimport[22m | native-phase-9.png[39m[0m
[  53% ] [90m[1mreimport[22m | native-phase-10.png[39m[0m
[  53% ] [90m[1mreimport[22m | native-phase-11.png[39m[0m
[  53% ] [90m[1mreimport[22m | preview.png[39m[0m
[  53% ] [90m[1mreimport[22m | shell-resized.png[39m[0m
[  53% ] [90m[1mreimport[22m | 000013-floor-detections.png[39m[0m
[  53% ] [90m[1mreimport[22m | 000013-native-matches-caption-corrected.png[39m[0m
[  53% ] [90m[1mreimport[22m | 000019-floor-detections.png[39m[0m
[  53% ] [90m[1mreimport[22m | 000019-native-matches-caption-corrected.png[39m[0m
[  53% ] [90m[1mreimport[22m | 000021-native-matches-caption-corrected.png[39m[0m
[  53% ] [90m[1mreimport[22m | 000025-native-matches-caption-corrected.png[39m[0m
[  53% ] [90m[1mreimport[22m | 6384-000205-source.png[39m[0m
[  53% ] [90m[1mreimport[22m | 6384-000207-source.png[39m[0m
[  53% ] [90m[1mreimport[22m | 6384-000208-source.png[39m[0m
[  53% ] [90m[1mreimport[22m | 6384-000209-source.png[39m[0m
[  53% ] [90m[1mreimport[22m | browser-forward.png[39m[0m
[  53% ] [90m[1mreimport[22m | browser-jamb.png[39m[0m
[  53% ] [90m[1mreimport[22m | browser-return-jamb.png[39m[0m
[  53% ] [90m[1mreimport[22m | browser-reverse.png[39m[0m
[  53% ] [90m[1mreimport[22m | 000244-triangle.png[39m[0m
[  53% ] [90m[1mreimport[22m | 000245-triangle.png[39m[0m
[  53% ] [90m[1mreimport[22m | 000486-pose-coverage.png[39m[0m
[  53% ] [90m[1mreimport[22m | 000496-pose-coverage.png[39m[0m
[  53% ] [90m[1mreimport[22m | 000505-triangle.png[39m[0m
[  53% ] [90m[1mreimport[22m | 000508-triangle.png[39m[0m
[  54% ] [90m[1mreimport[22m | 000509-triangle.png[39m[0m
[  54% ] [90m[1mreimport[22m | browser-forward.png[39m[0m
[  54% ] [90m[1mreimport[22m | browser-jamb.png[39m[0m
[  54% ] [90m[1mreimport[22m | browser-return-jamb.png[39m[0m
[  54% ] [90m[1mreimport[22m | browser-reverse.png[39m[0m
[  54% ] [90m[1mreimport[22m | entry-wall-000206-far-photometric.png[39m[0m
[  54% ] [90m[1mreimport[22m | entry-wall-000206-near-photometric.png[39m[0m
[  54% ] [90m[1mreimport[22m | entry-wall-000206-transfer.png[39m[0m
[  54% ] [90m[1mreimport[22m | entry-wall-final-000206-far-photometric.png[39m[0m
[  54% ] [90m[1mreimport[22m | entry-wall-final-000206-near-photometric.png[39m[0m
[  54% ] [90m[1mreimport[22m | entry-wall-final-000206-transfer.png[39m[0m
[  54% ] [90m[1mreimport[22m | entry-wall-mask.png[39m[0m
[  54% ] [90m[1mreimport[22m | final-000246-far-photometric.png[39m[0m
[  54% ] [90m[1mreimport[22m | final-000246-transfer.png[39m[0m
[  54% ] [90m[1mreimport[22m | final-000506-far-photometric.png[39m[0m
[  54% ] [90m[1mreimport[22m | heldout-final-000246-transfer.png[39m[0m
[  54% ] [90m[1mreimport[22m | heldout-final-000506-transfer.png[39m[0m
[  54% ] [90m[1mreimport[22m | IMG_6380-000244.jpg.png[39m[0m
[  54% ] [90m[1mreimport[22m | IMG_6380-000245.jpg.png[39m[0m
[  54% ] [90m[1mreimport[22m | IMG_6380-000505.jpg.png[39m[0m
[  54% ] [90m[1mreimport[22m | IMG_6380_exit6fps-000013.jpg.png[39m[0m
[  54% ] [90m[1mreimport[22m | IMG_6380_exit6fps-000019.jpg.png[39m[0m
[  54% ] [90m[1mreimport[22m | IMG_6380_exit6fps-000020.jpg.png[39m[0m
[  54% ] [90m[1mreimport[22m | 000246-far-photometric.png[39m[0m
[  54% ] [90m[1mreimport[22m | 000246-transfer.png[39m[0m
[  54% ] [90m[1mreimport[22m | 000506-far-photometric.png[39m[0m
[  54% ] [90m[1mreimport[22m | 000506-near-photometric.png[39m[0m
[  55% ] [90m[1mreimport[22m | 000506-transfer.png[39m[0m
[  55% ] [90m[1mreimport[22m | browser-forward.png[39m[0m
[  55% ] [90m[1mreimport[22m | browser-jamb.png[39m[0m
[  55% ] [90m[1mreimport[22m | browser-return-jamb.png[39m[0m
[  55% ] [90m[1mreimport[22m | browser-reverse.png[39m[0m
[  55% ] [90m[1mreimport[22m | native-phase-0.png[39m[0m
[  55% ] [90m[1mreimport[22m | native-phase-1.png[39m[0m
[  55% ] [90m[1mreimport[22m | native-phase-3.png[39m[0m
[  55% ] [90m[1mreimport[22m | shell-resized.png[39m[0m
[  55% ] [90m[1mreimport[22m | 000206-pose-coverage.png[39m[0m
[  55% ] [90m[1mreimport[22m | query-contact.png[39m[0m
[  55% ] [90m[1mreimport[22m | shell-resized.png[39m[0m
[  55% ] [90m[1mreimport[22m | source-contact.png[39m[0m
[  55% ] [90m[1mreimport[22m | wide-000246-far-photometric.png[39m[0m
[  55% ] [90m[1mreimport[22m | wide-000246-transfer.png[39m[0m
[  55% ] [90m[1mreimport[22m | wide-000506-far-photometric.png[39m[0m
[  55% ] [90m[1mreimport[22m | wide-000506-near-photometric.png[39m[0m
[  55% ] [90m[1mreimport[22m | wide-000506-transfer.png[39m[0m
[  55% ] [90m[1mreimport[22m | 000206-entry-floor-matches.png[39m[0m
[  55% ] [90m[1mreimport[22m | 000244-entry-floor-matches.png[39m[0m
[  55% ] [90m[1mreimport[22m | 000505-entry-floor-matches.png[39m[0m
[  55% ] [90m[1mreimport[22m | 000206-entry-floor-matches.png[39m[0m
[  55% ] [90m[1mreimport[22m | 000206-floor-crop.png[39m[0m
[  55% ] [90m[1mreimport[22m | 000206-native-floor.png[39m[0m
[  55% ] [90m[1mreimport[22m | 000206-wood-mask.png[39m[0m
[  55% ] [90m[1mreimport[22m | 000244-entry-floor-matches.png[39m[0m
[  55% ] [90m[1mreimport[22m | 000244-floor-crop.png[39m[0m
[  55% ] [90m[1mreimport[22m | 000244-native-floor.png[39m[0m
[  56% ] [90m[1mreimport[22m | 000244-wood-mask.png[39m[0m
[  56% ] [90m[1mreimport[22m | 000505-entry-floor-matches.png[39m[0m
[  56% ] [90m[1mreimport[22m | 000505-floor-crop.png[39m[0m
[  56% ] [90m[1mreimport[22m | final-000506-near-photometric.png[39m[0m
[  56% ] [90m[1mreimport[22m | final-000506-transfer.png[39m[0m
[  56% ] [90m[1mreimport[22m | IMG_6380-000244.jpg-wide.png[39m[0m
[  56% ] [90m[1mreimport[22m | IMG_6380-000244.jpg.png[39m[0m
[  56% ] [90m[1mreimport[22m | IMG_6380-000505.jpg-wide.png[39m[0m
[  56% ] [90m[1mreimport[22m | IMG_6380-000505.jpg.png[39m[0m
[  56% ] [90m[1mreimport[22m | IMG_6380-000508.jpg.png[39m[0m
[  56% ] [90m[1mreimport[22m | IMG_6384-000027.jpg.png[39m[0m
[  56% ] [90m[1mreimport[22m | IMG_6384-000035.jpg.png[39m[0m
[  56% ] [90m[1mreimport[22m | native-phase-0.png[39m[0m
[  56% ] [90m[1mreimport[22m | native-phase-1.png[39m[0m
[  56% ] [90m[1mreimport[22m | native-phase-2.png[39m[0m
[  56% ] [90m[1mreimport[22m | native-phase-3.png[39m[0m
[  56% ] [90m[1mreimport[22m | native-phase-4.png[39m[0m
[  56% ] [90m[1mreimport[22m | native-phase-5.png[39m[0m
[  56% ] [90m[1mreimport[22m | native-phase-6.png[39m[0m
[  56% ] [90m[1mreimport[22m | native-phase-7.png[39m[0m
[  56% ] [90m[1mreimport[22m | native-phase-8.png[39m[0m
[  56% ] [90m[1mreimport[22m | native-phase-9.png[39m[0m
[  56% ] [90m[1mreimport[22m | native-phase-10.png[39m[0m
[  56% ] [90m[1mreimport[22m | native-phase-11.png[39m[0m
[  56% ] [90m[1mreimport[22m | preview.png[39m[0m
[  56% ] [90m[1mreimport[22m | medieval-wide.png[39m[0m
[  56% ] [90m[1mreimport[22m | pier-candidates.png[39m[0m
[  57% ] [90m[1mreimport[22m | source-bertin-90.25.png[39m[0m
[  57% ] [90m[1mreimport[22m | source-bertin-91.25.png[39m[0m
[  57% ] [90m[1mreimport[22m | source-grey-wall-84.75.png[39m[0m
[  57% ] [90m[1mreimport[22m | source-pier-99.75.png[39m[0m
[  57% ] [90m[1mreimport[22m | source-pier-100.75.png[39m[0m
[  57% ] [90m[1mreimport[22m | source-pier-101.50.png[39m[0m
[  57% ] [90m[1mreimport[22m | source-pier-105.00.png[39m[0m
[  57% ] [90m[1mreimport[22m | browser-forward.png[39m[0m
[  57% ] [90m[1mreimport[22m | browser-reverse.png[39m[0m
[  57% ] [90m[1mreimport[22m | hall-wide-arch.png[39m[0m
[  57% ] [90m[1mreimport[22m | loop-overview.png[39m[0m
[  57% ] [90m[1mreimport[22m | medieval-frame-front.png[39m[0m
[  57% ] [90m[1mreimport[22m | medieval-grille-original.webp[39m[0m
[  57% ] [90m[1mreimport[22m | medieval-grille-rectified-study.png[39m[0m
[  57% ] [90m[1mreimport[22m | medieval-portal-wall-wide.png[39m[0m
[  57% ] [90m[1mreimport[22m | medieval-walk.png[39m[0m
[  57% ] [90m[1mreimport[22m | renaissance-2.25-source.jpg[39m[0m
[  57% ] [90m[1mreimport[22m | renaissance-38.25-source.jpg[39m[0m
[  57% ] [90m[1mreimport[22m | renaissance-62.25-source.jpg[39m[0m
[  57% ] [90m[1mreimport[22m | phase-6.png[39m[0m
[  57% ] [90m[1mreimport[22m | phase-7.png[39m[0m
[  57% ] [90m[1mreimport[22m | phase-8.png[39m[0m
[  57% ] [90m[1mreimport[22m | pink-service-asset.png[39m[0m
[  57% ] [90m[1mreimport[22m | pink-service-detail.png[39m[0m
[  57% ] [90m[1mreimport[22m | room.png[39m[0m
[  57% ] [90m[1mreimport[22m | settee-detail.png[39m[0m
[  57% ] [90m[1mreimport[22m | source-gallery-entry.png[39m[0m
[  57% ] [90m[1mreimport[22m | source-purple-entry.png[39m[0m
[  58% ] [90m[1mreimport[22m | wide-gallery-entry.png[39m[0m
[  58% ] [90m[1mreimport[22m | wide-purple-entry.png[39m[0m
[  58% ] [90m[1mreimport[22m | wide-source-camera.png[39m[0m
[  58% ] [90m[1mreimport[22m | bertin-hall-wall-before.png[39m[0m
[  58% ] [90m[1mreimport[22m | bertin-hall-wall.png[39m[0m
[  58% ] [90m[1mreimport[22m | bertin-in-room.png[39m[0m
[  58% ] [90m[1mreimport[22m | bertin-tivoli-zoom-0.jpg[39m[0m
[  58% ] [90m[1mreimport[22m | browser-forward.png[39m[0m
[  58% ] [90m[1mreimport[22m | browser-jamb.png[39m[0m
[  58% ] [90m[1mreimport[22m | browser-reverse.png[39m[0m
[  58% ] [90m[1mreimport[22m | grey-gallery-wide.png[39m[0m
[  58% ] [90m[1mreimport[22m | medieval-wide-before.png[39m[0m
[  58% ] [90m[1mreimport[22m | grey-gallery-wide.png[39m[0m
[  58% ] [90m[1mreimport[22m | grey-walk.png[39m[0m
[  58% ] [90m[1mreimport[22m | hall-entry-12.50.png[39m[0m
[  58% ] [90m[1mreimport[22m | hall-entry-17.50.png[39m[0m
[  58% ] [90m[1mreimport[22m | hall-far-first-warm.png[39m[0m
[  58% ] [90m[1mreimport[22m | hall-first-warm.png[39m[0m
[  58% ] [90m[1mreimport[22m | hall-grey-join.png[39m[0m
[  58% ] [90m[1mreimport[22m | hall-portal-join.png[39m[0m
[  58% ] [90m[1mreimport[22m | hall-portal-walk.png[39m[0m
[  58% ] [90m[1mreimport[22m | hall-source-camera.png[39m[0m
[  58% ] [90m[1mreimport[22m | hall-walk.png[39m[0m
[  58% ] [90m[1mreimport[22m | hall-west-paintings.png[39m[0m
[  58% ] [90m[1mreimport[22m | hall-wide-arch.png[39m[0m
[  58% ] [90m[1mreimport[22m | hall-wide-far.png[39m[0m
[  58% ] [90m[1mreimport[22m | loop-overview.png[39m[0m
[  59% ] [90m[1mreimport[22m | medieval-00.25.png[39m[0m
[  59% ] [90m[1mreimport[22m | medieval-08.25.png[39m[0m
[  59% ] [90m[1mreimport[22m | medieval-85.25.png[39m[0m
[  59% ] [90m[1mreimport[22m | medieval-86.25.png[39m[0m
[  59% ] [90m[1mreimport[22m | medieval-87.25.png[39m[0m
[  59% ] [90m[1mreimport[22m | medieval-89.25.png[39m[0m
[  59% ] [90m[1mreimport[22m | renaissance-walk.png[39m[0m
[  59% ] [90m[1mreimport[22m | renaissance-wide.png[39m[0m
[  59% ] [90m[1mreimport[22m | unbaked-loop-overview.png[39m[0m
[  59% ] [90m[1mreimport[22m | unbaked-medieval-portal-wall-wide.png[39m[0m
[  59% ] [90m[1mreimport[22m | unbaked-medieval-walk.png[39m[0m
[  59% ] [90m[1mreimport[22m | unbaked-renaissance-walk.png[39m[0m
[  59% ] [90m[1mreimport[22m | unbaked-renaissance-wide.png[39m[0m
[  59% ] [90m[1mreimport[22m | unbaked-tracery-angle.png[39m[0m
[  59% ] [90m[1mreimport[22m | unbaked-tracery-front.png[39m[0m
[  59% ] [90m[1mreimport[22m | v42-grille-88.75-review.jpg[39m[0m
[  59% ] [90m[1mreimport[22m | v42-medieval-portal-wall-wide.png[39m[0m
[  59% ] [90m[1mreimport[22m | v43-dark-medieval-portal-wall-wide.png[39m[0m
[  59% ] [90m[1mreimport[22m | v43-dark-medieval-walk.png[39m[0m
[  59% ] [90m[1mreimport[22m | v43-dark-renaissance-wide.png[39m[0m
[  59% ] [90m[1mreimport[22m | angel-annunciation-zoom-0.jpg[39m[0m
[  59% ] [90m[1mreimport[22m | anthony-enthroned-zoom-0.jpg[39m[0m
[  59% ] [90m[1mreimport[22m | bartolo-madonna-zoom-0.jpg[39m[0m
[  59% ] [90m[1mreimport[22m | browser-forward.png[39m[0m
[  59% ] [90m[1mreimport[22m | browser-jamb.png[39m[0m
[  59% ] [90m[1mreimport[22m | browser-reverse.png[39m[0m
[  59% ] [90m[1mreimport[22m | culled-front-medieval-portal-wall-wide.png[39m[0m
[  60% ] [90m[1mreimport[22m | culled-front-portal-front.png[39m[0m
[  60% ] [90m[1mreimport[22m | stale-hall-v48.png[39m[0m
[  60% ] [90m[1mreimport[22m | bookcase-extrema-v1-000292.png[39m[0m
[  60% ] [90m[1mreimport[22m | bookcase-extrema-v1-000297.png[39m[0m
[  60% ] [90m[1mreimport[22m | bookcase-extrema-v2-000292.png[39m[0m
[  60% ] [90m[1mreimport[22m | bookcase-extrema-v2-000297.png[39m[0m
[  60% ] [90m[1mreimport[22m | bookcase-extrema-v2-reserved-000409.png[39m[0m
[  60% ] [90m[1mreimport[22m | head-front.png[39m[0m
[  60% ] [90m[1mreimport[22m | head-oblique.png[39m[0m
[  60% ] [90m[1mreimport[22m | head-profile.png[39m[0m
[  60% ] [90m[1mreimport[22m | head-rear.png[39m[0m
[  60% ] [90m[1mreimport[22m | head-walking.png[39m[0m
[  60% ] [90m[1mreimport[22m | legacy-native-phase-4.png[39m[0m
[  60% ] [90m[1mreimport[22m | room-browser-browser-forward.png[39m[0m
[  60% ] [90m[1mreimport[22m | room-browser-browser-reverse.png[39m[0m
[  60% ] [90m[1mreimport[22m | room-native-phase-4.png[39m[0m
[  60% ] [90m[1mreimport[22m | room-plan.png[39m[0m
[  60% ] [90m[1mreimport[22m | bookcase-reserved-000409.png[39m[0m
[  60% ] [90m[1mreimport[22m | browser-browser-forward.png[39m[0m
[  60% ] [90m[1mreimport[22m | browser-browser-reverse.png[39m[0m
[  60% ] [90m[1mreimport[22m | caption-walk.png[39m[0m
[  60% ] [90m[1mreimport[22m | floor-000206.png[39m[0m
[  60% ] [90m[1mreimport[22m | actual-main-hall.png[39m[0m
[  60% ] [90m[1mreimport[22m | attachment-hall.png[39m[0m
[  60% ] [90m[1mreimport[22m | attachment-stone-portal.png[39m[0m
[  60% ] [90m[1mreimport[22m | flat-modern-seated-woman-oblique.png[39m[0m
[  60% ] [90m[1mreimport[22m | flat-modern-seated-woman.png[39m[0m
[  60% ] [90m[1mreimport[22m | grey-fullapp.png[39m[0m
[  61% ] [90m[1mreimport[22m | hall-fullapp.png[39m[0m
[  61% ] [90m[1mreimport[22m | landing-source-9.5s.jpg[39m[0m
[  61% ] [90m[1mreimport[22m | landing-source-42.5s.jpg[39m[0m
[  61% ] [90m[1mreimport[22m | landing-source-43.5s.jpg[39m[0m
[  61% ] [90m[1mreimport[22m | landing-upright-9.5s.png[39m[0m
[  61% ] [90m[1mreimport[22m | landing-upright-42.5s.png[39m[0m
[  61% ] [90m[1mreimport[22m | landing-upright-43.5s.png[39m[0m
[  61% ] [90m[1mreimport[22m | medieval-fullapp.png[39m[0m
[  61% ] [90m[1mreimport[22m | modern-doorway-corner.png[39m[0m
[  61% ] [90m[1mreimport[22m | modern-entry-wide.png[39m[0m
[  61% ] [90m[1mreimport[22m | modern-old-layout-fullapp.png[39m[0m
[  61% ] [90m[1mreimport[22m | modern-seated-woman-oblique.png[39m[0m
[  61% ] [90m[1mreimport[22m | modern-seated-woman.png[39m[0m
[  61% ] [90m[1mreimport[22m | modern-villon.png[39m[0m
[  61% ] [90m[1mreimport[22m | modern-windows-wide.png[39m[0m
[  61% ] [90m[1mreimport[22m | seated-woman-bronze-original.webp[39m[0m
[  61% ] [90m[1mreimport[22m | IMG_6387.jpg[39m[0m
[  61% ] [90m[1mreimport[22m | architecture-asset.png[39m[0m
[  61% ] [90m[1mreimport[22m | bookcase-asset.png[39m[0m
[  61% ] [90m[1mreimport[22m | bookcase-detail.png[39m[0m
[  61% ] [90m[1mreimport[22m | bookcase-oblique.png[39m[0m
[  61% ] [90m[1mreimport[22m | bust-asset.png[39m[0m
[  61% ] [90m[1mreimport[22m | bust-detail.png[39m[0m
[  61% ] [90m[1mreimport[22m | door-sconce-detail.png[39m[0m
[  61% ] [90m[1mreimport[22m | entrance-chair-detail.png[39m[0m
[  61% ] [90m[1mreimport[22m | gallery.png[39m[0m
[  61% ] [90m[1mreimport[22m | gold-service-asset.png[39m[0m
[  62% ] [90m[1mreimport[22m | gold-service-detail.png[39m[0m
[  62% ] [90m[1mreimport[22m | mirror-detail.png[39m[0m
[  62% ] [90m[1mreimport[22m | official-floor5.png[39m[0m
[  62% ] [90m[1mreimport[22m | official-floor43.png[39m[0m
[  62% ] [90m[1mreimport[22m | phase-0.png[39m[0m
[  62% ] [90m[1mreimport[22m | phase-1.png[39m[0m
[  62% ] [90m[1mreimport[22m | phase-2.png[39m[0m
[  62% ] [90m[1mreimport[22m | phase-3.png[39m[0m
[  62% ] [90m[1mreimport[22m | phase-4.png[39m[0m
[  62% ] [90m[1mreimport[22m | phase-5.png[39m[0m
[  62% ] [90m[1mreimport[22m | floor-000209.png[39m[0m
[  62% ] [90m[1mreimport[22m | head-front.png[39m[0m
[  62% ] [90m[1mreimport[22m | head-oblique.png[39m[0m
[  62% ] [90m[1mreimport[22m | head-profile.png[39m[0m
[  62% ] [90m[1mreimport[22m | head-rear.png[39m[0m
[  62% ] [90m[1mreimport[22m | head-walking.png[39m[0m
[  62% ] [90m[1mreimport[22m | native-phase-4.png[39m[0m
[  62% ] [90m[1mreimport[22m | preview-preview.png[39m[0m
[  62% ] [90m[1mreimport[22m | room-plan.png[39m[0m
[  62% ] [90m[1mreimport[22m | browser-forward.png[39m[0m
[  62% ] [90m[1mreimport[22m | browser-jamb.png[39m[0m
[  62% ] [90m[1mreimport[22m | browser-return-jamb.png[39m[0m
[  62% ] [90m[1mreimport[22m | browser-reverse.png[39m[0m
[  62% ] [90m[1mreimport[22m | IMG_6378.jpg[39m[0m
[  62% ] [90m[1mreimport[22m | IMG_6379.jpg[39m[0m
[  62% ] [90m[1mreimport[22m | IMG_6380.jpg[39m[0m
[  62% ] [90m[1mreimport[22m | IMG_6381.jpg[39m[0m
[  62% ] [90m[1mreimport[22m | IMG_6382.jpg[39m[0m
[  63% ] [90m[1mreimport[22m | IMG_6383.jpg[39m[0m
[  63% ] [90m[1mreimport[22m | IMG_6384.jpg[39m[0m
[  63% ] [90m[1mreimport[22m | IMG_6385.jpg[39m[0m
[  63% ] [90m[1mreimport[22m | IMG_6386.jpg[39m[0m
[  63% ] [90m[1mreimport[22m | browser-forward.png[39m[0m
[  63% ] [90m[1mreimport[22m | browser-jamb.png[39m[0m
[  63% ] [90m[1mreimport[22m | browser-reverse.png[39m[0m
[  63% ] [90m[1mreimport[22m | corridor-reserved.png[39m[0m
[  63% ] [90m[1mreimport[22m | native-phase-0.png[39m[0m
[  63% ] [90m[1mreimport[22m | native-phase-1.png[39m[0m
[  63% ] [90m[1mreimport[22m | native-phase-2.png[39m[0m
[  63% ] [90m[1mreimport[22m | shell-resized.png[39m[0m
[  63% ] [90m[1mreimport[22m | walk-plan.png[39m[0m
[  63% ] [90m[1mreimport[22m | wall-floor-reserved.png[39m[0m
[  63% ] [90m[1mreimport[22m | narrow-browser-forward.png[39m[0m
[  63% ] [90m[1mreimport[22m | narrow-browser-jamb.png[39m[0m
[  63% ] [90m[1mreimport[22m | narrow-browser-return-jamb.png[39m[0m
[  63% ] [90m[1mreimport[22m | narrow-browser-reverse.png[39m[0m
[  63% ] [90m[1mreimport[22m | native-left-jamb.png[39m[0m
[  63% ] [90m[1mreimport[22m | native-return-jamb-after.png[39m[0m
[  63% ] [90m[1mreimport[22m | native-return-jamb-before.png[39m[0m
[  63% ] [90m[1mreimport[22m | shell-resized.png[39m[0m
[  63% ] [90m[1mreimport[22m | walk-plan.png[39m[0m
[  63% ] [90m[1mreimport[22m | wide-browser-forward.png[39m[0m
[  63% ] [90m[1mreimport[22m | wide-browser-jamb.png[39m[0m
[  63% ] [90m[1mreimport[22m | shell-resized.png[39m[0m
[  63% ] [90m[1mreimport[22m | doorway-heldout.png[39m[0m
[  64% ] [90m[1mreimport[22m | floor-original.png[39m[0m
[  64% ] [90m[1mreimport[22m | floor-revisit.png[39m[0m
[  64% ] [90m[1mreimport[22m | shell-resized.png[39m[0m
[  64% ] [90m[1mreimport[22m | browser.png[39m[0m
[  64% ] [90m[1mreimport[22m | IMG_6380-000505.jpg.png[39m[0m
[  64% ] [90m[1mreimport[22m | IMG_6380_exit6fps-000010.jpg.png[39m[0m
[  64% ] [90m[1mreimport[22m | IMG_6380_exit6fps-000018.jpg.png[39m[0m
[  64% ] [90m[1mreimport[22m | IMG_6380_exit6fps-000022.jpg.png[39m[0m
[  64% ] [90m[1mreimport[22m | IMG_6380_exit6fps-000026.jpg.png[39m[0m
[  64% ] [90m[1mreimport[22m | shell-resized.png[39m[0m
[  64% ] [90m[1mreimport[22m | 000013.png[39m[0m
[  64% ] [90m[1mreimport[22m | 000015.png[39m[0m
[  64% ] [90m[1mreimport[22m | 000018.png[39m[0m
[  64% ] [90m[1mreimport[22m | browser.png[39m[0m
[  64% ] [90m[1mreimport[22m | native-01-floor.png[39m[0m
[  64% ] [90m[1mreimport[22m | native-02-floor.png[39m[0m
[  64% ] [90m[1mreimport[22m | native-03-floor.png[39m[0m
[  64% ] [90m[1mreimport[22m | shell-resized.png[39m[0m
[  64% ] [90m[1mreimport[22m | threshold-plan.png[39m[0m
[  64% ] [90m[1mreimport[22m | browser-forward.png[39m[0m
[  64% ] [90m[1mreimport[22m | browser-return-jamb.png[39m[0m
[  64% ] [90m[1mreimport[22m | browser-reverse.png[39m[0m
[  64% ] [90m[1mreimport[22m | fresh-blue-turn-28.png[39m[0m
[  64% ] [90m[1mreimport[22m | fresh-reference-24.png[39m[0m
[  64% ] [90m[1mreimport[22m | fresh-reserved-26.png[39m[0m
[  64% ] [90m[1mreimport[22m | header-fit-202.png[39m[0m
[  64% ] [90m[1mreimport[22m | header-fit-205.png[39m[0m
[  65% ] [90m[1mreimport[22m | header-reserved-203.png[39m[0m
[  65% ] [90m[1mreimport[22m | native-forward.png[39m[0m
[  65% ] [90m[1mreimport[22m | shell-resize.png[39m[0m
[  65% ] [90m[1mreimport[22m | browser-forward.png[39m[0m
[  65% ] [90m[1mreimport[22m | browser-return-jamb.png[39m[0m
[  65% ] [90m[1mreimport[22m | browser-reverse.png[39m[0m
[  65% ] [90m[1mreimport[22m | grand-entry-contact.jpg[39m[0m
[  65% ] [90m[1mreimport[22m | grand-return-contact.jpg[39m[0m
[  65% ] [90m[1mreimport[22m | native-forward.png[39m[0m
[  65% ] [90m[1mreimport[22m | native-jamb.png[39m[0m
[  65% ] [90m[1mreimport[22m | shell-resize.png[39m[0m
[  65% ] [90m[1mreimport[22m | toe-fit-12.png[39m[0m
[  65% ] [90m[1mreimport[22m | toe-fit-14.png[39m[0m
[  65% ] [90m[1mreimport[22m | wide-browser-return-jamb.png[39m[0m
[  65% ] [90m[1mreimport[22m | wide-browser-reverse.png[39m[0m
[  65% ] [90m[1mreimport[22m | browser-forward.png[39m[0m
[  65% ] [90m[1mreimport[22m | browser-return-jamb.png[39m[0m
[  65% ] [90m[1mreimport[22m | browser-reverse.png[39m[0m
[  65% ] [90m[1mreimport[22m | fit-238.png[39m[0m
[  65% ] [90m[1mreimport[22m | fit-244.png[39m[0m
[  65% ] [90m[1mreimport[22m | native-forward.png[39m[0m
[  65% ] [90m[1mreimport[22m | native-toe.png[39m[0m
[  65% ] [90m[1mreimport[22m | plan-after.png[39m[0m
[  65% ] [90m[1mreimport[22m | plan-before.png[39m[0m
[  65% ] [90m[1mreimport[22m | reserved.png[39m[0m
[  65% ] [90m[1mreimport[22m | shell-resize.png[39m[0m
[  65% ] [90m[1mreimport[22m | browser-forward.png[39m[0m
[  65% ] [90m[1mreimport[22m | browser-return-jamb.png[39m[0m
[  66% ] [90m[1mreimport[22m | browser-reverse.png[39m[0m
[  66% ] [90m[1mreimport[22m | fit-203.png[39m[0m
[  66% ] [90m[1mreimport[22m | fit-205.png[39m[0m
[  66% ] [90m[1mreimport[22m | native-forward.png[39m[0m
[  66% ] [90m[1mreimport[22m | reserved-204.png[39m[0m
[  66% ] [90m[1mreimport[22m | revisit-contact.jpg[39m[0m
[  66% ] [90m[1mreimport[22m | shell-resize.png[39m[0m
[  66% ] [90m[1mreimport[22m | DEP-08-furniture.png[39m[0m
[  66% ] [90m[1mreimport[22m | MED-01-has-video.png[39m[0m
[  66% ] [90m[1mreimport[22m | MED-02-has-audio.png[39m[0m
[  66% ] [90m[1mreimport[22m | MED-03-multiple-views.png[39m[0m
[  66% ] [90m[1mreimport[22m | MED-06-point-cloud.png[39m[0m
[  66% ] [90m[1mreimport[22m | MED-07-conservation-view.png[39m[0m
[  66% ] [90m[1mreimport[22m | MED-08-verso.png[39m[0m
[  66% ] [90m[1mreimport[22m | MED-09-detail-crops.png[39m[0m
[  66% ] [90m[1mreimport[22m | NAV-01-on-view-now.png[39m[0m
[  66% ] [90m[1mreimport[22m | NAV-02-in-storage.png[39m[0m
[  66% ] [90m[1mreimport[22m | NAV-03-gallery-map.png[39m[0m
[  66% ] [90m[1mreimport[22m | NAV-04-wing-dial.png[39m[0m
[  66% ] [90m[1mreimport[22m | NAV-05-in-this-room.png[39m[0m
[  66% ] [90m[1mreimport[22m | NAV-06-not-accessible.png[39m[0m
[  66% ] [90m[1mreimport[22m | NAV-07-sit-with-it.png[39m[0m
[  66% ] [90m[1mreimport[22m | REC-01-provenance.png[39m[0m
[  66% ] [90m[1mreimport[22m | REC-02-date-and-era.png[39m[0m
[  66% ] [90m[1mreimport[22m | REC-03-maker.png[39m[0m
[  66% ] [90m[1mreimport[22m | REC-04-materials-and-technique.png[39m[0m
[  66% ] [90m[1mreimport[22m | REC-05-dimensions.png[39m[0m
[  67% ] [90m[1mreimport[22m | REC-06-accession-number.png[39m[0m
[  67% ] [90m[1mreimport[22m | anchor-1-filter.png[39m[0m
[  67% ] [90m[1mreimport[22m | anchor-2-highlights.png[39m[0m
[  67% ] [90m[1mreimport[22m | anchor-3-sculpture.png[39m[0m
[  67% ] [90m[1mreimport[22m | anchor-4-has-image.png[39m[0m
[  67% ] [90m[1mreimport[22m | anchor-5-view-3d.png[39m[0m
[  67% ] [90m[1mreimport[22m | anchors-all-five.png[39m[0m
[  67% ] [90m[1mreimport[22m | ui01-search-64.png[39m[0m
[  67% ] [90m[1mreimport[22m | ui01-search-motion-anchor.png[39m[0m
[  67% ] [90m[1mreimport[22m | ACT-01-favourite.png[39m[0m
[  67% ] [90m[1mreimport[22m | ACT-02-compare.png[39m[0m
[  67% ] [90m[1mreimport[22m | ACT-03-sketchbook.png[39m[0m
[  67% ] [90m[1mreimport[22m | ACT-04-more-like-this.png[39m[0m
[  67% ] [90m[1mreimport[22m | ACT-05-random-object.png[39m[0m
[  67% ] [90m[1mreimport[22m | ACT-06-send-a-postcard.png[39m[0m
[  67% ] [90m[1mreimport[22m | ACT-07-visit-stamps.png[39m[0m
[  67% ] [90m[1mreimport[22m | DEP-01-painting.png[39m[0m
[  67% ] [90m[1mreimport[22m | DEP-02-prints-and-drawings.png[39m[0m
[  67% ] [90m[1mreimport[22m | DEP-03-costume-and-textiles.png[39m[0m
[  67% ] [90m[1mreimport[22m | DEP-04-silver-and-decorative-arts.png[39m[0m
[  67% ] [90m[1mreimport[22m | DEP-05-ancient-egypt.png[39m[0m
[  67% ] [90m[1mreimport[22m | DEP-06-asian-art.png[39m[0m
[  67% ] [90m[1mreimport[22m | DEP-07-photography.png[39m[0m
[  67% ] [90m[1mreimport[22m | 03-reopened-sketchbook.png[39m[0m
[  67% ] [90m[1mreimport[22m | 04-sketchbook-painted.png[39m[0m
[  67% ] [90m[1mreimport[22m | 05-playground-720x486.png[39m[0m
[  67% ] [90m[1mreimport[22m | 06-sketchbook-720x486.png[39m[0m
[  67% ] [90m[1mreimport[22m | 07-playground-offline.png[39m[0m
[  68% ] [90m[1mreimport[22m | 08-sketchbook-offline.png[39m[0m
[  68% ] [90m[1mreimport[22m | annotated-source.png[39m[0m
[  68% ] [90m[1mreimport[22m | depth-overview.png[39m[0m
[  68% ] [90m[1mreimport[22m | doorway-506.jpg[39m[0m
[  68% ] [90m[1mreimport[22m | doorway-516.jpg[39m[0m
[  68% ] [90m[1mreimport[22m | doorway-contact.jpg[39m[0m
[  68% ] [90m[1mreimport[22m | joined-plan.png[39m[0m
[  68% ] [90m[1mreimport[22m | shell-resized.png[39m[0m
[  68% ] [90m[1mreimport[22m | 000292.png[39m[0m
[  68% ] [90m[1mreimport[22m | 000296.png[39m[0m
[  68% ] [90m[1mreimport[22m | 000297.png[39m[0m
[  68% ] [90m[1mreimport[22m | IMG_6380-000505.jpg.png[39m[0m
[  68% ] [90m[1mreimport[22m | IMG_6380-000506.jpg.png[39m[0m
[  68% ] [90m[1mreimport[22m | IMG_6380_exit6fps-000013.jpg.png[39m[0m
[  68% ] [90m[1mreimport[22m | IMG_6380_exit6fps-000018.jpg.png[39m[0m
[  68% ] [90m[1mreimport[22m | review-page.png[39m[0m
[  68% ] [90m[1mreimport[22m | UI-02-clear-filters.png[39m[0m
[  68% ] [90m[1mreimport[22m | UI-03-view-toggle.png[39m[0m
[  68% ] [90m[1mreimport[22m | UI-04-sort-order.png[39m[0m
[  68% ] [90m[1mreimport[22m | UI-05-visitor-badge.png[39m[0m
[  68% ] [90m[1mreimport[22m | 01-map.png[39m[0m
[  68% ] [90m[1mreimport[22m | 02-panel-moved.png[39m[0m
[  68% ] [90m[1mreimport[22m | 03-zoomed.png[39m[0m
[  68% ] [90m[1mreimport[22m | 04-panned.png[39m[0m
[  68% ] [90m[1mreimport[22m | 05-window-moved.png[39m[0m
[  68% ] [90m[1mreimport[22m | 06-window-clamped.png[39m[0m
[  68% ] [90m[1mreimport[22m | 07-window-resized.png[39m[0m
[  69% ] [90m[1mreimport[22m | 08-collapsed.png[39m[0m
[  69% ] [90m[1mreimport[22m | 09-key-home.png[39m[0m
[  69% ] [90m[1mreimport[22m | 10-before-hidden.png[39m[0m
[  69% ] [90m[1mreimport[22m | 11-hidden.png[39m[0m
[  69% ] [90m[1mreimport[22m | 12-resumed.png[39m[0m
[  69% ] [90m[1mreimport[22m | 13-resized.png[39m[0m
[  69% ] [90m[1mreimport[22m | 14-restored.png[39m[0m
[  69% ] [90m[1mreimport[22m | 15-fill-1440x820.png[39m[0m
[  69% ] [90m[1mreimport[22m | 15-fill-1920x1000.png[39m[0m
[  69% ] [90m[1mreimport[22m | 01-playground-saved.png[39m[0m
[  69% ] [90m[1mreimport[22m | 02-sketchbook-reference.png[39m[0m
[  69% ] [90m[1mreimport[22m | 19-source-candidates.png[39m[0m
[  69% ] [90m[1mreimport[22m | 19-third-candidate.png[39m[0m
[  69% ] [90m[1mreimport[22m | 23-prediction.png[39m[0m
[  69% ] [90m[1mreimport[22m | 23-right-feature-crop.png[39m[0m
[  69% ] [90m[1mreimport[22m | 23-third-candidate.png[39m[0m
[  69% ] [90m[1mreimport[22m | 23-track-residuals-depth-checked.png[39m[0m
[  69% ] [90m[1mreimport[22m | 23-track-residuals.png[39m[0m
[  69% ] [90m[1mreimport[22m | browser-forward.png[39m[0m
[  69% ] [90m[1mreimport[22m | browser-jamb.png[39m[0m
[  69% ] [90m[1mreimport[22m | browser-return-jamb.png[39m[0m
[  69% ] [90m[1mreimport[22m | browser-reverse.png[39m[0m
[  69% ] [90m[1mreimport[22m | floor-contact.png[39m[0m
[  69% ] [90m[1mreimport[22m | native-phase-0.png[39m[0m
[  69% ] [90m[1mreimport[22m | native-phase-1.png[39m[0m
[  69% ] [90m[1mreimport[22m | native-phase-2.png[39m[0m
[  69% ] [90m[1mreimport[22m | native-phase-3.png[39m[0m
[  70% ] [90m[1mreimport[22m | native-phase-4.png[39m[0m
[  70% ] [90m[1mreimport[22m | native-phase-5.png[39m[0m
[  70% ] [90m[1mreimport[22m | native-phase-6.png[39m[0m
[  70% ] [90m[1mreimport[22m | native-phase-7.png[39m[0m
[  70% ] [90m[1mreimport[22m | native-phase-8.png[39m[0m
[  70% ] [90m[1mreimport[22m | native-phase-1.png[39m[0m
[  70% ] [90m[1mreimport[22m | native-phase-2.png[39m[0m
[  70% ] [90m[1mreimport[22m | native-phase-3.png[39m[0m
[  70% ] [90m[1mreimport[22m | native-phase-4.png[39m[0m
[  70% ] [90m[1mreimport[22m | native-phase-5.png[39m[0m
[  70% ] [90m[1mreimport[22m | native-phase-6.png[39m[0m
[  70% ] [90m[1mreimport[22m | native-phase-7.png[39m[0m
[  70% ] [90m[1mreimport[22m | native-phase-8.png[39m[0m
[  70% ] [90m[1mreimport[22m | native-phase-9.png[39m[0m
[  70% ] [90m[1mreimport[22m | native-phase-10.png[39m[0m
[  70% ] [90m[1mreimport[22m | native-phase-11.png[39m[0m
[  70% ] [90m[1mreimport[22m | review-page.png[39m[0m
[  70% ] [90m[1mreimport[22m | shell-09-resized.png[39m[0m
[  70% ] [90m[1mreimport[22m | strict-aperture-toes-v1-doorway-aperture-v1-fit.png[39m[0m
[  70% ] [90m[1mreimport[22m | strict-aperture-toes-v1-doorway-aperture-v1-reserved.png[39m[0m
[  70% ] [90m[1mreimport[22m | 13-prediction.png[39m[0m
[  70% ] [90m[1mreimport[22m | 13-right-feature-crop.png[39m[0m
[  70% ] [90m[1mreimport[22m | 13-source-candidates.png[39m[0m
[  70% ] [90m[1mreimport[22m | 13-third-candidate.png[39m[0m
[  70% ] [90m[1mreimport[22m | 19-prediction.png[39m[0m
[  70% ] [90m[1mreimport[22m | 19-right-feature-crop.png[39m[0m
[  70% ] [90m[1mreimport[22m | native-phase-2.png[39m[0m
[  70% ] [90m[1mreimport[22m | native-phase-3.png[39m[0m
[  71% ] [90m[1mreimport[22m | native-phase-4.png[39m[0m
[  71% ] [90m[1mreimport[22m | native-phase-5.png[39m[0m
[  71% ] [90m[1mreimport[22m | native-phase-6.png[39m[0m
[  71% ] [90m[1mreimport[22m | native-phase-7.png[39m[0m
[  71% ] [90m[1mreimport[22m | native-phase-8.png[39m[0m
[  71% ] [90m[1mreimport[22m | native-phase-9.png[39m[0m
[  71% ] [90m[1mreimport[22m | native-phase-10.png[39m[0m
[  71% ] [90m[1mreimport[22m | native-phase-11.png[39m[0m
[  71% ] [90m[1mreimport[22m | review-page.png[39m[0m
[  71% ] [90m[1mreimport[22m | revisit-000245-triangle.png[39m[0m
[  71% ] [90m[1mreimport[22m | shell-09-resized.png[39m[0m
[  71% ] [90m[1mreimport[22m | shell-isolated-09-resized.png[39m[0m
[  71% ] [90m[1mreimport[22m | browser-forward.png[39m[0m
[  71% ] [90m[1mreimport[22m | browser-jamb.png[39m[0m
[  71% ] [90m[1mreimport[22m | browser-return-jamb.png[39m[0m
[  71% ] [90m[1mreimport[22m | browser-reverse.png[39m[0m
[  71% ] [90m[1mreimport[22m | heldout-000246-transfer.png[39m[0m
[  71% ] [90m[1mreimport[22m | heldout-000506-transfer.png[39m[0m
[  71% ] [90m[1mreimport[22m | heldout-000516-transfer.png[39m[0m
[  71% ] [90m[1mreimport[22m | native-phase-9.png[39m[0m
[  71% ] [90m[1mreimport[22m | native-phase-10.png[39m[0m
[  71% ] [90m[1mreimport[22m | native-phase-11.png[39m[0m
[  71% ] [90m[1mreimport[22m | review-page.png[39m[0m
[  71% ] [90m[1mreimport[22m | shell-resized.png[39m[0m
[  71% ] [90m[1mreimport[22m | 13-floor-training-broad.png[39m[0m
[  71% ] [90m[1mreimport[22m | 13-third-feature-crop.png[39m[0m
[  71% ] [90m[1mreimport[22m | 000013-triangle.png[39m[0m
[  72% ] [90m[1mreimport[22m | 19-floor-training-broad.png[39m[0m
[  72% ] [90m[1mreimport[22m | 19-third-feature-crop.png[39m[0m
[  72% ] [90m[1mreimport[22m | 000019-triangle.png[39m[0m
[  72% ] [90m[1mreimport[22m | 000021-triangle.png[39m[0m
[  72% ] [90m[1mreimport[22m | 000025-triangle.png[39m[0m
[  72% ] [90m[1mreimport[22m | browser-forward.png[39m[0m
[  72% ] [90m[1mreimport[22m | browser-jamb.png[39m[0m
[  72% ] [90m[1mreimport[22m | browser-return-jamb.png[39m[0m
[  72% ] [90m[1mreimport[22m | browser-reverse.png[39m[0m
[  72% ] [90m[1mreimport[22m | depth-source-masks.png[39m[0m
[  72% ] [90m[1mreimport[22m | depth-valid-depth.png[39m[0m
[  72% ] [90m[1mreimport[22m | multiview-training-contact.png[39m[0m
[  72% ] [90m[1mreimport[22m | native-phase-0.png[39m[0m
[  72% ] [90m[1mreimport[22m | native-phase-1.png[39m[0m
[  72% ] [90m[1mreimport[22m | native-phase-7.png[39m[0m
[  72% ] [90m[1mreimport[22m | native-phase-8.png[39m[0m
[  72% ] [90m[1mreimport[22m | native-phase-9.png[39m[0m
[  72% ] [90m[1mreimport[22m | native-phase-10.png[39m[0m
[  72% ] [90m[1mreimport[22m | native-phase-11.png[39m[0m
[  72% ] [90m[1mreimport[22m | native-seek-contact.jpg[39m[0m
[  72% ] [90m[1mreimport[22m | outer-header-000202.png[39m[0m
[  72% ] [90m[1mreimport[22m | outer-header-000203.png[39m[0m
[  72% ] [90m[1mreimport[22m | outer-header-000204.png[39m[0m
[  72% ] [90m[1mreimport[22m | review-page.png[39m[0m
[  72% ] [90m[1mreimport[22m | shell-09-resized.png[39m[0m
[  72% ] [90m[1mreimport[22m | browser-forward.png[39m[0m
[  72% ] [90m[1mreimport[22m | browser-jamb.png[39m[0m
[  72% ] [90m[1mreimport[22m | browser-return-jamb.png[39m[0m
[  73% ] [90m[1mreimport[22m | browser-reverse.png[39m[0m
[  73% ] [90m[1mreimport[22m | native-phase-0.png[39m[0m
[  73% ] [90m[1mreimport[22m | native-phase-1.png[39m[0m
[  73% ] [90m[1mreimport[22m | native-phase-2.png[39m[0m
[  73% ] [90m[1mreimport[22m | native-phase-3.png[39m[0m
[  73% ] [90m[1mreimport[22m | native-phase-4.png[39m[0m
[  73% ] [90m[1mreimport[22m | native-phase-5.png[39m[0m
[  73% ] [90m[1mreimport[22m | toe-reserved-206.png[39m[0m
[  73% ] [90m[1mreimport[22m | unused-points-12.png[39m[0m
[  73% ] [90m[1mreimport[22m | unused-points-14.png[39m[0m
[  73% ] [90m[1mreimport[22m | 000202-local-tracks.png[39m[0m
[  73% ] [90m[1mreimport[22m | 000203-local-tracks.png[39m[0m
[  73% ] [90m[1mreimport[22m | 000204-local-tracks.png[39m[0m
[  73% ] [90m[1mreimport[22m | browser-forward.png[39m[0m
[  73% ] [90m[1mreimport[22m | browser-integrated-forward.png[39m[0m
[  73% ] [90m[1mreimport[22m | browser-integrated-jamb.png[39m[0m
[  73% ] [90m[1mreimport[22m | browser-integrated-return-jamb.png[39m[0m
[  73% ] [90m[1mreimport[22m | browser-integrated-reverse.png[39m[0m
[  73% ] [90m[1mreimport[22m | browser-jamb.png[39m[0m
[  73% ] [90m[1mreimport[22m | browser-return-jamb.png[39m[0m
[  73% ] [90m[1mreimport[22m | browser-reverse.png[39m[0m
[  73% ] [90m[1mreimport[22m | native-aligned-contact.jpg[39m[0m
[  73% ] [90m[1mreimport[22m | native-phase-0.png[39m[0m
[  73% ] [90m[1mreimport[22m | native-phase-1.png[39m[0m
[  73% ] [90m[1mreimport[22m | native-phase-2.png[39m[0m
[  73% ] [90m[1mreimport[22m | native-phase-3.png[39m[0m
[  73% ] [90m[1mreimport[22m | native-phase-4.png[39m[0m
[  74% ] [90m[1mreimport[22m | native-phase-5.png[39m[0m
[  74% ] [90m[1mreimport[22m | native-phase-6.png[39m[0m
[  74% ] [90m[1mreimport[22m | 000516-validation.jpg[39m[0m
[  74% ] [90m[1mreimport[22m | aperture-candidates.png[39m[0m
[  74% ] [90m[1mreimport[22m | aperture-source-9.png[39m[0m
[  74% ] [90m[1mreimport[22m | aperture-source-12.png[39m[0m
[  74% ] [90m[1mreimport[22m | aperture-source-19.png[39m[0m
[  74% ] [90m[1mreimport[22m | aperture-source-21.png[39m[0m
[  74% ] [90m[1mreimport[22m | browser-forward.png[39m[0m
[  74% ] [90m[1mreimport[22m | browser-jamb.png[39m[0m
[  74% ] [90m[1mreimport[22m | browser-return-jamb.png[39m[0m
[  74% ] [90m[1mreimport[22m | browser-reverse.png[39m[0m
[  74% ] [90m[1mreimport[22m | corridor-extents-v1-fit.png[39m[0m
[  74% ] [90m[1mreimport[22m | corridor-extents-v1-reserved.png[39m[0m
[  74% ] [90m[1mreimport[22m | doorway-aperture-v1-fit.png[39m[0m
[  74% ] [90m[1mreimport[22m | doorway-aperture-v1-reserved.png[39m[0m
[  74% ] [90m[1mreimport[22m | fresh-cloud-orbit.png[39m[0m
[  74% ] [90m[1mreimport[22m | fresh-cloud.png[39m[0m
[  74% ] [90m[1mreimport[22m | grand-casing-plinth-v1-fit.png[39m[0m
[  74% ] [90m[1mreimport[22m | grand-casing-plinth-v1-reserved.png[39m[0m
[  74% ] [90m[1mreimport[22m | grand-casing-registered-v1-fit.png[39m[0m
[  74% ] [90m[1mreimport[22m | grand-casing-registered-v1-reserved.png[39m[0m
[  74% ] [90m[1mreimport[22m | native-phase-0.png[39m[0m
[  74% ] [90m[1mreimport[22m | native-phase-6.png[39m[0m
[  74% ] [90m[1mreimport[22m | native-phase-7.png[39m[0m
[  74% ] [90m[1mreimport[22m | native-phase-8.png[39m[0m
[  74% ] [90m[1mreimport[22m | native-phase-9.png[39m[0m
[  75% ] [90m[1mreimport[22m | native-phase-10.png[39m[0m
[  75% ] [90m[1mreimport[22m | native-phase-11.png[39m[0m
[  75% ] [90m[1mreimport[22m | native-plinth-202.png[39m[0m
[  75% ] [90m[1mreimport[22m | native-plinth-203.png[39m[0m
[  75% ] [90m[1mreimport[22m | native-plinth-204.png[39m[0m
[  75% ] [90m[1mreimport[22m | plinth-000202.png[39m[0m
[  75% ] [90m[1mreimport[22m | plinth-000203.png[39m[0m
[  75% ] [90m[1mreimport[22m | plinth-000204.png[39m[0m
[  75% ] [90m[1mreimport[22m | review-page.png[39m[0m
[  75% ] [90m[1mreimport[22m | right-plinth-000012-unused-points.png[39m[0m
[  75% ] [90m[1mreimport[22m | right-plinth-000012.png[39m[0m
[  75% ] [90m[1mreimport[22m | right-plinth-000014-unused-points.png[39m[0m
[  75% ] [90m[1mreimport[22m | right-plinth-000014.png[39m[0m
[  75% ] [90m[1mreimport[22m | right-plinth-reserved.png[39m[0m
[  75% ] [90m[1mreimport[22m | shell-09-resized.png[39m[0m
[  75% ] [90m[1mreimport[22m | 000206-validation.jpg[39m[0m
[  75% ] [90m[1mreimport[22m | 000496-validation.jpg[39m[0m
[  75% ] [90m[1mreimport[22m | 000506-validation.jpg[39m[0m
[  75% ] [90m[1mreimport[22m | hall-wide-arch.png[39m[0m
[  75% ] [90m[1mreimport[22m | landing-lion-front.png[39m[0m
[  75% ] [90m[1mreimport[22m | landing-lion-oblique.png[39m[0m
[  75% ] [90m[1mreimport[22m | landing-lion-wide.png[39m[0m
[  75% ] [90m[1mreimport[22m | landing-modern-door.png[39m[0m
[  75% ] [90m[1mreimport[22m | landing-plaster-original.webp[39m[0m
[  75% ] [90m[1mreimport[22m | landing-plaster-style-main-hall.png[39m[0m
[  75% ] [90m[1mreimport[22m | landing-plaster-video-native.png[39m[0m
[  75% ] [90m[1mreimport[22m | landing-stair-void.png[39m[0m
[  75% ] [90m[1mreimport[22m | landing-walk.png[39m[0m
[  76% ] [90m[1mreimport[22m | lion-panel-official.png[39m[0m
[  76% ] [90m[1mreimport[22m | lion-panel-original.webp[39m[0m
[  76% ] [90m[1mreimport[22m | modern-entry-wide.png[39m[0m
[  76% ] [90m[1mreimport[22m | modern-walk.png[39m[0m
[  76% ] [90m[1mreimport[22m | modern-windows-wide.png[39m[0m
[  76% ] [90m[1mreimport[22m | striding-lion-zoom-0.jpg[39m[0m
[  76% ] [90m[1mreimport[22m | v46-modern-entry-wide.png[39m[0m
[  76% ] [90m[1mreimport[22m | v47b-lion-floating-before-fix.png[39m[0m
[  76% ] [90m[1mreimport[22m | wide-36.25-source.jpg[39m[0m
[  76% ] [90m[1mreimport[22m | wide-42.25-source.jpg[39m[0m
[  76% ] [90m[1mreimport[22m | wide-80.25-source.jpg[39m[0m
[  76% ] [90m[1mreimport[22m | medieval-grille-metal.png[39m[0m
[  76% ] [90m[1mreimport[22m | medieval-grille-oblique.png[39m[0m
[  76% ] [90m[1mreimport[22m | medieval-grille-original.webp[39m[0m
[  76% ] [90m[1mreimport[22m | medieval-grille-rectified-study.png[39m[0m
[  76% ] [90m[1mreimport[22m | medieval-portal-wall-wide.png[39m[0m
[  76% ] [90m[1mreimport[22m | medieval-walk.png[39m[0m
[  76% ] [90m[1mreimport[22m | medieval-wide.png[39m[0m
[  76% ] [90m[1mreimport[22m | renaissance-walk.png[39m[0m
[  76% ] [90m[1mreimport[22m | renaissance-wide.png[39m[0m
[  76% ] [90m[1mreimport[22m | v42-grille-88.75-review.jpg[39m[0m
[  76% ] [90m[1mreimport[22m | v43-portal-wall-wide.png[39m[0m
[  76% ] [90m[1mreimport[22m | v44-thin-medieval-grille-front.png[39m[0m
[  76% ] [90m[1mreimport[22m | v44-thin-medieval-grille-oblique.png[39m[0m
[  76% ] [90m[1mreimport[22m | v44-thin-medieval-portal-wall-wide.png[39m[0m
[  76% ] [90m[1mreimport[22m | v44-thin-medieval-wide.png[39m[0m
[  76% ] [90m[1mreimport[22m | official-zoom.jpg[39m[0m
[  77% ] [90m[1mreimport[22m | browser-forward.png[39m[0m
[  77% ] [90m[1mreimport[22m | browser-jamb.png[39m[0m
[  77% ] [90m[1mreimport[22m | browser-return-jamb.png[39m[0m
[  77% ] [90m[1mreimport[22m | browser-reverse.png[39m[0m
[  77% ] [90m[1mreimport[22m | fauconnier-mountaineers-zoom-0.jpg[39m[0m
[  77% ] [90m[1mreimport[22m | hall-source-camera.png[39m[0m
[  77% ] [90m[1mreimport[22m | hall-wide-arch.png[39m[0m
[  77% ] [90m[1mreimport[22m | loop-overview.png[39m[0m
[  77% ] [90m[1mreimport[22m | magdalene-frame-guide-v2.png[39m[0m
[  77% ] [90m[1mreimport[22m | magdalene-frame-original.webp[39m[0m
[  77% ] [90m[1mreimport[22m | magdalene-frame-v2b-original.webp[39m[0m
[  77% ] [90m[1mreimport[22m | medieval-fit-85.75.png[39m[0m
[  77% ] [90m[1mreimport[22m | medieval-fit-86.75.png[39m[0m
[  77% ] [90m[1mreimport[22m | medieval-fit-87.25.png[39m[0m
[  77% ] [90m[1mreimport[22m | medieval-north-panel-wide.png[39m[0m
[  77% ] [90m[1mreimport[22m | medieval-panel-bartolo.png[39m[0m
[  77% ] [90m[1mreimport[22m | medieval-panel-peter.png[39m[0m
[  77% ] [90m[1mreimport[22m | medieval-panel-virgin.png[39m[0m
[  77% ] [90m[1mreimport[22m | medieval-portal-wall-wide.png[39m[0m
[  77% ] [90m[1mreimport[22m | memmi-magdalene-zoom-0.jpg[39m[0m
[  77% ] [90m[1mreimport[22m | panel-66.75.png[39m[0m
[  77% ] [90m[1mreimport[22m | panel-70.25.png[39m[0m
[  77% ] [90m[1mreimport[22m | panel-72.75.png[39m[0m
[  77% ] [90m[1mreimport[22m | panel-75.25.png[39m[0m
[  77% ] [90m[1mreimport[22m | panel-85.75.png[39m[0m
[  77% ] [90m[1mreimport[22m | panel-86.75.png[39m[0m
[  77% ] [90m[1mreimport[22m | browser-forward.png[39m[0m
[  77% ] [90m[1mreimport[22m | browser-jamb.png[39m[0m
[  78% ] [90m[1mreimport[22m | browser-reverse.png[39m[0m
[  78% ] [90m[1mreimport[22m | medieval-cases-east.png[39m[0m
[  78% ] [90m[1mreimport[22m | medieval-cases-portal.png[39m[0m
[  78% ] [90m[1mreimport[22m | medieval-wide-before.png[39m[0m
[  78% ] [90m[1mreimport[22m | medieval-wide.png[39m[0m
[  78% ] [90m[1mreimport[22m | phase-29.png[39m[0m
[  78% ] [90m[1mreimport[22m | phase-30.png[39m[0m
[  78% ] [90m[1mreimport[22m | phase-31.png[39m[0m
[  78% ] [90m[1mreimport[22m | phase-32.png[39m[0m
[  78% ] [90m[1mreimport[22m | source-78.25.png[39m[0m
[  78% ] [90m[1mreimport[22m | source-88.75.png[39m[0m
[  78% ] [90m[1mreimport[22m | source-96.25.png[39m[0m
[  78% ] [90m[1mreimport[22m | source-grey-hall-105.25.png[39m[0m
[  78% ] [90m[1mreimport[22m | source-grey-hall-106.75.png[39m[0m
[  78% ] [90m[1mreimport[22m | bake-indirect-progress.png[39m[0m
[  78% ] [90m[1mreimport[22m | bartolo-madonna-zoom-0.jpg[39m[0m
[  78% ] [90m[1mreimport[22m | dark-medieval-north-panel-wide.png[39m[0m
[  78% ] [90m[1mreimport[22m | dark-medieval-panel-bartolo.png[39m[0m
[  78% ] [90m[1mreimport[22m | dark-medieval-panel-peter.png[39m[0m
[  78% ] [90m[1mreimport[22m | dark-medieval-panel-virgin.png[39m[0m
[  78% ] [90m[1mreimport[22m | ionic-capital-front-before-trim-fix.png[39m[0m
[  78% ] [90m[1mreimport[22m | ionic-capital-front.png[39m[0m
[  78% ] [90m[1mreimport[22m | ionic-capital-oblique-before-trim-fix.png[39m[0m
[  78% ] [90m[1mreimport[22m | ionic-capital-oblique.png[39m[0m
[  78% ] [90m[1mreimport[22m | layout.svg[39m[0m
[  78% ] [90m[1mreimport[22m | medieval-wide.png[39m[0m
[  78% ] [90m[1mreimport[22m | mirror-detail.png[39m[0m
[  79% ] [90m[1mreimport[22m | phase-0.png[39m[0m
[  79% ] [90m[1mreimport[22m | phase-1.png[39m[0m
[  79% ] [90m[1mreimport[22m | phase-2.png[39m[0m
[  79% ] [90m[1mreimport[22m | phase-3.png[39m[0m
[  79% ] [90m[1mreimport[22m | phase-4.png[39m[0m
[  79% ] [90m[1mreimport[22m | phase-5.png[39m[0m
[  79% ] [90m[1mreimport[22m | phase-6.png[39m[0m
[  79% ] [90m[1mreimport[22m | phase-7.png[39m[0m
[  79% ] [90m[1mreimport[22m | phase-8.png[39m[0m
[  79% ] [90m[1mreimport[22m | phase-9.png[39m[0m
[  79% ] [90m[1mreimport[22m | phase-10.png[39m[0m
[  79% ] [90m[1mreimport[22m | phase-11.png[39m[0m
[  79% ] [90m[1mreimport[22m | phase-12.png[39m[0m
[  79% ] [90m[1mreimport[22m | phase-13.png[39m[0m
[  79% ] [90m[1mreimport[22m | browser-reverse.png[39m[0m
[  79% ] [90m[1mreimport[22m | bust-asset.png[39m[0m
[  79% ] [90m[1mreimport[22m | bust-detail.png[39m[0m
[  79% ] [90m[1mreimport[22m | bust-front-uv.png[39m[0m
[  79% ] [90m[1mreimport[22m | bust-rear-uv.png[39m[0m
[  79% ] [90m[1mreimport[22m | bust-side-uv.png[39m[0m
[  79% ] [90m[1mreimport[22m | corot-in-room.png[39m[0m
[  79% ] [90m[1mreimport[22m | courbet-in-room.png[39m[0m
[  79% ] [90m[1mreimport[22m | door-sconce-detail.png[39m[0m
[  79% ] [90m[1mreimport[22m | entrance-chair-detail.png[39m[0m
[  79% ] [90m[1mreimport[22m | fetti-in-room.png[39m[0m
[  79% ] [90m[1mreimport[22m | gallery-far-door.png[39m[0m
[  79% ] [90m[1mreimport[22m | gallery-piers.png[39m[0m
[  80% ] [90m[1mreimport[22m | gallery-wide.png[39m[0m
[  80% ] [90m[1mreimport[22m | gallery.png[39m[0m
[  80% ] [90m[1mreimport[22m | gold-service-asset.png[39m[0m
[  80% ] [90m[1mreimport[22m | gold-service-detail.png[39m[0m
[  80% ] [90m[1mreimport[22m | goltzius-in-room.png[39m[0m
[  80% ] [90m[1mreimport[22m | grey-door-corner.png[39m[0m
[  80% ] [90m[1mreimport[22m | grey-gallery-wide.png[39m[0m
[  80% ] [90m[1mreimport[22m | grey-purple-reverse.png[39m[0m
[  80% ] [90m[1mreimport[22m | grey-walk.png[39m[0m
[  80% ] [90m[1mreimport[22m | source-ionic-native.png[39m[0m
[  80% ] [90m[1mreimport[22m | tracery-angle.png[39m[0m
[  80% ] [90m[1mreimport[22m | tracery-front.png[39m[0m
[  80% ] [90m[1mreimport[22m | wallpaper-asset.png[39m[0m
[  80% ] [90m[1mreimport[22m | wide-gallery-entry.png[39m[0m
[  80% ] [90m[1mreimport[22m | wide-gold-pedestal.png[39m[0m
[  80% ] [90m[1mreimport[22m | wide-purple-entry.png[39m[0m
[  80% ] [90m[1mreimport[22m | wide-settee-portrait.png[39m[0m
[  80% ] [90m[1mreimport[22m | wide-source-camera.png[39m[0m
[  80% ] [90m[1mreimport[22m | browser-forward.png[39m[0m
[  80% ] [90m[1mreimport[22m | browser-reverse.png[39m[0m
[  80% ] [90m[1mreimport[22m | grille-10.50-source.jpg[39m[0m
[  80% ] [90m[1mreimport[22m | grille-10.75-source.jpg[39m[0m
[  80% ] [90m[1mreimport[22m | grille-11.00-source.jpg[39m[0m
[  80% ] [90m[1mreimport[22m | grille-11.25-source.jpg[39m[0m
[  80% ] [90m[1mreimport[22m | grille-12.000-source.jpg[39m[0m
[  80% ] [90m[1mreimport[22m | grille-12.375-source.jpg[39m[0m
[  80% ] [90m[1mreimport[22m | hall-wide-arch.png[39m[0m
[  80% ] [90m[1mreimport[22m | loop-overview.png[39m[0m
[  81% ] [90m[1mreimport[22m | medieval-frame-front.png[39m[0m
[  81% ] [90m[1mreimport[22m | medieval-grille-front.png[39m[0m
[  81% ] [90m[1mreimport[22m | phase-14.png[39m[0m
[  81% ] [90m[1mreimport[22m | phase-15.png[39m[0m
[  81% ] [90m[1mreimport[22m | phase-16.png[39m[0m
[  81% ] [90m[1mreimport[22m | phase-17.png[39m[0m
[  81% ] [90m[1mreimport[22m | phase-18.png[39m[0m
[  81% ] [90m[1mreimport[22m | phase-19.png[39m[0m
[  81% ] [90m[1mreimport[22m | phase-20.png[39m[0m
[  81% ] [90m[1mreimport[22m | phase-21.png[39m[0m
[  81% ] [90m[1mreimport[22m | phase-22.png[39m[0m
[  81% ] [90m[1mreimport[22m | phase-23.png[39m[0m
[  81% ] [90m[1mreimport[22m | phase-24.png[39m[0m
[  81% ] [90m[1mreimport[22m | phase-25.png[39m[0m
[  81% ] [90m[1mreimport[22m | phase-26.png[39m[0m
[  81% ] [90m[1mreimport[22m | pink-service-asset.png[39m[0m
[  81% ] [90m[1mreimport[22m | pink-service-detail.png[39m[0m
[  81% ] [90m[1mreimport[22m | portal-angle.png[39m[0m
[  81% ] [90m[1mreimport[22m | portal-front.png[39m[0m
[  81% ] [90m[1mreimport[22m | purple-grey-wide.png[39m[0m
[  81% ] [90m[1mreimport[22m | purple-wall-detail.png[39m[0m
[  81% ] [90m[1mreimport[22m | renaissance-wide.png[39m[0m
[  81% ] [90m[1mreimport[22m | room.png[39m[0m
[  81% ] [90m[1mreimport[22m | settee-detail.png[39m[0m
[  81% ] [90m[1mreimport[22m | tracery-front.png[39m[0m
[  81% ] [90m[1mreimport[22m | wallpaper-asset.png[39m[0m
[  81% ] [90m[1mreimport[22m | wide-gallery-entry.png[39m[0m
[  82% ] [90m[1mreimport[22m | wide-purple-entry.png[39m[0m
[  82% ] [90m[1mreimport[22m | wide-source-camera.png[39m[0m
[  82% ] [90m[1mreimport[22m | apostle-41045-original.webp[39m[0m
[  82% ] [90m[1mreimport[22m | apostle-41045-zoom-0.jpg[39m[0m
[  82% ] [90m[1mreimport[22m | apostle-41045-zoom-1.jpg[39m[0m
[  82% ] [90m[1mreimport[22m | apostle-41045-zoom-2.jpg[39m[0m
[  82% ] [90m[1mreimport[22m | apostle-41046-original.webp[39m[0m
[  82% ] [90m[1mreimport[22m | apostle-41046-zoom-0.jpg[39m[0m
[  82% ] [90m[1mreimport[22m | apostle-41046-zoom-1.jpg[39m[0m
[  82% ] [90m[1mreimport[22m | apostle-41046-zoom-2.jpg[39m[0m
[  82% ] [90m[1mreimport[22m | browser-forward.png[39m[0m
[  82% ] [90m[1mreimport[22m | browser-reverse.png[39m[0m
[  82% ] [90m[1mreimport[22m | collection-v45-apostle-side-study.jpg[39m[0m
[  82% ] [90m[1mreimport[22m | collection-v45-IMG_6382-east-wide.jpg[39m[0m
[  82% ] [90m[1mreimport[22m | collection-v45-IMG_6387-east-wide.jpg[39m[0m
[  82% ] [90m[1mreimport[22m | collection-v45-modern-wide.jpg[39m[0m
[  82% ] [90m[1mreimport[22m | hall-wide-arch.png[39m[0m
[  82% ] [90m[1mreimport[22m | loop-overview.png[39m[0m
[  82% ] [90m[1mreimport[22m | phase-10.png[39m[0m
[  82% ] [90m[1mreimport[22m | phase-11.png[39m[0m
[  82% ] [90m[1mreimport[22m | phase-12.png[39m[0m
[  82% ] [90m[1mreimport[22m | phase-13.png[39m[0m
[  82% ] [90m[1mreimport[22m | phase-14.png[39m[0m
[  82% ] [90m[1mreimport[22m | phase-15.png[39m[0m
[  82% ] [90m[1mreimport[22m | phase-16.png[39m[0m
[  82% ] [90m[1mreimport[22m | phase-17.png[39m[0m
[  82% ] [90m[1mreimport[22m | pink-service-asset.png[39m[0m
[  82% ] [90m[1mreimport[22m | pink-service-detail.png[39m[0m
[  83% ] [90m[1mreimport[22m | portal-angle.png[39m[0m
[  83% ] [90m[1mreimport[22m | portal-front.png[39m[0m
[  83% ] [90m[1mreimport[22m | renaissance-wide.png[39m[0m
[  83% ] [90m[1mreimport[22m | room.png[39m[0m
[  83% ] [90m[1mreimport[22m | settee-detail.png[39m[0m
[  83% ] [90m[1mreimport[22m | shell-01-launch.png[39m[0m
[  83% ] [90m[1mreimport[22m | shell-09-resized.png[39m[0m
[  83% ] [90m[1mreimport[22m | source-goltzius-18.25.png[39m[0m
[  83% ] [90m[1mreimport[22m | source-goltzius-19.25.png[39m[0m
[  83% ] [90m[1mreimport[22m | source-portal-native.png[39m[0m
[  83% ] [90m[1mreimport[22m | source-tracery-native.png[39m[0m
[  83% ] [90m[1mreimport[22m | tracery-angle.png[39m[0m
[  83% ] [90m[1mreimport[22m | villon-head-video.jpg[39m[0m
[  83% ] [90m[1mreimport[22m | browser-forward.png[39m[0m
[  83% ] [90m[1mreimport[22m | browser-jamb.png[39m[0m
[  83% ] [90m[1mreimport[22m | browser-return-jamb.png[39m[0m
[  83% ] [90m[1mreimport[22m | browser-reverse.png[39m[0m
[  83% ] [90m[1mreimport[22m | architecture-asset.png[39m[0m
[  83% ] [90m[1mreimport[22m | bookcase-asset.png[39m[0m
[  83% ] [90m[1mreimport[22m | bookcase-detail.png[39m[0m
[  83% ] [90m[1mreimport[22m | bookcase-oblique.png[39m[0m
[  83% ] [90m[1mreimport[22m | bust-asset.png[39m[0m
[  83% ] [90m[1mreimport[22m | bust-detail.png[39m[0m
[  83% ] [90m[1mreimport[22m | bust-front-uv.png[39m[0m
[  83% ] [90m[1mreimport[22m | bust-rear-uv.png[39m[0m
[  83% ] [90m[1mreimport[22m | bust-side-uv.png[39m[0m
[  83% ] [90m[1mreimport[22m | door-sconce-detail.png[39m[0m
[  84% ] [90m[1mreimport[22m | entrance-chair-detail.png[39m[0m
[  84% ] [90m[1mreimport[22m | fetti-frame-angle.png[39m[0m
[  84% ] [90m[1mreimport[22m | fetti-frame-detail.png[39m[0m
[  84% ] [90m[1mreimport[22m | fetti-frame-walking.png[39m[0m
[  84% ] [90m[1mreimport[22m | gallery.png[39m[0m
[  84% ] [90m[1mreimport[22m | gold-service-asset.png[39m[0m
[  84% ] [90m[1mreimport[22m | medieval-apostle-left.png[39m[0m
[  84% ] [90m[1mreimport[22m | medieval-apostle-right.png[39m[0m
[  84% ] [90m[1mreimport[22m | medieval-portal-wall-wide.png[39m[0m
[  84% ] [90m[1mreimport[22m | medieval-stair-door-detail.png[39m[0m
[  84% ] [90m[1mreimport[22m | medieval-stair-wall-wide.png[39m[0m
[  84% ] [90m[1mreimport[22m | medieval-walk.png[39m[0m
[  84% ] [90m[1mreimport[22m | medieval-wide.png[39m[0m
[  84% ] [90m[1mreimport[22m | renaissance-wide.png[39m[0m
[  84% ] [90m[1mreimport[22m | stair-15.75-source.jpg[39m[0m
[  84% ] [90m[1mreimport[22m | stair-16.75-source.jpg[39m[0m
[  84% ] [90m[1mreimport[22m | stair-17.25-source.jpg[39m[0m
[  84% ] [90m[1mreimport[22m | stair-18.25-source.jpg[39m[0m
[  84% ] [90m[1mreimport[22m | stair-20.75-source.jpg[39m[0m
[  84% ] [90m[1mreimport[22m | stair-24.75-source.jpg[39m[0m
[  84% ] [90m[1mreimport[22m | stair-26.25-source.jpg[39m[0m
[  84% ] [90m[1mreimport[22m | stair-27.25-source.jpg[39m[0m
[  84% ] [90m[1mreimport[22m | stair-77.75-source.jpg[39m[0m
[  84% ] [90m[1mreimport[22m | stair-78.75-source.jpg[39m[0m
[  84% ] [90m[1mreimport[22m | stair-82.75-source.jpg[39m[0m
[  84% ] [90m[1mreimport[22m | v44-medieval-wide.png[39m[0m
[  84% ] [90m[1mreimport[22m | v45-stretched-sides-unbaked.png[39m[0m
[  85% ] [90m[1mreimport[22m | villon-head-official.jpg[39m[0m
[  85% ] [90m[1mreimport[22m | room.png[39m[0m
[  85% ] [90m[1mreimport[22m | bookcase-detail.png[39m[0m
[  85% ] [90m[1mreimport[22m | bookcase-oblique.png[39m[0m
[  85% ] [90m[1mreimport[22m | browser-forward.png[39m[0m
[  85% ] [90m[1mreimport[22m | browser-jamb.png[39m[0m
[  85% ] [90m[1mreimport[22m | browser-return-jamb.png[39m[0m
[  85% ] [90m[1mreimport[22m | browser-reverse.png[39m[0m
[  85% ] [90m[1mreimport[22m | entrance-chair-detail.png[39m[0m
[  85% ] [90m[1mreimport[22m | gallery.png[39m[0m
[  85% ] [90m[1mreimport[22m | mirror-detail.png[39m[0m
[  85% ] [90m[1mreimport[22m | phase-0.png[39m[0m
[  85% ] [90m[1mreimport[22m | phase-1.png[39m[0m
[  85% ] [90m[1mreimport[22m | phase-2.png[39m[0m
[  85% ] [90m[1mreimport[22m | phase-3.png[39m[0m
[  85% ] [90m[1mreimport[22m | phase-4.png[39m[0m
[  85% ] [90m[1mreimport[22m | phase-5.png[39m[0m
[  85% ] [90m[1mreimport[22m | phase-6.png[39m[0m
[  85% ] [90m[1mreimport[22m | phase-7.png[39m[0m
[  85% ] [90m[1mreimport[22m | phase-8.png[39m[0m
[  85% ] [90m[1mreimport[22m | room.png[39m[0m
[  85% ] [90m[1mreimport[22m | settee-detail.png[39m[0m
[  85% ] [90m[1mreimport[22m | portal-front.png[39m[0m
[  85% ] [90m[1mreimport[22m | taking-peter-zoom-0.jpg[39m[0m
[  85% ] [90m[1mreimport[22m | virgin-annunciation-zoom-0.jpg[39m[0m
[  85% ] [90m[1mreimport[22m | hall-wide-arch.png[39m[0m
[  85% ] [90m[1mreimport[22m | landing-lion-wide.png[39m[0m
[  85% ] [90m[1mreimport[22m | modern-entry-wide.png[39m[0m
[  86% ] [90m[1mreimport[22m | modern-large-front.png[39m[0m
[  86% ] [90m[1mreimport[22m | modern-villon.png[39m[0m
[  86% ] [90m[1mreimport[22m | bookcase-detail.png[39m[0m
[  86% ] [90m[1mreimport[22m | bookcase-oblique.png[39m[0m
[  86% ] [90m[1mreimport[22m | browser-forward.png[39m[0m
[  86% ] [90m[1mreimport[22m | browser-jamb.png[39m[0m
[  86% ] [90m[1mreimport[22m | browser-return-jamb.png[39m[0m
[  86% ] [90m[1mreimport[22m | browser-reverse.png[39m[0m
[  86% ] [90m[1mreimport[22m | gallery.png[39m[0m
[  86% ] [90m[1mreimport[22m | mirror-detail.png[39m[0m
[  86% ] [90m[1mreimport[22m | phase-0.png[39m[0m
[  86% ] [90m[1mreimport[22m | phase-1.png[39m[0m
[  86% ] [90m[1mreimport[22m | phase-2.png[39m[0m
[  86% ] [90m[1mreimport[22m | phase-3.png[39m[0m
[  86% ] [90m[1mreimport[22m | phase-4.png[39m[0m
[  86% ] [90m[1mreimport[22m | phase-5.png[39m[0m
[  86% ] [90m[1mreimport[22m | gallery.png[39m[0m
[  86% ] [90m[1mreimport[22m | gold-service-asset.png[39m[0m
[  86% ] [90m[1mreimport[22m | gold-service-detail.png[39m[0m
[  86% ] [90m[1mreimport[22m | goltzius-frame-angle.png[39m[0m
[  86% ] [90m[1mreimport[22m | goltzius-frame-detail.png[39m[0m
[  86% ] [90m[1mreimport[22m | goltzius-frame-walking.png[39m[0m
[  86% ] [90m[1mreimport[22m | goltzius-in-room.png[39m[0m
[  86% ] [90m[1mreimport[22m | layout-reviewed.png[39m[0m
[  86% ] [90m[1mreimport[22m | layout.svg[39m[0m
[  86% ] [90m[1mreimport[22m | medieval-wide.png[39m[0m
[  86% ] [90m[1mreimport[22m | mirror-detail.png[39m[0m
[  87% ] [90m[1mreimport[22m | phase-0.png[39m[0m
[  87% ] [90m[1mreimport[22m | phase-1.png[39m[0m
[  87% ] [90m[1mreimport[22m | phase-2.png[39m[0m
[  87% ] [90m[1mreimport[22m | phase-3.png[39m[0m
[  87% ] [90m[1mreimport[22m | phase-4.png[39m[0m
[  87% ] [90m[1mreimport[22m | phase-5.png[39m[0m
[  87% ] [90m[1mreimport[22m | phase-6.png[39m[0m
[  87% ] [90m[1mreimport[22m | phase-7.png[39m[0m
[  87% ] [90m[1mreimport[22m | phase-8.png[39m[0m
[  87% ] [90m[1mreimport[22m | phase-9.png[39m[0m
[  87% ] [90m[1mreimport[22m | shell-01-launch.png[39m[0m
[  87% ] [90m[1mreimport[22m | shell-07-collection.png[39m[0m
[  87% ] [90m[1mreimport[22m | tureen-detail.png[39m[0m
[  87% ] [90m[1mreimport[22m | architecture-asset.png[39m[0m
[  87% ] [90m[1mreimport[22m | bookcase-asset.png[39m[0m
[  87% ] [90m[1mreimport[22m | bookcase-detail.png[39m[0m
[  87% ] [90m[1mreimport[22m | bookcase-oblique.png[39m[0m
[  87% ] [90m[1mreimport[22m | browser-forward.png[39m[0m
[  87% ] [90m[1mreimport[22m | browser-jamb.png[39m[0m
[  87% ] [90m[1mreimport[22m | browser-return-jamb.png[39m[0m
[  87% ] [90m[1mreimport[22m | browser-reverse.png[39m[0m
[  87% ] [90m[1mreimport[22m | bust-asset.png[39m[0m
[  87% ] [90m[1mreimport[22m | bust-detail.png[39m[0m
[  87% ] [90m[1mreimport[22m | bust-front-uv.png[39m[0m
[  87% ] [90m[1mreimport[22m | bust-rear-uv.png[39m[0m
[  87% ] [90m[1mreimport[22m | bust-side-uv.png[39m[0m
[  87% ] [90m[1mreimport[22m | door-sconce-detail.png[39m[0m
[  87% ] [90m[1mreimport[22m | entrance-chair-detail.png[39m[0m
[  88% ] [90m[1mreimport[22m | fetti-in-room.png[39m[0m
[  88% ] [90m[1mreimport[22m | gallery-far-door.png[39m[0m
[  88% ] [90m[1mreimport[22m | gallery-piers.png[39m[0m
[  88% ] [90m[1mreimport[22m | gallery-wide.png[39m[0m
[  88% ] [90m[1mreimport[22m | browser-reverse.png[39m[0m
[  88% ] [90m[1mreimport[22m | collection-gold-case-wide-native.png[39m[0m
[  88% ] [90m[1mreimport[22m | collection-grey-corot-survey.png[39m[0m
[  88% ] [90m[1mreimport[22m | collection-grey-forest-survey.png[39m[0m
[  88% ] [90m[1mreimport[22m | collection-grey-sculpture-survey.png[39m[0m
[  88% ] [90m[1mreimport[22m | collection-purple-wall-wide-native.png[39m[0m
[  88% ] [90m[1mreimport[22m | collection-rockefeller-west-wide-native.png[39m[0m
[  88% ] [90m[1mreimport[22m | collection-stair-lion-wide-survey.png[39m[0m
[  88% ] [90m[1mreimport[22m | gallery.png[39m[0m
[  88% ] [90m[1mreimport[22m | official-auditorium.jpg[39m[0m
[  88% ] [90m[1mreimport[22m | official-floor5.png[39m[0m
[  88% ] [90m[1mreimport[22m | official-floor43.png[39m[0m
[  88% ] [90m[1mreimport[22m | purple-wall-detail.png[39m[0m
[  88% ] [90m[1mreimport[22m | room.png[39m[0m
[  88% ] [90m[1mreimport[22m | shell-01-launch.png[39m[0m
[  88% ] [90m[1mreimport[22m | shell-09-resized.png[39m[0m
[  88% ] [90m[1mreimport[22m | wide-gallery-entry.png[39m[0m
[  88% ] [90m[1mreimport[22m | wide-gold-pedestal.png[39m[0m
[  88% ] [90m[1mreimport[22m | wide-purple-entry.png[39m[0m
[  88% ] [90m[1mreimport[22m | wide-settee-portrait.png[39m[0m
[  88% ] [90m[1mreimport[22m | wide-source-camera.png[39m[0m
[  88% ] [90m[1mreimport[22m | wide-68.25-source.jpg[39m[0m
[  88% ] [90m[1mreimport[22m | wide-70.25-source.jpg[39m[0m
[  89% ] [90m[1mreimport[22m | wide-72.25-source.jpg[39m[0m
[  89% ] [90m[1mreimport[22m | wide-76.25-source.jpg[39m[0m
[  89% ] [90m[1mreimport[22m | wide-80.25-source.jpg[39m[0m
[  89% ] [90m[1mreimport[22m | wide-84.25-source.jpg[39m[0m
[  89% ] [90m[1mreimport[22m | browser-forward.png[39m[0m
[  89% ] [90m[1mreimport[22m | browser-jamb.png[39m[0m
[  89% ] [90m[1mreimport[22m | browser-reverse.png[39m[0m
[  89% ] [90m[1mreimport[22m | european-door-detail.png[39m[0m
[  89% ] [90m[1mreimport[22m | european-door-reverse.png[39m[0m
[  89% ] [90m[1mreimport[22m | gallery-far-door.png[39m[0m
[  89% ] [90m[1mreimport[22m | phase-11.png[39m[0m
[  89% ] [90m[1mreimport[22m | phase-12.png[39m[0m
[  89% ] [90m[1mreimport[22m | renaissance-wide.png[39m[0m
[  89% ] [90m[1mreimport[22m | shell-01-launch.png[39m[0m
[  89% ] [90m[1mreimport[22m | shell-09-resized.png[39m[0m
[  89% ] [90m[1mreimport[22m | source-leaf-102.75.png[39m[0m
[  89% ] [90m[1mreimport[22m | source-leaf-104.75.png[39m[0m
[  89% ] [90m[1mreimport[22m | browser-forward.png[39m[0m
[  89% ] [90m[1mreimport[22m | browser-jamb.png[39m[0m
[  89% ] [90m[1mreimport[22m | browser-return-jamb.png[39m[0m
[  89% ] [90m[1mreimport[22m | bookcase-oblique.png[39m[0m
[  89% ] [90m[1mreimport[22m | browser-forward.png[39m[0m
[  89% ] [90m[1mreimport[22m | browser-jamb.png[39m[0m
[  89% ] [90m[1mreimport[22m | browser-return-jamb.png[39m[0m
[  89% ] [90m[1mreimport[22m | browser-reverse.png[39m[0m
[  89% ] [90m[1mreimport[22m | bust-asset.png[39m[0m
[  89% ] [90m[1mreimport[22m | bust-detail.png[39m[0m
[  90% ] [90m[1mreimport[22m | bust-front-uv.png[39m[0m
[  90% ] [90m[1mreimport[22m | bust-rear-uv.png[39m[0m
[  90% ] [90m[1mreimport[22m | bust-side-uv.png[39m[0m
[  90% ] [90m[1mreimport[22m | door-sconce-detail.png[39m[0m
[  90% ] [90m[1mreimport[22m | entrance-chair-detail.png[39m[0m
[  90% ] [90m[1mreimport[22m | fetti-in-room.png[39m[0m
[  90% ] [90m[1mreimport[22m | gallery-far-door.png[39m[0m
[  90% ] [90m[1mreimport[22m | gallery-piers.png[39m[0m
[  90% ] [90m[1mreimport[22m | gallery-wide.png[39m[0m
[  90% ] [90m[1mreimport[22m | gallery.png[39m[0m
[  90% ] [90m[1mreimport[22m | gold-service-asset.png[39m[0m
[  90% ] [90m[1mreimport[22m | gold-service-detail.png[39m[0m
[  90% ] [90m[1mreimport[22m | goltzius-frame-angle.png[39m[0m
[  90% ] [90m[1mreimport[22m | goltzius-frame-detail.png[39m[0m
[  90% ] [90m[1mreimport[22m | browser-forward.png[39m[0m
[  90% ] [90m[1mreimport[22m | browser-reverse.png[39m[0m
[  90% ] [90m[1mreimport[22m | grille-12.25-review.jpg[39m[0m
[  90% ] [90m[1mreimport[22m | grille-13.25-review.jpg[39m[0m
[  90% ] [90m[1mreimport[22m | grille-14.25-review.jpg[39m[0m
[  90% ] [90m[1mreimport[22m | grille-88.75-review.jpg[39m[0m
[  90% ] [90m[1mreimport[22m | hall-wide-arch.png[39m[0m
[  90% ] [90m[1mreimport[22m | loop-overview.png[39m[0m
[  90% ] [90m[1mreimport[22m | magdalene-frame-fitted.png[39m[0m
[  90% ] [90m[1mreimport[22m | magdalene-painting-original-crop.png[39m[0m
[  90% ] [90m[1mreimport[22m | medieval-frame-front.png[39m[0m
[  90% ] [90m[1mreimport[22m | medieval-frame-oblique.png[39m[0m
[  90% ] [90m[1mreimport[22m | medieval-grill-zoom-0.jpg[39m[0m
[  90% ] [90m[1mreimport[22m | medieval-north-panel-wide.png[39m[0m
[  91% ] [90m[1mreimport[22m | medieval-panel-magdalene.png[39m[0m
[  91% ] [90m[1mreimport[22m | medieval-portal-wall-wide.png[39m[0m
[  91% ] [90m[1mreimport[22m | unbaked-medieval-frame-oblique.png[39m[0m
[  91% ] [90m[1mreimport[22m | unbaked-medieval-north-panel-wide.png[39m[0m
[  91% ] [90m[1mreimport[22m | unbaked-medieval-panel-magdalene.png[39m[0m
[  91% ] [90m[1mreimport[22m | architecture-asset.png[39m[0m
[  91% ] [90m[1mreimport[22m | bookcase-asset.png[39m[0m
[  91% ] [90m[1mreimport[22m | bookcase-detail.png[39m[0m
[  91% ] [90m[1mreimport[22m | torpe-madonna-zoom-0.jpg[39m[0m
[  91% ] [90m[1mreimport[22m | tracery-front.png[39m[0m
[  91% ] [90m[1mreimport[22m | virgin-annunciation-zoom-0.jpg[39m[0m
[  91% ] [90m[1mreimport[22m | wide-gallery-entry.png[39m[0m
[  91% ] [90m[1mreimport[22m | wide-purple-entry.png[39m[0m
[  91% ] [90m[1mreimport[22m | wide-source-camera.png[39m[0m
[  91% ] [90m[1mreimport[22m | braque-frame-original.webp[39m[0m
[  91% ] [90m[1mreimport[22m | braque-frame-reference.png[39m[0m
[  91% ] [90m[1mreimport[22m | braque-still-life-official.jpg[39m[0m
[  91% ] [90m[1mreimport[22m | browser-forward.png[39m[0m
[  91% ] [90m[1mreimport[22m | browser-reverse.png[39m[0m
[  91% ] [90m[1mreimport[22m | cezanne-banks-river-official.jpg[39m[0m
[  91% ] [90m[1mreimport[22m | cezanne-frame-original.webp[39m[0m
[  91% ] [90m[1mreimport[22m | cezanne-frame-reference.png[39m[0m
[  91% ] [90m[1mreimport[22m | hall-wide-arch.png[39m[0m
[  91% ] [90m[1mreimport[22m | initial-review-offset-error.png[39m[0m
[  91% ] [90m[1mreimport[22m | landing-medieval-reverse.png[39m[0m
[  91% ] [90m[1mreimport[22m | landing-modern-door.png[39m[0m
[  91% ] [90m[1mreimport[22m | landing-stair-void.png[39m[0m
[  92% ] [90m[1mreimport[22m | landing-walk.png[39m[0m
[  92% ] [90m[1mreimport[22m | landing-white-door.png[39m[0m
[  92% ] [90m[1mreimport[22m | medieval-cases-east.png[39m[0m
[  92% ] [90m[1mreimport[22m | medieval-cases-portal.png[39m[0m
[  92% ] [90m[1mreimport[22m | medieval-pan-contact.jpg[39m[0m
[  92% ] [90m[1mreimport[22m | medieval-portal-wall-wide.png[39m[0m
[  92% ] [90m[1mreimport[22m | medieval-survey-112.jpg[39m[0m
[  92% ] [90m[1mreimport[22m | medieval-survey-122.jpg[39m[0m
[  92% ] [90m[1mreimport[22m | medieval-survey-136.jpg[39m[0m
[  92% ] [90m[1mreimport[22m | medieval-survey-141.jpg[39m[0m
[  92% ] [90m[1mreimport[22m | medieval-survey-146.jpg[39m[0m
[  92% ] [90m[1mreimport[22m | medieval-survey-152.jpg[39m[0m
[  92% ] [90m[1mreimport[22m | medieval-wide.png[39m[0m
[  92% ] [90m[1mreimport[22m | memmi-magdalene-zoom-0.jpg[39m[0m
[  92% ] [90m[1mreimport[22m | perugino-in-room.png[39m[0m
[  92% ] [90m[1mreimport[22m | portal-angle.png[39m[0m
[  92% ] [90m[1mreimport[22m | portal-front.png[39m[0m
[  92% ] [90m[1mreimport[22m | renaissance-wide.png[39m[0m
[  92% ] [90m[1mreimport[22m | risd-official-floor5-map.png[39m[0m
[  92% ] [90m[1mreimport[22m | room.png[39m[0m
[  92% ] [90m[1mreimport[22m | route-plan.svg[39m[0m
[  92% ] [90m[1mreimport[22m | source-hall-65.00.png[39m[0m
[  92% ] [90m[1mreimport[22m | source-hall-177.50.png[39m[0m
[  92% ] [90m[1mreimport[22m | taking-peter-zoom-0.jpg[39m[0m
[  92% ] [90m[1mreimport[22m | wide-12.25-source.jpg[39m[0m
[  92% ] [90m[1mreimport[22m | wide-14.25-source.jpg[39m[0m
[  92% ] [90m[1mreimport[22m | wide-16.25-source.jpg[39m[0m
[  92% ] [90m[1mreimport[22m | wide-36.25-source.jpg[39m[0m
[  93% ] [90m[1mreimport[22m | wide-38.25-source.jpg[39m[0m
[  93% ] [90m[1mreimport[22m | wide-40.25-source.jpg[39m[0m
[  93% ] [90m[1mreimport[22m | wide-42.25-source.jpg[39m[0m
[  93% ] [90m[1mreimport[22m | wide-44.25-source.jpg[39m[0m
[  93% ] [90m[1mreimport[22m | wide-46.25-source.jpg[39m[0m
[  93% ] [90m[1mreimport[22m | wide-48.25-source.jpg[39m[0m
[  93% ] [90m[1mreimport[22m | wide-50.25-source.jpg[39m[0m
[  93% ] [90m[1mreimport[22m | wide-51.25-source.jpg[39m[0m
[  93% ] [90m[1mreimport[22m | wide-52.25-source.jpg[39m[0m
[  93% ] [90m[1mreimport[22m | wide-53.25-source.jpg[39m[0m
[  93% ] [90m[1mreimport[22m | wide-54.25-source.jpg[39m[0m
[  93% ] [90m[1mreimport[22m | wide-56.25-source.jpg[39m[0m
[  93% ] [90m[1mreimport[22m | wide-58.25-source.jpg[39m[0m
[  93% ] [90m[1mreimport[22m | wide-60.25-source.jpg[39m[0m
[  93% ] [90m[1mreimport[22m | wide-62.25-source.jpg[39m[0m
[  93% ] [90m[1mreimport[22m | wide-64.25-source.jpg[39m[0m
[  93% ] [90m[1mreimport[22m | wide-66.25-source.jpg[39m[0m
[  93% ] [90m[1mreimport[22m | landing-wide.jpg[39m[0m
[  93% ] [90m[1mreimport[22m | loop-overview.png[39m[0m
[  93% ] [90m[1mreimport[22m | matisse-green-pumpkin-official.jpg[39m[0m
[  93% ] [90m[1mreimport[22m | medieval-stair-wall-wide.png[39m[0m
[  93% ] [90m[1mreimport[22m | modern-braque.png[39m[0m
[  93% ] [90m[1mreimport[22m | modern-cezanne.png[39m[0m
[  93% ] [90m[1mreimport[22m | modern-entry-wide.png[39m[0m
[  93% ] [90m[1mreimport[22m | modern-far-wall-sequence.jpg[39m[0m
[  93% ] [90m[1mreimport[22m | modern-pumpkin.png[39m[0m
[  93% ] [90m[1mreimport[22m | modern-villon.png[39m[0m
[  94% ] [90m[1mreimport[22m | modern-walk.png[39m[0m
[  94% ] [90m[1mreimport[22m | modern-wide.jpg[39m[0m
[  94% ] [90m[1mreimport[22m | modern-windows-wide.png[39m[0m
[  94% ] [90m[1mreimport[22m | native-review-contact-sheet.jpg[39m[0m
[  94% ] [90m[1mreimport[22m | seated-woman-duchamp-villon-official.jpg[39m[0m
[  94% ] [90m[1mreimport[22m | v45-capped-stair-door.png[39m[0m
[  94% ] [90m[1mreimport[22m | villon-head-woman-official.jpg[39m[0m
[  94% ] [90m[1mreimport[22m | wide-2.25-source.jpg[39m[0m
[  94% ] [90m[1mreimport[22m | wide-4.25-source.jpg[39m[0m
[  94% ] [90m[1mreimport[22m | wide-6.25-source.jpg[39m[0m
[  94% ] [90m[1mreimport[22m | wide-8.25-source.jpg[39m[0m
[  94% ] [90m[1mreimport[22m | wide-10.25-source.jpg[39m[0m
[  94% ] [90m[1mreimport[22m | tracery-angle.png[39m[0m
[  94% ] [90m[1mreimport[22m | tracery-front.png[39m[0m
[  94% ] [90m[1mreimport[22m | villeneuve-aqueduct-official.jpg[39m[0m
[  94% ] [90m[1mreimport[22m | wallpaper-asset.png[39m[0m
[  94% ] [90m[1mreimport[22m | wide-gallery-entry.png[39m[0m
[  94% ] [90m[1mreimport[22m | wide-gold-pedestal.png[39m[0m
[  94% ] [90m[1mreimport[22m | wide-purple-entry.png[39m[0m
[  94% ] [90m[1mreimport[22m | wide-settee-portrait.png[39m[0m
[  94% ] [90m[1mreimport[22m | wide-source-camera.png[39m[0m
[  94% ] [90m[1mreimport[22m | annotated-hall-177.50.png[39m[0m
[  94% ] [90m[1mreimport[22m | annotated-renaissance-63.75.png[39m[0m
[  94% ] [90m[1mreimport[22m | annotated-renaissance-64.75.png[39m[0m
[  94% ] [90m[1mreimport[22m | browser-forward.png[39m[0m
[  94% ] [90m[1mreimport[22m | browser-jamb.png[39m[0m
[  94% ] [90m[1mreimport[22m | browser-reverse.png[39m[0m
[  95% ] [90m[1mreimport[22m | european-door-reverse.png[39m[0m
[  95% ] [90m[1mreimport[22m | gallery-far-door.png[39m[0m
[  95% ] [90m[1mreimport[22m | painting-16.236.jpg[39m[0m
[  95% ] [90m[1mreimport[22m | perugino-frame.png[39m[0m
[  95% ] [90m[1mreimport[22m | perugino-in-room.png[39m[0m
[  95% ] [90m[1mreimport[22m | perugino-walking.png[39m[0m
[  95% ] [90m[1mreimport[22m | phase-20.png[39m[0m
[  95% ] [90m[1mreimport[22m | phase-21.png[39m[0m
[  95% ] [90m[1mreimport[22m | phase-22.png[39m[0m
[  95% ] [90m[1mreimport[22m | phase-23.png[39m[0m
[  95% ] [90m[1mreimport[22m | phase-24.png[39m[0m
[  95% ] [90m[1mreimport[22m | phase-25.png[39m[0m
[  95% ] [90m[1mreimport[22m | phase-26.png[39m[0m
[  95% ] [90m[1mreimport[22m | pink-service-asset.png[39m[0m
[  95% ] [90m[1mreimport[22m | pink-service-detail.png[39m[0m
[  95% ] [90m[1mreimport[22m | portal-angle.png[39m[0m
[  95% ] [90m[1mreimport[22m | portal-front.png[39m[0m
[  95% ] [90m[1mreimport[22m | purple-grey-wide.png[39m[0m
[  95% ] [90m[1mreimport[22m | purple-wall-detail.png[39m[0m
[  95% ] [90m[1mreimport[22m | renaissance-wide.png[39m[0m
[  95% ] [90m[1mreimport[22m | room.png[39m[0m
[  95% ] [90m[1mreimport[22m | settee-detail.png[39m[0m
[  95% ] [90m[1mreimport[22m | shell-01-launch.png[39m[0m
[  95% ] [90m[1mreimport[22m | shell-09-resized.png[39m[0m
[  95% ] [90m[1mreimport[22m | source-corot-frame-complete-native.png[39m[0m
[  95% ] [90m[1mreimport[22m | source-courbet-frame-native.png[39m[0m
[  95% ] [90m[1mreimport[22m | source-white-panel-door-native.png[39m[0m
[  95% ] [90m[1mreimport[22m | IMG_6380-detail-2.jpg[39m[0m
[  96% ] [90m[1mreimport[22m | IMG_6380-detail-3.jpg[39m[0m
[  96% ] [90m[1mreimport[22m | IMG_6384-detail-0.jpg[39m[0m
[  96% ] [90m[1mreimport[22m | IMG_6384-detail-1.jpg[39m[0m
[  96% ] [90m[1mreimport[22m | IMG_6384-detail-2.jpg[39m[0m
[  96% ] [90m[1mreimport[22m | IMG_6385-detail-0.jpg[39m[0m
[  96% ] [90m[1mreimport[22m | IMG_6386-detail-0.jpg[39m[0m
[  96% ] [90m[1mreimport[22m | IMG_6386-detail-1.jpg[39m[0m
[  96% ] [90m[1mreimport[22m | IMG_6386-detail-2.jpg[39m[0m
[  96% ] [90m[1mreimport[22m | source-bookcase.png[39m[0m
[  96% ] [90m[1mreimport[22m | source-door-sconces.png[39m[0m
[  96% ] [90m[1mreimport[22m | source-goldcase.png[39m[0m
[  96% ] [90m[1mreimport[22m | source-pinkcase.png[39m[0m
[  96% ] [90m[1mreimport[22m | source-textile.png[39m[0m
[  96% ] [90m[1mreimport[22m | architecture-asset.png[39m[0m
[  96% ] [90m[1mreimport[22m | bookcase-asset.png[39m[0m
[  96% ] [90m[1mreimport[22m | bookcase-detail.png[39m[0m
[  96% ] [90m[1mreimport[22m | bookcase-oblique.png[39m[0m
[  96% ] [90m[1mreimport[22m | browser-forward.png[39m[0m
[  96% ] [90m[1mreimport[22m | browser-jamb.png[39m[0m
[  96% ] [90m[1mreimport[22m | browser-return-jamb.png[39m[0m
[  96% ] [90m[1mreimport[22m | renaissance-before.png[39m[0m
[  96% ] [90m[1mreimport[22m | renaissance-door-corner.png[39m[0m
[  96% ] [90m[1mreimport[22m | renaissance-door-wall.png[39m[0m
[  96% ] [90m[1mreimport[22m | renaissance-first-render-too-dark.png[39m[0m
[  96% ] [90m[1mreimport[22m | renaissance-wide.png[39m[0m
[  96% ] [90m[1mreimport[22m | risd-official-floor5-map.png[39m[0m
[  96% ] [90m[1mreimport[22m | source-hall-22.50.png[39m[0m
[  97% ] [90m[1mreimport[22m | source-hall-65.00.png[39m[0m
[  97% ] [90m[1mreimport[22m | source-hall-177.50.png[39m[0m
[  97% ] [90m[1mreimport[22m | source-renaissance-35.75.png[39m[0m
[  97% ] [90m[1mreimport[22m | source-renaissance-63.75.png[39m[0m
[  97% ] [90m[1mreimport[22m | source-renaissance-64.75.png[39m[0m
[  97% ] [90m[1mreimport[22m | collection-muse-inventory-review.jpg[39m[0m
[  97% ] [90m[1mreimport[22m | collection-muse-rest.jpg[39m[0m
[  97% ] [90m[1mreimport[22m | collection-services-last.jpg[39m[0m
[  97% ] [90m[1mreimport[22m | collection-services-muse.jpg[39m[0m
[  97% ] [90m[1mreimport[22m | collection-services-review.jpg[39m[0m
[  97% ] [90m[1mreimport[22m | collection-services-sides.jpg[39m[0m
[  97% ] [90m[1mreimport[22m | collection-wall-route.jpg[39m[0m
[  97% ] [90m[1mreimport[22m | IMG_6380-detail-0.jpg[39m[0m
[  97% ] [90m[1mreimport[22m | IMG_6380-detail-1.jpg[39m[0m
[  97% ] [90m[1mreimport[22m | wide-gallery-entry.png[39m[0m
[  97% ] [90m[1mreimport[22m | wide-purple-entry.png[39m[0m
[  97% ] [90m[1mreimport[22m | wide-source-camera.png[39m[0m
[  97% ] [90m[1mreimport[22m | architecture-asset.png[39m[0m
[  97% ] [90m[1mreimport[22m | before-grey-camera-v29.png[39m[0m
[  97% ] [90m[1mreimport[22m | bookcase-asset.png[39m[0m
[  97% ] [90m[1mreimport[22m | bookcase-detail.png[39m[0m
[  97% ] [90m[1mreimport[22m | bookcase-oblique.png[39m[0m
[  97% ] [90m[1mreimport[22m | browser-forward.png[39m[0m
[  97% ] [90m[1mreimport[22m | browser-jamb.png[39m[0m
[  97% ] [90m[1mreimport[22m | browser-return-jamb.png[39m[0m
[  97% ] [90m[1mreimport[22m | browser-reverse.png[39m[0m
[  97% ] [90m[1mreimport[22m | bust-asset.png[39m[0m
[  97% ] [90m[1mreimport[22m | bust-detail.png[39m[0m
[  98% ] [90m[1mreimport[22m | bust-front-uv.png[39m[0m
[  98% ] [90m[1mreimport[22m | bust-rear-uv.png[39m[0m
[  98% ] [90m[1mreimport[22m | bust-side-uv.png[39m[0m
[  98% ] [90m[1mreimport[22m | collection-castle-native.png[39m[0m
[  98% ] [90m[1mreimport[22m | collection-coach-label-native.png[39m[0m
[  98% ] [90m[1mreimport[22m | collection-daubigny-native.png[39m[0m
[  98% ] [90m[1mreimport[22m | collection-waterfall-native.png[39m[0m
[  98% ] [90m[1mreimport[22m | goltzius-frame-walking.png[39m[0m
[  98% ] [90m[1mreimport[22m | mirror-detail.png[39m[0m
[  98% ] [90m[1mreimport[22m | phase-0.png[39m[0m
[  98% ] [90m[1mreimport[22m | phase-1.png[39m[0m
[  98% ] [90m[1mreimport[22m | phase-2.png[39m[0m
[  98% ] [90m[1mreimport[22m | phase-3.png[39m[0m
[  98% ] [90m[1mreimport[22m | phase-4.png[39m[0m
[  98% ] [90m[1mreimport[22m | phase-5.png[39m[0m
[  98% ] [90m[1mreimport[22m | phase-6.png[39m[0m
[  98% ] [90m[1mreimport[22m | phase-7.png[39m[0m
[  98% ] [90m[1mreimport[22m | phase-8.png[39m[0m
[  98% ] [90m[1mreimport[22m | phase-9.png[39m[0m
[  98% ] [90m[1mreimport[22m | phase-10.png[39m[0m
[  98% ] [90m[1mreimport[22m | pink-service-asset.png[39m[0m
[  98% ] [90m[1mreimport[22m | pink-service-detail.png[39m[0m
[  98% ] [90m[1mreimport[22m | room.png[39m[0m
[  98% ] [90m[1mreimport[22m | settee-detail.png[39m[0m
[  98% ] [90m[1mreimport[22m | source-crucifixion.png[39m[0m
[  98% ] [90m[1mreimport[22m | source-gagini.png[39m[0m
[  98% ] [90m[1mreimport[22m | source-goltzius.png[39m[0m
[  99% ] [90m[1mreimport[22m | source-previtali.png[39m[0m
[  99% ] [90m[1mreimport[22m | wallpaper-asset.png[39m[0m
[  99% ] [90m[1mreimport[22m | mirror-detail.png[39m[0m
[  99% ] [90m[1mreimport[22m | pannini-colosseum-official.jpg[39m[0m
[  99% ] [90m[1mreimport[22m | phase-0.png[39m[0m
[  99% ] [90m[1mreimport[22m | phase-1.png[39m[0m
[  99% ] [90m[1mreimport[22m | phase-2.png[39m[0m
[  99% ] [90m[1mreimport[22m | phase-3.png[39m[0m
[  99% ] [90m[1mreimport[22m | phase-4.png[39m[0m
[  99% ] [90m[1mreimport[22m | phase-5.png[39m[0m
[  99% ] [90m[1mreimport[22m | phase-6.png[39m[0m
[  99% ] [90m[1mreimport[22m | phase-7.png[39m[0m
[  99% ] [90m[1mreimport[22m | phase-8.png[39m[0m
[  99% ] [90m[1mreimport[22m | phase-9.png[39m[0m
[  99% ] [90m[1mreimport[22m | phase-10.png[39m[0m
[  99% ] [90m[1mreimport[22m | phase-11.png[39m[0m
[  99% ] [90m[1mreimport[22m | phase-12.png[39m[0m
[  99% ] [90m[1mreimport[22m | phase-13.png[39m[0m
[  99% ] [90m[1mreimport[22m | phase-14.png[39m[0m
[  99% ] [90m[1mreimport[22m | phase-15.png[39m[0m
[  99% ] [90m[1mreimport[22m | seated-woman.obj[39m[0m
[  99% ] [90m[1mreimport[22m | seated-woman-case.obj[39m[0m
[  99% ] [90m[1mreimport[22m | Rogue.source.glb[39m[0m
[   0% ] [90m[1mimport[22m | Started Import Scene (104 steps)[39m[0m
[   0% ] [90m[1mimport[22m | Importing Scene...[39m[0m
[   1% ] [90m[1mimport[22m | Running Custom Script...[39m[0m
[  99% ] [90m[1mimport[22m | Saving...[39m[0m
[92m[ DONE ][39m [1mimport[22m
[0m
[  99% ] [90m[1mreimport[22m | visitor.glb[39m[0m
[   0% ] [90m[1mimport[22m | Started Import Scene (104 steps)[39m[0m
[   0% ] [90m[1mimport[22m | Importing Scene...[39m[0m
[   1% ] [90m[1mimport[22m | Running Custom Script...[39m[0m
[  99% ] [90m[1mimport[22m | Saving...[39m[0m
[92m[ DONE ][39m [1mimport[22m
[0m
[  99% ] [90m[1mreimport[22m | visitor_identity.glb[39m[0m
[   0% ] [90m[1mimport[22m | Started Import Scene (104 steps)[39m[0m
[   0% ] [90m[1mimport[22m | Importing Scene...[39m[0m
[   1% ] [90m[1mimport[22m | Running Custom Script...[39m[0m
[  99% ] [90m[1mimport[22m | Saving...[39m[0m
[92m[ DONE ][39m [1mimport[22m
[0m
[  99% ] [90m[1mreimport[22m | proton-buddha-3124123123.glb[39m[0m
[   0% ] [90m[1mimport[22m | Started Import Scene (104 steps)[39m[0m
[   0% ] [90m[1mimport[22m | Importing Scene...[39m[0m
[   1% ] [90m[1mimport[22m | Running Custom Script...[39m[0m
[  99% ] [90m[1mimport[22m | Saving...[39m[0m
[92m[ DONE ][39m [1mimport[22m
[0m
[  99% ] [90m[1mreimport[22m | Finalizing Asset Import...[39m[0m
[92m[ DONE ][39m [1mreimport[22m
[0m
[   0% ] [90m[1mreimport[22m | Started (Re)Importing Assets (2739 steps)[39m[0m
[   0% ] [90m[1mreimport[22m | Executing post-reimport operations...[39m[0m
[92m[ DONE ][39m [1mreimport[22m
[0m
[   0% ] [90m[1mloading_editor_layout[22m | Started Loading editor (5 steps)[39m[0m
[   0% ] [90m[1mloading_editor_layout[22m | Loading editor layout...[39m[0m
[  16% ] [90m[1mloading_editor_layout[22m | Loading docks...[39m[0m
[92m[ DONE ][39m [1mloading_editor_layout[22m
[0m
