./prototype/mr-baby-paint-audio/main.gd:232: Error: Function "_group_for" has more than 6 return statements (max-returns)
./prototype/mr-baby-paint-audio/main.gd:62: Error: Max allowed line length (100) exceeded (max-line-length)
./prototype/mr-baby-paint-audio/main.gd:224: Error: Max allowed line length (100) exceeded (max-line-length)
./prototype/mr-baby-paint-audio/main.gd:228: Error: Max allowed line length (100) exceeded (max-line-length)
./prototype/mr-baby-paint-audio/main.gd:230: Error: Max allowed line length (100) exceeded (max-line-length)
./prototype/mr-baby-paint-audio/main.gd:259: Error: Max allowed line length (100) exceeded (max-line-length)
./modules/sketchbook/painting_flow.gd:69: Error: Max allowed line length (100) exceeded (max-line-length)
./modules/sketchbook/painting_flow.gd:87: Error: Max allowed line length (100) exceeded (max-line-length)
./modules/sketchbook/painting_flow.gd:139: Error: Max allowed line length (100) exceeded (max-line-length)
./modules/sketchbook/painting_flow.gd:143: Error: Max allowed line length (100) exceeded (max-line-length)
./modules/sketchbook/painting_flow.gd:157: Error: Max allowed line length (100) exceeded (max-line-length)
./modules/sketchbook/painting_flow.gd:164: Error: Max allowed line length (100) exceeded (max-line-length)
./modules/sketchbook/painting_flow.gd:168: Error: Max allowed line length (100) exceeded (max-line-length)
./modules/sketchbook/painting_flow.gd:172: Error: Max allowed line length (100) exceeded (max-line-length)
./modules/sketchbook/painting_flow.gd:184: Error: Max allowed line length (100) exceeded (max-line-length)
./modules/sketchbook/painting_flow.gd:186: Error: Max allowed line length (100) exceeded (max-line-length)
./modules/sketchbook/painting_flow.gd:212: Error: Max allowed line length (100) exceeded (max-line-length)
./modules/sketchbook/painting_flow.gd:239: Error: Max allowed line length (100) exceeded (max-line-length)
./modules/sketchbook/desktop.gd:4: Error: Max allowed line length (100) exceeded (max-line-length)
./modules/sketchbook/desktop.gd:8: Error: Max allowed line length (100) exceeded (max-line-length)
./modules/sketchbook/desktop.gd:25: Error: Max allowed line length (100) exceeded (max-line-length)
./modules/sketchbook/desktop.gd:26: Error: Max allowed line length (100) exceeded (max-line-length)
./modules/sketchbook/desktop.gd:27: Error: Max allowed line length (100) exceeded (max-line-length)
./modules/sketchbook/desktop.gd:30: Error: Max allowed line length (100) exceeded (max-line-length)
./modules/sketchbook/desktop.gd:36: Error: Max allowed line length (100) exceeded (max-line-length)
./modules/sketchbook/desktop.gd:37: Error: Max allowed line length (100) exceeded (max-line-length)
./modules/sketchbook/desktop.gd:41: Error: Max allowed line length (100) exceeded (max-line-length)
./modules/sketchbook/desktop.gd:179: Error: Max allowed line length (100) exceeded (max-line-length)
./modules/sketchbook/desktop.gd:188: Error: Max allowed line length (100) exceeded (max-line-length)
./modules/sketchbook/desktop.gd:203: Error: Max allowed line length (100) exceeded (max-line-length)
./modules/sketchbook/desktop.gd:204: Error: Max allowed line length (100) exceeded (max-line-length)
./modules/sketchbook/desktop.gd:221: Error: Max allowed line length (100) exceeded (max-line-length)
./modules/sketchbook/desktop.gd:271: Error: Max allowed line length (100) exceeded (max-line-length)
./modules/sketchbook/desktop.gd:283: Error: Max allowed line length (100) exceeded (max-line-length)
./modules/sketchbook/desktop.gd:305: Error: Max allowed line length (100) exceeded (max-line-length)
./modules/sketchbook/desktop.gd:323: Error: Max allowed line length (100) exceeded (max-line-length)
./modules/sketchbook/desktop.gd:346: Error: Max allowed line length (100) exceeded (max-line-length)
./modules/sketchbook/desktop.gd:358: Error: Max allowed line length (100) exceeded (max-line-length)
./modules/sketchbook/desktop.gd:373: Error: Max allowed line length (100) exceeded (max-line-length)
./modules/sketchbook/desktop.gd:388: Error: Max allowed line length (100) exceeded (max-line-length)
./modules/sketchbook/desktop.gd:395: Error: Max allowed line length (100) exceeded (max-line-length)
./modules/sketchbook/desktop.gd:397: Error: Max allowed line length (100) exceeded (max-line-length)
./modules/sketchbook/desktop.gd:422: Error: Max allowed line length (100) exceeded (max-line-length)
./modules/sketchbook/desktop.gd:444: Error: Max allowed line length (100) exceeded (max-line-length)
./modules/sketchbook/desktop.gd:455: Error: Max allowed line length (100) exceeded (max-line-length)
./modules/sketchbook/desktop.gd:456: Error: Max allowed line length (100) exceeded (max-line-length)
./modules/sketchbook/desktop.gd:459: Error: Max allowed line length (100) exceeded (max-line-length)
./modules/sketchbook/desktop.gd:460: Error: Max allowed line length (100) exceeded (max-line-length)
./modules/sketchbook/desktop.gd:466: Error: Max allowed line length (100) exceeded (max-line-length)
./modules/sketchbook/desktop.gd:467: Error: Max allowed line length (100) exceeded (max-line-length)
./modules/sketchbook/desktop.gd:469: Error: Max allowed line length (100) exceeded (max-line-length)
./modules/sketchbook/desktop.gd:473: Error: Max allowed line length (100) exceeded (max-line-length)
./modules/sketchbook/desktop.gd:474: Error: Max allowed line length (100) exceeded (max-line-length)
./modules/sketchbook/desktop.gd:481: Error: Max allowed line length (100) exceeded (max-line-length)
./modules/sketchbook/desktop.gd:482: Error: Max allowed line length (100) exceeded (max-line-length)
./modules/sketchbook/desktop.gd:535: Error: Max allowed line length (100) exceeded (max-line-length)
./modules/sketchbook/desktop.gd:54: Error: Definition out of order in global scope (class-definitions-order)
./modules/sketchbook/desktop.gd:55: Error: Definition out of order in global scope (class-definitions-order)
./modules/sketchbook/desktop.gd:56: Error: Definition out of order in global scope (class-definitions-order)
./modules/sketchbook/desktop.gd:57: Error: Definition out of order in global scope (class-definitions-order)
./modules/sketchbook/desktop.gd:58: Error: Definition out of order in global scope (class-definitions-order)
./modules/sketchbook/desktop.gd:59: Error: Definition out of order in global scope (class-definitions-order)
./modules/sketchbook/desktop.gd:60: Error: Definition out of order in global scope (class-definitions-order)
./modules/sketchbook/desktop.gd:61: Error: Definition out of order in global scope (class-definitions-order)
./modules/sketchbook/desktop.gd:62: Error: Definition out of order in global scope (class-definitions-order)
./modules/sketchbook/desktop.gd:63: Error: Definition out of order in global scope (class-definitions-order)
./modules/sketchbook/desktop.gd:64: Error: Definition out of order in global scope (class-definitions-order)
./modules/sketchbook/desktop.gd:65: Error: Definition out of order in global scope (class-definitions-order)
./modules/sketchbook/desktop.gd:66: Error: Definition out of order in global scope (class-definitions-order)
./modules/sketchbook/desktop.gd:67: Error: Definition out of order in global scope (class-definitions-order)
./modules/sketchbook/paintbox.gd:5: Error: Max allowed line length (100) exceeded (max-line-length)
./modules/sketchbook/paintbox.gd:6: Error: Max allowed line length (100) exceeded (max-line-length)
./modules/sketchbook/paintbox.gd:170: Error: Max allowed line length (100) exceeded (max-line-length)
./modules/sketchbook/paintbox.gd:197: Error: Max allowed line length (100) exceeded (max-line-length)
./modules/sketchbook/paintbox.gd:223: Error: Max allowed line length (100) exceeded (max-line-length)
./modules/sketchbook/paintbox.gd:225: Error: Max allowed line length (100) exceeded (max-line-length)
./modules/sketchbook/paintbox.gd:233: Error: Max allowed line length (100) exceeded (max-line-length)
./modules/sketchbook/paintbox.gd:237: Error: Max allowed line length (100) exceeded (max-line-length)
./modules/sketchbook/paintbox.gd:240: Error: Max allowed line length (100) exceeded (max-line-length)
./modules/sketchbook/paintbox.gd:252: Error: Max allowed line length (100) exceeded (max-line-length)
./modules/sketchbook/paintbox.gd:327: Error: Max allowed line length (100) exceeded (max-line-length)
./modules/sketchbook/paintbox.gd:335: Error: Max allowed line length (100) exceeded (max-line-length)
./modules/sketchbook/paintbox.gd:370: Error: Max allowed line length (100) exceeded (max-line-length)
./modules/sketchbook/paintbox.gd:383: Error: Max allowed line length (100) exceeded (max-line-length)
./modules/sketchbook/paintbox.gd:407: Error: Max allowed line length (100) exceeded (max-line-length)
./modules/sketchbook/paintbox.gd:412: Error: Max allowed line length (100) exceeded (max-line-length)
./modules/sketchbook/paintbox.gd:443: Error: Max allowed line length (100) exceeded (max-line-length)
./modules/sketchbook/paintbox.gd:68: Error: Definition out of order in global scope (class-definitions-order)
./modules/sketchbook/paintbox.gd:70: Error: Definition out of order in global scope (class-definitions-order)
./modules/sketchbook/paintbox.gd:71: Error: Definition out of order in global scope (class-definitions-order)
./modules/sketchbook/paintbox.gd:72: Error: Definition out of order in global scope (class-definitions-order)
./modules/sketchbook/paintbox.gd:73: Error: Definition out of order in global scope (class-definitions-order)
./modules/sketchbook/paintbox.gd:74: Error: Definition out of order in global scope (class-definitions-order)
./modules/sketchbook/paintbox.gd:75: Error: Definition out of order in global scope (class-definitions-order)
./modules/sketchbook/paintbox.gd:76: Error: Definition out of order in global scope (class-definitions-order)
./modules/sketchbook/sketchbook_window.gd:222: Error: Max allowed line length (100) exceeded (max-line-length)
./modules/sketchbook/sketchbook_window.gd:8: Error: Definition out of order in global scope (class-definitions-order)
./modules/sketchbook/interface.gd:4: Error: Max allowed line length (100) exceeded (max-line-length)
./modules/sketchbook/interface.gd:6: Error: Max allowed line length (100) exceeded (max-line-length)
./modules/sketchbook/interface.gd:9: Error: Max allowed line length (100) exceeded (max-line-length)
./modules/sketchbook/interface.gd:10: Error: Max allowed line length (100) exceeded (max-line-length)
./modules/sketchbook/interface.gd:11: Error: Max allowed line length (100) exceeded (max-line-length)
./modules/sketchbook/interface.gd:12: Error: Max allowed line length (100) exceeded (max-line-length)
./modules/sketchbook/interface.gd:14: Error: Max allowed line length (100) exceeded (max-line-length)
./modules/sketchbook/interface.gd:38: Error: Max allowed line length (100) exceeded (max-line-length)
./modules/sketchbook/interface.gd:39: Error: Max allowed line length (100) exceeded (max-line-length)
./modules/sketchbook/interface.gd:40: Error: Max allowed line length (100) exceeded (max-line-length)
./modules/sketchbook/interface.gd:41: Error: Max allowed line length (100) exceeded (max-line-length)
./modules/sketchbook/interface.gd:22: Error: Constant (load/preload) name "_Impl" is not valid (load-constant-name)
./modules/sketchbook/errors.gd:7: Error: Max allowed line length (100) exceeded (max-line-length)
./modules/sketchbook/mixbox/mixbox.gd:117: Error: Max allowed line length (100) exceeded (max-line-length)
./modules/sketchbook/mixbox/mixbox.gd:118: Error: Max allowed line length (100) exceeded (max-line-length)
./modules/sketchbook/mixbox/mixbox.gd:119: Error: Max allowed line length (100) exceeded (max-line-length)
./modules/sketchbook/mixbox/mixbox.gd:120: Error: Max allowed line length (100) exceeded (max-line-length)
./modules/sketchbook/mixbox/mixbox.gd:121: Error: Max allowed line length (100) exceeded (max-line-length)
./modules/sketchbook/mixbox/mixbox.gd:122: Error: Max allowed line length (100) exceeded (max-line-length)
./modules/sketchbook/mixbox/mixbox.gd:123: Error: Max allowed line length (100) exceeded (max-line-length)
./modules/sketchbook/mixbox/mixbox.gd:124: Error: Max allowed line length (100) exceeded (max-line-length)
./modules/sketchbook/mixbox/mixbox.gd:49: Error: Constant name "lut" is not valid (constant-name)
./modules/sketchbook/global_chatroom.gd:33: Error: Max allowed line length (100) exceeded (max-line-length)
./modules/sketchbook/global_chatroom.gd:125: Error: Max allowed line length (100) exceeded (max-line-length)
./modules/sketchbook/global_chatroom.gd:144: Error: Max allowed line length (100) exceeded (max-line-length)
./modules/sketchbook/global_chatroom.gd:190: Error: Max allowed line length (100) exceeded (max-line-length)
./modules/sketchbook/global_chatroom.gd:198: Error: Max allowed line length (100) exceeded (max-line-length)
./modules/sketchbook/global_chatroom.gd:204: Error: Max allowed line length (100) exceeded (max-line-length)
./modules/sketchbook/global_chatroom.gd:208: Error: Max allowed line length (100) exceeded (max-line-length)
./modules/sketchbook/global_chatroom.gd:240: Error: Max allowed line length (100) exceeded (max-line-length)
./modules/sketchbook/paper_turn.gd:8: Error: Max allowed line length (100) exceeded (max-line-length)
./modules/sketchbook/paper_turn.gd:9: Error: Max allowed line length (100) exceeded (max-line-length)
./modules/sketchbook/paper_turn.gd:63: Error: Max allowed line length (100) exceeded (max-line-length)
./modules/sketchbook/paper_turn.gd:90: Error: Max allowed line length (100) exceeded (max-line-length)
./modules/sketchbook/paper_turn.gd:91: Error: Max allowed line length (100) exceeded (max-line-length)
./modules/sketchbook/drawing_surface.gd:5: Error: Max allowed line length (100) exceeded (max-line-length)
./modules/sketchbook/drawing_surface.gd:6: Error: Max allowed line length (100) exceeded (max-line-length)
./modules/sketchbook/drawing_surface.gd:17: Error: Max allowed line length (100) exceeded (max-line-length)
./modules/sketchbook/drawing_surface.gd:182: Error: Max allowed line length (100) exceeded (max-line-length)
./modules/sketchbook/drawing_surface.gd:326: Error: Max allowed line length (100) exceeded (max-line-length)
./modules/sketchbook/drawing_surface.gd:378: Error: Max allowed line length (100) exceeded (max-line-length)
./modules/sketchbook/drawing_surface.gd:397: Error: Max allowed line length (100) exceeded (max-line-length)
./modules/sketchbook/drawing_surface.gd:10: Error: Definition out of order in global scope (class-definitions-order)
./modules/sketchbook/drawing_surface.gd:11: Error: Definition out of order in global scope (class-definitions-order)
./modules/sketchbook/drawing_surface.gd:44: Error: Definition out of order in global scope (class-definitions-order)
./modules/sketchbook/drawing_surface.gd:45: Error: Definition out of order in global scope (class-definitions-order)
./modules/sketchbook/drawing_surface.gd:46: Error: Definition out of order in global scope (class-definitions-order)
./modules/sketchbook/drawing_surface.gd:47: Error: Definition out of order in global scope (class-definitions-order)
./modules/sketchbook/playtest/tldraw_controls_check.gd:42: Error: Max allowed line length (100) exceeded (max-line-length)
./modules/sketchbook/playtest/tldraw_controls_check.gd:48: Error: Max allowed line length (100) exceeded (max-line-length)
./modules/sketchbook/playtest/anri_palette_check.gd:41: Error: Max allowed line length (100) exceeded (max-line-length)
./modules/sketchbook/playtest/anri_palette_check.gd:43: Error: Max allowed line length (100) exceeded (max-line-length)
./modules/sketchbook/playtest/anri_palette_check.gd:47: Error: Max allowed line length (100) exceeded (max-line-length)
./modules/sketchbook/playtest/anri_palette_check.gd:48: Error: Max allowed line length (100) exceeded (max-line-length)
./modules/sketchbook/playtest/anri_palette_check.gd:59: Error: Max allowed line length (100) exceeded (max-line-length)
./modules/sketchbook/playtest/anri_palette_check.gd:69: Error: Max allowed line length (100) exceeded (max-line-length)
./modules/sketchbook/playtest/anri_palette_check.gd:70: Error: Max allowed line length (100) exceeded (max-line-length)
./modules/sketchbook/playtest/harness.gd:40: Error: Max allowed line length (100) exceeded (max-line-length)
./modules/sketchbook/playtest/harness.gd:52: Error: Max allowed line length (100) exceeded (max-line-length)
./modules/sketchbook/playtest/harness.gd:53: Error: Max allowed line length (100) exceeded (max-line-length)
./modules/sketchbook/playtest/harness.gd:61: Error: Max allowed line length (100) exceeded (max-line-length)
./modules/sketchbook/playtest/harness.gd:70: Error: Max allowed line length (100) exceeded (max-line-length)
./modules/sketchbook/playtest/harness.gd:72: Error: Max allowed line length (100) exceeded (max-line-length)
./modules/sketchbook/playtest/harness.gd:73: Error: Max allowed line length (100) exceeded (max-line-length)
./modules/sketchbook/playtest/harness.gd:74: Error: Max allowed line length (100) exceeded (max-line-length)
./modules/sketchbook/playtest/harness.gd:76: Error: Max allowed line length (100) exceeded (max-line-length)
./modules/sketchbook/playtest/harness.gd:84: Error: Max allowed line length (100) exceeded (max-line-length)
./modules/sketchbook/playtest/harness.gd:86: Error: Max allowed line length (100) exceeded (max-line-length)
./modules/sketchbook/playtest/harness.gd:111: Error: Max allowed line length (100) exceeded (max-line-length)
./modules/sketchbook/playtest/harness.gd:123: Error: Max allowed line length (100) exceeded (max-line-length)
./modules/sketchbook/playtest/harness.gd:124: Error: Max allowed line length (100) exceeded (max-line-length)
./modules/sketchbook/playtest/harness.gd:129: Error: Max allowed line length (100) exceeded (max-line-length)
./modules/sketchbook/playtest/harness.gd:141: Error: Max allowed line length (100) exceeded (max-line-length)
./modules/sketchbook/playtest/harness.gd:164: Error: Max allowed line length (100) exceeded (max-line-length)
./modules/sketchbook/playtest/harness.gd:174: Error: Max allowed line length (100) exceeded (max-line-length)
./modules/sketchbook/freehand.gd:7: Error: Max allowed line length (100) exceeded (max-line-length)
./modules/sketchbook/freehand.gd:8: Error: Max allowed line length (100) exceeded (max-line-length)
./modules/sketchbook/freehand.gd:84: Error: Max allowed line length (100) exceeded (max-line-length)
./modules/sketchbook/freehand.gd:122: Error: Max allowed line length (100) exceeded (max-line-length)
./modules/sketchbook/freehand.gd:212: Error: Max allowed line length (100) exceeded (max-line-length)
./modules/sketchbook/freehand.gd:269: Error: Max allowed line length (100) exceeded (max-line-length)
./modules/sketchbook/freehand.gd:304: Error: Max allowed line length (100) exceeded (max-line-length)
./modules/sketchbook/freehand.gd:315: Error: Max allowed line length (100) exceeded (max-line-length)
./modules/sketchbook/freehand.gd:444: Error: Max allowed line length (100) exceeded (max-line-length)
./modules/sketchbook/tldraw_controls_prototype.gd:8: Error: Max allowed line length (100) exceeded (max-line-length)
./modules/sketchbook/tldraw_controls_prototype.gd:9: Error: Max allowed line length (100) exceeded (max-line-length)
./modules/sketchbook/tldraw_controls_prototype.gd:10: Error: Max allowed line length (100) exceeded (max-line-length)
./modules/sketchbook/tldraw_controls_prototype.gd:129: Error: Max allowed line length (100) exceeded (max-line-length)
./modules/collection_data/http_adapter.gd:13: Error: Max allowed line length (100) exceeded (max-line-length)
./modules/collection_data/http_adapter.gd:14: Error: Max allowed line length (100) exceeded (max-line-length)
./modules/collection_data/http_adapter.gd:17: Error: Max allowed line length (100) exceeded (max-line-length)
./modules/collection_data/http_adapter.gd:20: Error: Max allowed line length (100) exceeded (max-line-length)
./modules/collection_data/http_adapter.gd:25: Error: Max allowed line length (100) exceeded (max-line-length)
./modules/collection_data/http_adapter.gd:34: Error: Max allowed line length (100) exceeded (max-line-length)
./modules/collection_data/http_adapter.gd:39: Error: Max allowed line length (100) exceeded (max-line-length)
./modules/collection_data/http_adapter.gd:43: Error: Max allowed line length (100) exceeded (max-line-length)
./modules/collection_data/data.gd:17: Error: Max allowed line length (100) exceeded (max-line-length)
./modules/collection_data/data.gd:18: Error: Max allowed line length (100) exceeded (max-line-length)
./modules/collection_data/data.gd:21: Error: Max allowed line length (100) exceeded (max-line-length)
./modules/collection_data/data.gd:42: Error: Max allowed line length (100) exceeded (max-line-length)
./modules/collection_data/data.gd:44: Error: Max allowed line length (100) exceeded (max-line-length)
./modules/collection_data/data.gd:79: Error: Max allowed line length (100) exceeded (max-line-length)
./modules/collection_data/data.gd:87: Error: Max allowed line length (100) exceeded (max-line-length)
./modules/collection_data/data.gd:94: Error: Max allowed line length (100) exceeded (max-line-length)
./modules/collection_data/data.gd:98: Error: Max allowed line length (100) exceeded (max-line-length)
./modules/collection_data/data.gd:99: Error: Max allowed line length (100) exceeded (max-line-length)
./modules/collection_data/data.gd:102: Error: Max allowed line length (100) exceeded (max-line-length)
./modules/collection_data/data.gd:105: Error: Max allowed line length (100) exceeded (max-line-length)
./modules/collection_data/data.gd:151: Error: Max allowed line length (100) exceeded (max-line-length)
./modules/collection_data/data.gd:155: Error: Max allowed line length (100) exceeded (max-line-length)
./modules/collection_data/data.gd:167: Error: Max allowed line length (100) exceeded (max-line-length)
./modules/collection_data/data.gd:178: Error: Max allowed line length (100) exceeded (max-line-length)
./modules/collection_data/data.gd:181: Error: Max allowed line length (100) exceeded (max-line-length)
./modules/collection_data/data.gd:184: Error: Max allowed line length (100) exceeded (max-line-length)
./modules/collection_data/data.gd:191: Error: Max allowed line length (100) exceeded (max-line-length)
./modules/collection_data/data.gd:196: Error: Max allowed line length (100) exceeded (max-line-length)
./modules/collection_data/data.gd:200: Error: Max allowed line length (100) exceeded (max-line-length)
./modules/collection_data/data.gd:202: Error: Max allowed line length (100) exceeded (max-line-length)
./modules/collection_data/data.gd:208: Error: Max allowed line length (100) exceeded (max-line-length)
./modules/collection_data/data.gd:212: Error: Max allowed line length (100) exceeded (max-line-length)
./modules/collection_data/data.gd:216: Error: Max allowed line length (100) exceeded (max-line-length)
./modules/collection_data/data.gd:222: Error: Max allowed line length (100) exceeded (max-line-length)
./modules/collection_data/data.gd:224: Error: Max allowed line length (100) exceeded (max-line-length)
./modules/collection_data/storage_adapter.gd:18: Error: Max allowed line length (100) exceeded (max-line-length)
./modules/collection_data/storage_adapter.gd:31: Error: Max allowed line length (100) exceeded (max-line-length)
./modules/collection_data/storage_adapter.gd:38: Error: Max allowed line length (100) exceeded (max-line-length)
./modules/collection_data/storage_adapter.gd:40: Error: Max allowed line length (100) exceeded (max-line-length)
./modules/collection_data/storage_adapter.gd:41: Error: Max allowed line length (100) exceeded (max-line-length)
./modules/collection_data/storage_adapter.gd:42: Error: Max allowed line length (100) exceeded (max-line-length)
./modules/collection_data/storage_adapter.gd:46: Error: Max allowed line length (100) exceeded (max-line-length)
./modules/collection_data/storage_adapter.gd:47: Error: Max allowed line length (100) exceeded (max-line-length)
./modules/collection_data/storage_adapter.gd:50: Error: Max allowed line length (100) exceeded (max-line-length)
./modules/collection_data/storage_adapter.gd:57: Error: Max allowed line length (100) exceeded (max-line-length)
./modules/collection_data/storage_adapter.gd:60: Error: Max allowed line length (100) exceeded (max-line-length)
./modules/collection_data/storage_adapter.gd:62: Error: Max allowed line length (100) exceeded (max-line-length)
./modules/collection_data/storage_adapter.gd:76: Error: Max allowed line length (100) exceeded (max-line-length)
./modules/collection_data/storage_adapter.gd:77: Error: Max allowed line length (100) exceeded (max-line-length)
./modules/collection_data/storage_adapter.gd:82: Error: Max allowed line length (100) exceeded (max-line-length)
./modules/collection_data/storage_adapter.gd:96: Error: Max allowed line length (100) exceeded (max-line-length)
./modules/collection_data/storage_adapter.gd:99: Error: Max allowed line length (100) exceeded (max-line-length)
./modules/collection_data/storage_adapter.gd:101: Error: Max allowed line length (100) exceeded (max-line-length)
./modules/collection_data/storage_adapter.gd:105: Error: Max allowed line length (100) exceeded (max-line-length)
./modules/collection_data/storage_adapter.gd:110: Error: Max allowed line length (100) exceeded (max-line-length)
./modules/collection_data/storage_adapter.gd:112: Error: Max allowed line length (100) exceeded (max-line-length)
./modules/collection_data/storage_adapter.gd:113: Error: Max allowed line length (100) exceeded (max-line-length)
./modules/collection_data/storage_adapter.gd:114: Error: Max allowed line length (100) exceeded (max-line-length)
./modules/collection_data/storage_adapter.gd:152: Error: Max allowed line length (100) exceeded (max-line-length)
./modules/collection_data/storage_adapter.gd:157: Error: Max allowed line length (100) exceeded (max-line-length)
./modules/collection_data/storage_adapter.gd:171: Error: Max allowed line length (100) exceeded (max-line-length)
./modules/collection_data/playtest/probe.gd:45: Error: Max allowed line length (100) exceeded (max-line-length)
./modules/collection_data/playtest/probe.gd:74: Error: Max allowed line length (100) exceeded (max-line-length)
./modules/flowers_page/interface.gd:5: Error: Max allowed line length (100) exceeded (max-line-length)
./modules/flowers_page/interface.gd:21: Error: Constant (load/preload) name "_Impl" is not valid (load-constant-name)
./modules/flowers_page/errors.gd:5: Error: Max allowed line length (100) exceeded (max-line-length)
./modules/flowers_page/flowers_page.gd:5: Error: Max allowed line length (100) exceeded (max-line-length)
./modules/flowers_page/flowers_page.gd:50: Error: Max allowed line length (100) exceeded (max-line-length)
./modules/flowers_page/flowers_page.gd:63: Error: Max allowed line length (100) exceeded (max-line-length)
./modules/flowers_page/flowers_embed.gd:10: Error: Max allowed line length (100) exceeded (max-line-length)
./modules/flowers_page/flowers_embed.gd:24: Error: Max allowed line length (100) exceeded (max-line-length)
./modules/flowers_page/flowers_embed.gd:29: Error: Max allowed line length (100) exceeded (max-line-length)
./modules/flowers_page/flowers_embed.gd:44: Error: Max allowed line length (100) exceeded (max-line-length)
./modules/flowers_page/flowers_embed.gd:62: Error: Max allowed line length (100) exceeded (max-line-length)
./modules/flowers_page/flowers_embed.gd:63: Error: Max allowed line length (100) exceeded (max-line-length)
./modules/flowers_page/flowers_embed.gd:79: Error: Max allowed line length (100) exceeded (max-line-length)
./modules/flowers_page/flowers_embed.gd:101: Error: Max allowed line length (100) exceeded (max-line-length)
./modules/flowers_page/flowers_embed.gd:103: Error: Max allowed line length (100) exceeded (max-line-length)
./modules/flowers_page/flowers_embed.gd:107: Error: Max allowed line length (100) exceeded (max-line-length)
./modules/shell/crt_display.gd:30: Error: Max allowed line length (100) exceeded (max-line-length)
./modules/shell/crt_display.gd:33: Error: Max allowed line length (100) exceeded (max-line-length)
./modules/shell/crt_display.gd:68: Error: Max allowed line length (100) exceeded (max-line-length)
./modules/shell/crt_display.gd:92: Error: Max allowed line length (100) exceeded (max-line-length)
./modules/shell/crt_display.gd:149: Error: Max allowed line length (100) exceeded (max-line-length)
./modules/shell/crt_display.gd:163: Error: Max allowed line length (100) exceeded (max-line-length)
./modules/shell/crt_display.gd:165: Error: Max allowed line length (100) exceeded (max-line-length)
./modules/shell/crt_display.gd:167: Error: Max allowed line length (100) exceeded (max-line-length)
./modules/shell/crt_display.gd:168: Error: Max allowed line length (100) exceeded (max-line-length)
./modules/shell/crt_display.gd:169: Error: Max allowed line length (100) exceeded (max-line-length)
./modules/shell/crt_display.gd:200: Error: Max allowed line length (100) exceeded (max-line-length)
./modules/shell/crt_display.gd:201: Error: Max allowed line length (100) exceeded (max-line-length)
./modules/shell/crt_display.gd:202: Error: Max allowed line length (100) exceeded (max-line-length)
./modules/shell/crt_display.gd:203: Error: Max allowed line length (100) exceeded (max-line-length)
./modules/shell/crt_display.gd:12: Error: Definition out of order in global scope (class-definitions-order)
./modules/shell/crt_display.gd:13: Error: Definition out of order in global scope (class-definitions-order)
./modules/shell/crt_display.gd:14: Error: Definition out of order in global scope (class-definitions-order)
./modules/shell/crt_display.gd:15: Error: Definition out of order in global scope (class-definitions-order)
./modules/shell/crt_display.gd:16: Error: Definition out of order in global scope (class-definitions-order)
./modules/shell/prototype/gallery_walk4/owner_repair_check.gd:38: Error: Max allowed line length (100) exceeded (max-line-length)
./modules/shell/prototype/gallery_walk4/owner_repair_check.gd:39: Error: Max allowed line length (100) exceeded (max-line-length)
./modules/shell/prototype/gallery_walk4/owner_repair_check.gd:43: Error: Max allowed line length (100) exceeded (max-line-length)
./modules/shell/prototype/gallery_walk4/owner_repair_check.gd:78: Error: Max allowed line length (100) exceeded (max-line-length)
./modules/shell/prototype/gallery_walk4/cornice_check.gd:6: Error: Max allowed line length (100) exceeded (max-line-length)
./modules/shell/prototype/gallery_walk4/cornice_check.gd:12: Error: Max allowed line length (100) exceeded (max-line-length)
./modules/shell/prototype/gallery_walk4/cornice_check.gd:26: Error: Max allowed line length (100) exceeded (max-line-length)
./modules/shell/prototype/gallery_walk4/cornice_check.gd:30: Error: Max allowed line length (100) exceeded (max-line-length)
./modules/shell/prototype/gallery_walk4/world_176_check.gd:7: Error: Max allowed line length (100) exceeded (max-line-length)
./modules/shell/prototype/gallery_walk4/world_176_check.gd:10: Error: Max allowed line length (100) exceeded (max-line-length)
./modules/shell/prototype/gallery_walk4/world_176_check.gd:13: Error: Max allowed line length (100) exceeded (max-line-length)
./modules/shell/prototype/gallery_walk4/world_176_check.gd:22: Error: Max allowed line length (100) exceeded (max-line-length)
./modules/shell/prototype/gallery_walk4/world_176_check.gd:23: Error: Max allowed line length (100) exceeded (max-line-length)
./modules/shell/prototype/gallery_walk4/world_176_check.gd:32: Error: Max allowed line length (100) exceeded (max-line-length)
./modules/shell/prototype/gallery_walk4/world_176_check.gd:40: Error: Max allowed line length (100) exceeded (max-line-length)
./modules/shell/prototype/gallery_walk4/shot.gd:1: Error: Max allowed line length (100) exceeded (max-line-length)
./modules/shell/prototype/gallery_walk4/shot.gd:3: Error: Max allowed line length (100) exceeded (max-line-length)
./modules/shell/prototype/gallery_walk4/shot.gd:138: Error: Max allowed line length (100) exceeded (max-line-length)
./modules/shell/prototype/gallery_walk4/shot.gd:147: Error: Max allowed line length (100) exceeded (max-line-length)
./modules/shell/prototype/gallery_walk4/shot.gd:165: Error: Max allowed line length (100) exceeded (max-line-length)
./modules/shell/prototype/gallery_walk4/doorway_prototype_capture.gd:5: Error: Max allowed line length (100) exceeded (max-line-length)
./modules/shell/prototype/gallery_walk4/doorway_prototype_capture.gd:11: Error: Max allowed line length (100) exceeded (max-line-length)
./modules/shell/prototype/gallery_walk4/doorway_prototype_capture.gd:14: Error: Max allowed line length (100) exceeded (max-line-length)
./modules/shell/prototype/gallery_walk4/doorway_prototype_capture.gd:22: Error: Max allowed line length (100) exceeded (max-line-length)
./modules/shell/prototype/gallery_walk4/navigation_check.gd:2: Error: Max allowed line length (100) exceeded (max-line-length)
./modules/shell/prototype/gallery_walk4/navigation_check.gd:44: Error: Max allowed line length (100) exceeded (max-line-length)
./modules/shell/prototype/gallery_walk4/navigation_check.gd:47: Error: Max allowed line length (100) exceeded (max-line-length)
./modules/shell/prototype/gallery_walk4/navigation_check.gd:55: Error: Max allowed line length (100) exceeded (max-line-length)
./modules/shell/prototype/gallery_walk4/navigation_check.gd:56: Error: Max allowed line length (100) exceeded (max-line-length)
./modules/shell/prototype/gallery_walk4/navigation_check.gd:59: Error: Max allowed line length (100) exceeded (max-line-length)
./modules/shell/prototype/gallery_walk4/navigation_check.gd:71: Error: Max allowed line length (100) exceeded (max-line-length)
./modules/shell/prototype/gallery_walk4/navigation_check.gd:82: Error: Max allowed line length (100) exceeded (max-line-length)
./modules/shell/prototype/gallery_walk4/navigation_check.gd:91: Error: Max allowed line length (100) exceeded (max-line-length)
./modules/shell/prototype/gallery_walk4/navigation_check.gd:108: Error: Max allowed line length (100) exceeded (max-line-length)
./modules/shell/prototype/gallery_walk4/navigation_check.gd:119: Error: Max allowed line length (100) exceeded (max-line-length)
./modules/shell/prototype/gallery_walk4/navigation_check.gd:130: Error: Max allowed line length (100) exceeded (max-line-length)
./modules/shell/prototype/gallery_walk4/navigation_check.gd:154: Error: Max allowed line length (100) exceeded (max-line-length)
./modules/shell/prototype/gallery_walk4/dbg_tmp.gd:24: Error: Max allowed line length (100) exceeded (max-line-length)
./modules/shell/prototype/gallery_walk4/rig/check.gd:26: Error: Max allowed line length (100) exceeded (max-line-length)
./modules/shell/prototype/gallery_walk4/rig/check.gd:39: Error: Max allowed line length (100) exceeded (max-line-length)
./modules/shell/prototype/gallery_walk4/rig/check.gd:42: Error: Max allowed line length (100) exceeded (max-line-length)
./modules/shell/prototype/gallery_walk4/rig/check.gd:43: Error: Max allowed line length (100) exceeded (max-line-length)
./modules/shell/prototype/gallery_walk4/rig/check.gd:53: Error: Max allowed line length (100) exceeded (max-line-length)
./modules/shell/prototype/gallery_walk4/rig/check.gd:77: Error: Max allowed line length (100) exceeded (max-line-length)
./modules/shell/prototype/gallery_walk4/rig/check.gd:82: Error: Max allowed line length (100) exceeded (max-line-length)
./modules/shell/prototype/gallery_walk4/rig/check.gd:88: Error: Max allowed line length (100) exceeded (max-line-length)
./modules/shell/prototype/gallery_walk4/rig/check.gd:93: Error: Max allowed line length (100) exceeded (max-line-length)
./modules/shell/prototype/gallery_walk4/rig/visitor.gd:30: Error: Max allowed line length (100) exceeded (max-line-length)
./modules/shell/prototype/gallery_walk4/rig/visitor.gd:43: Error: Max allowed line length (100) exceeded (max-line-length)
./modules/shell/prototype/gallery_walk4/rig/visitor.gd:66: Error: Max allowed line length (100) exceeded (max-line-length)
./modules/shell/prototype/gallery_walk4/rig/visitor.gd:116: Error: Max allowed line length (100) exceeded (max-line-length)
./modules/shell/prototype/gallery_walk4/rig/visitor.gd:121: Error: Max allowed line length (100) exceeded (max-line-length)
./modules/shell/prototype/gallery_walk4/rig/visitor.gd:130: Error: Max allowed line length (100) exceeded (max-line-length)
./modules/shell/prototype/gallery_walk4/rig/visitor.gd:145: Error: Max allowed line length (100) exceeded (max-line-length)
./modules/shell/prototype/gallery_walk4/rig/visitor.gd:151: Error: Max allowed line length (100) exceeded (max-line-length)
./modules/shell/prototype/gallery_walk4/rig/visitor.gd:152: Error: Max allowed line length (100) exceeded (max-line-length)
./modules/shell/prototype/gallery_walk4/rig/visitor.gd:159: Error: Max allowed line length (100) exceeded (max-line-length)
./modules/shell/prototype/gallery_walk4/rig/visitor.gd:172: Error: Max allowed line length (100) exceeded (max-line-length)
./modules/shell/prototype/gallery_walk4/rig/visitor.gd:185: Error: Max allowed line length (100) exceeded (max-line-length)
./modules/shell/prototype/gallery_walk4/rig/visitor.gd:187: Error: Max allowed line length (100) exceeded (max-line-length)
./modules/shell/prototype/gallery_walk4/rig/visitor.gd:193: Error: Max allowed line length (100) exceeded (max-line-length)
./modules/shell/prototype/gallery_walk4/rig/contact_check.gd:19: Error: Max allowed line length (100) exceeded (max-line-length)
./modules/shell/prototype/gallery_walk4/rig/contact_check.gd:44: Error: Max allowed line length (100) exceeded (max-line-length)
./modules/shell/prototype/gallery_walk4/rig/contact_check.gd:79: Error: Max allowed line length (100) exceeded (max-line-length)
./modules/shell/prototype/gallery_walk4/rig/contact_check.gd:84: Error: Max allowed line length (100) exceeded (max-line-length)
./modules/shell/prototype/gallery_walk4/rig/contact_check.gd:93: Error: Max allowed line length (100) exceeded (max-line-length)
./modules/shell/prototype/gallery_walk4/rig/render_check.gd:24: Error: Max allowed line length (100) exceeded (max-line-length)
./modules/shell/prototype/gallery_walk4/rig/render_check.gd:30: Error: Max allowed line length (100) exceeded (max-line-length)
./modules/shell/prototype/gallery_walk4/rig/render_check.gd:43: Error: Max allowed line length (100) exceeded (max-line-length)
./modules/shell/prototype/gallery_walk4/rig/render_check.gd:45: Error: Max allowed line length (100) exceeded (max-line-length)
./modules/shell/prototype/gallery_walk4/rig/render_check.gd:51: Error: Max allowed line length (100) exceeded (max-line-length)
./modules/shell/prototype/gallery_walk4/rig/render_check.gd:62: Error: Max allowed line length (100) exceeded (max-line-length)
./modules/shell/prototype/gallery_walk4/rig/render_check.gd:71: Error: Max allowed line length (100) exceeded (max-line-length)
./modules/shell/prototype/gallery_walk4/render_diagnostics.gd:18: Error: Max allowed line length (100) exceeded (max-line-length)
./modules/shell/prototype/gallery_walk4/render_diagnostics.gd:25: Error: Max allowed line length (100) exceeded (max-line-length)
./modules/shell/prototype/gallery_walk4/render_diagnostics.gd:103: Error: Max allowed line length (100) exceeded (max-line-length)
./modules/shell/prototype/gallery_walk4/render_diagnostics.gd:164: Error: Max allowed line length (100) exceeded (max-line-length)
./modules/shell/prototype/gallery_walk4/render_diagnostics.gd:167: Error: Max allowed line length (100) exceeded (max-line-length)
./modules/shell/prototype/gallery_walk4/render_diagnostics.gd:175: Error: Max allowed line length (100) exceeded (max-line-length)
./modules/shell/prototype/gallery_walk4/render_diagnostics.gd:176: Error: Max allowed line length (100) exceeded (max-line-length)
./modules/shell/prototype/gallery_walk4/render_diagnostics.gd:180: Error: Max allowed line length (100) exceeded (max-line-length)
./modules/shell/prototype/gallery_walk4/render_diagnostics.gd:181: Error: Max allowed line length (100) exceeded (max-line-length)
./modules/shell/prototype/gallery_walk4/render_diagnostics.gd:182: Error: Max allowed line length (100) exceeded (max-line-length)
./modules/shell/prototype/gallery_walk4/render_diagnostics.gd:185: Error: Max allowed line length (100) exceeded (max-line-length)
./modules/shell/prototype/gallery_walk4/render_diagnostics.gd:187: Error: Max allowed line length (100) exceeded (max-line-length)
./modules/shell/prototype/gallery_walk4/render_diagnostics.gd:192: Error: Max allowed line length (100) exceeded (max-line-length)
./modules/shell/prototype/gallery_walk4/render_diagnostics.gd:18: Error: Definition out of order in global scope (class-definitions-order)
./modules/shell/prototype/gallery_walk4/painting_asset.gd:1: Error: Max allowed line length (100) exceeded (max-line-length)
./modules/shell/prototype/gallery_walk4/painting_asset.gd:2: Error: Max allowed line length (100) exceeded (max-line-length)
./modules/shell/prototype/gallery_walk4/painting_asset.gd:3: Error: Max allowed line length (100) exceeded (max-line-length)
./modules/shell/prototype/gallery_walk4/painting_asset.gd:16: Error: Max allowed line length (100) exceeded (max-line-length)
./modules/shell/prototype/gallery_walk4/painting_asset.gd:49: Error: Max allowed line length (100) exceeded (max-line-length)
./modules/shell/prototype/gallery_walk4/painting_asset.gd:50: Error: Max allowed line length (100) exceeded (max-line-length)
./modules/shell/prototype/gallery_walk4/painting_asset.gd:72: Error: Max allowed line length (100) exceeded (max-line-length)
./modules/shell/prototype/gallery_walk4/painting_asset.gd:73: Error: Max allowed line length (100) exceeded (max-line-length)
./modules/shell/prototype/gallery_walk4/painting_asset.gd:82: Error: Max allowed line length (100) exceeded (max-line-length)
./modules/shell/prototype/gallery_walk4/painting_asset.gd:83: Error: Max allowed line length (100) exceeded (max-line-length)
./modules/shell/prototype/gallery_walk4/painting_asset.gd:84: Error: Max allowed line length (100) exceeded (max-line-length)
./modules/shell/prototype/gallery_walk4/painting_asset.gd:85: Error: Max allowed line length (100) exceeded (max-line-length)
./modules/shell/prototype/gallery_walk4/painting_asset.gd:93: Error: Max allowed line length (100) exceeded (max-line-length)
./modules/shell/prototype/gallery_walk4/painting_asset.gd:94: Error: Max allowed line length (100) exceeded (max-line-length)
./modules/shell/prototype/gallery_walk4/painting_asset.gd:95: Error: Max allowed line length (100) exceeded (max-line-length)
./modules/shell/prototype/gallery_walk4/painting_asset.gd:96: Error: Max allowed line length (100) exceeded (max-line-length)
./modules/shell/prototype/gallery_walk4/painting_asset.gd:98: Error: Max allowed line length (100) exceeded (max-line-length)
./modules/shell/prototype/gallery_walk4/painting_asset.gd:101: Error: Max allowed line length (100) exceeded (max-line-length)
./modules/shell/prototype/gallery_walk4/painting_asset.gd:117: Error: Max allowed line length (100) exceeded (max-line-length)
./modules/shell/prototype/gallery_walk4/painting_asset.gd:124: Error: Max allowed line length (100) exceeded (max-line-length)
./modules/shell/prototype/gallery_walk4/painting_asset.gd:77: Error: Function-scope variable name "X0" is not valid (function-variable-name)
./modules/shell/prototype/gallery_walk4/painting_asset.gd:78: Error: Function-scope variable name "X1" is not valid (function-variable-name)
./modules/shell/prototype/gallery_walk4/painting_asset.gd:79: Error: Function-scope variable name "Y0" is not valid (function-variable-name)
./modules/shell/prototype/gallery_walk4/painting_asset.gd:80: Error: Function-scope variable name "Y1" is not valid (function-variable-name)
./modules/shell/prototype/gallery_walk4/painting_asset.gd:13: Error: Definition out of order in global scope (class-definitions-order)
./modules/shell/prototype/gallery_walk4/portal_traversal_check.gd:42: Error: Max allowed line length (100) exceeded (max-line-length)
./modules/shell/prototype/gallery_walk4/portal_traversal_check.gd:60: Error: Max allowed line length (100) exceeded (max-line-length)
./modules/shell/prototype/gallery_walk4/identity/native_render_check.gd:3: Error: Max allowed line length (100) exceeded (max-line-length)
./modules/shell/prototype/gallery_walk4/identity/native_render_check.gd:47: Error: Max allowed line length (100) exceeded (max-line-length)
./modules/shell/prototype/gallery_walk4/portal_floor_probe.gd:11: Error: Max allowed line length (100) exceeded (max-line-length)
./modules/shell/prototype/gallery_walk4/cutaway_floor_check.gd:17: Error: Max allowed line length (100) exceeded (max-line-length)
./modules/shell/prototype/gallery_walk4/cutaway_floor_check.gd:28: Error: Max allowed line length (100) exceeded (max-line-length)
./modules/shell/prototype/gallery_walk4/cutaway_floor_check.gd:31: Error: Max allowed line length (100) exceeded (max-line-length)
./modules/shell/prototype/gallery_walk4/cutaway_floor_check.gd:35: Error: Max allowed line length (100) exceeded (max-line-length)
./modules/shell/prototype/gallery_walk4/cutaway_floor_check.gd:59: Error: Max allowed line length (100) exceeded (max-line-length)
./modules/shell/prototype/gallery_walk4/cutaway_floor_check.gd:60: Error: Max allowed line length (100) exceeded (max-line-length)
./modules/shell/prototype/gallery_walk4/cutaway_floor_check.gd:64: Error: Max allowed line length (100) exceeded (max-line-length)
./modules/shell/prototype/gallery_walk4/cutaway_floor_check.gd:69: Error: Max allowed line length (100) exceeded (max-line-length)
./modules/shell/prototype/gallery_walk4/portal_167_capture.gd:8: Error: Max allowed line length (100) exceeded (max-line-length)
./modules/shell/prototype/gallery_walk4/portal_167_capture.gd:14: Error: Max allowed line length (100) exceeded (max-line-length)
./modules/shell/prototype/gallery_walk4/portal_sculpture_probe.gd:26: Error: Max allowed line length (100) exceeded (max-line-length)
./modules/shell/prototype/gallery_walk4/portal_sculpture_probe.gd:38: Error: Max allowed line length (100) exceeded (max-line-length)
./modules/shell/prototype/gallery_walk4/portal_sculpture_probe.gd:73: Error: Max allowed line length (100) exceeded (max-line-length)
./modules/shell/prototype/gallery_walk4/world_176_capture.gd:8: Error: Max allowed line length (100) exceeded (max-line-length)
./modules/shell/prototype/gallery_walk4/dollhouse_shot.gd:2: Error: Max allowed line length (100) exceeded (max-line-length)
./modules/shell/prototype/gallery_walk4/dollhouse_shot.gd:95: Error: Max allowed line length (100) exceeded (max-line-length)
./modules/shell/prototype/gallery_walk4/dollhouse_shot.gd:100: Error: Max allowed line length (100) exceeded (max-line-length)
./modules/shell/prototype/gallery_walk4/dollhouse_shot.gd:101: Error: Max allowed line length (100) exceeded (max-line-length)
./modules/shell/prototype/gallery_walk4/dollhouse_shot.gd:115: Error: Max allowed line length (100) exceeded (max-line-length)
./modules/shell/prototype/gallery_walk4/dollhouse_shot.gd:137: Error: Max allowed line length (100) exceeded (max-line-length)
./modules/shell/prototype/gallery_walk4/dollhouse_shot.gd:145: Error: Max allowed line length (100) exceeded (max-line-length)
./modules/shell/prototype/gallery_walk4/dollhouse_shot.gd:182: Error: Max allowed line length (100) exceeded (max-line-length)
./modules/shell/prototype/gallery_walk4/dollhouse_shot.gd:187: Error: Max allowed line length (100) exceeded (max-line-length)
./modules/shell/prototype/gallery_walk4/dollhouse_shot.gd:208: Error: Max allowed line length (100) exceeded (max-line-length)
./modules/shell/prototype/gallery_walk4/dollhouse_shot.gd:221: Error: Max allowed line length (100) exceeded (max-line-length)
./modules/shell/prototype/gallery_walk4/floor_prototype_capture.gd:13: Error: Max allowed line length (100) exceeded (max-line-length)
./modules/shell/prototype/gallery_walk4/final_render_check.gd:167: Error: Max allowed line length (100) exceeded (max-line-length)
./modules/shell/prototype/gallery_walk4/final_render_check.gd:168: Error: Max allowed line length (100) exceeded (max-line-length)
./modules/shell/prototype/gallery_walk4/final_render_check.gd:174: Error: Max allowed line length (100) exceeded (max-line-length)
./modules/shell/prototype/gallery_walk4/final_render_check.gd:175: Error: Max allowed line length (100) exceeded (max-line-length)
./modules/shell/prototype/gallery_walk4/final_render_check.gd:178: Error: Max allowed line length (100) exceeded (max-line-length)
./modules/shell/prototype/gallery_walk4/final_render_check.gd:204: Error: Max allowed line length (100) exceeded (max-line-length)
./modules/shell/prototype/gallery_walk4/final_render_check.gd:214: Error: Max allowed line length (100) exceeded (max-line-length)
./modules/shell/prototype/gallery_walk4/final_render_check.gd:242: Error: Max allowed line length (100) exceeded (max-line-length)
./modules/shell/prototype/gallery_walk4/final_render_check.gd:249: Error: Max allowed line length (100) exceeded (max-line-length)
./modules/shell/prototype/gallery_walk4/final_render_check.gd:251: Error: Max allowed line length (100) exceeded (max-line-length)
./modules/shell/prototype/gallery_walk4/final_render_check.gd:252: Error: Max allowed line length (100) exceeded (max-line-length)
./modules/shell/prototype/gallery_walk4/final_render_check.gd:152: Error: duplicated loading of "res://modules/shell/crt_luminance.gdshader" (duplicated-load)
./modules/shell/prototype/gallery_walk4/final_render_check.gd:228: Error: duplicated loading of "res://modules/shell/prototype/gallery_walk4/gamecube.gdshader" (duplicated-load)
./modules/shell/prototype/gallery_walk4/doorway_check.gd:55: Error: Max allowed line length (100) exceeded (max-line-length)
./modules/shell/prototype/gallery_walk4/doorway_check.gd:58: Error: Max allowed line length (100) exceeded (max-line-length)
./modules/shell/prototype/gallery_walk4/render_diagnostics_check.gd:26: Error: Max allowed line length (100) exceeded (max-line-length)
./modules/shell/prototype/gallery_walk4/visitor_check.gd:2: Error: Max allowed line length (100) exceeded (max-line-length)
./modules/shell/prototype/gallery_walk4/visitor_check.gd:26: Error: Max allowed line length (100) exceeded (max-line-length)
./modules/shell/prototype/gallery_walk4/visitor_check.gd:28: Error: Max allowed line length (100) exceeded (max-line-length)
./modules/shell/prototype/gallery_walk4/visitor_check.gd:40: Error: Max allowed line length (100) exceeded (max-line-length)
./modules/shell/prototype/gallery_walk4/visitor_check.gd:42: Error: Max allowed line length (100) exceeded (max-line-length)
./modules/shell/prototype/gallery_walk4/visitor_check.gd:47: Error: Max allowed line length (100) exceeded (max-line-length)
./modules/shell/prototype/gallery_walk4/visitor_check.gd:49: Error: Max allowed line length (100) exceeded (max-line-length)
./modules/shell/prototype/gallery_walk4/visitor_check.gd:57: Error: Max allowed line length (100) exceeded (max-line-length)
./modules/shell/prototype/gallery_walk4/visitor_check.gd:58: Error: Max allowed line length (100) exceeded (max-line-length)
./modules/shell/prototype/gallery_walk4/walk4.gd:2481: Error: Function "_unhandled_key_input" has more than 6 return statements (max-returns)
./modules/shell/prototype/gallery_walk4/walk4.gd:1: Error: Max allowed line length (100) exceeded (max-line-length)
./modules/shell/prototype/gallery_walk4/walk4.gd:2: Error: Max allowed line length (100) exceeded (max-line-length)
./modules/shell/prototype/gallery_walk4/walk4.gd:3: Error: Max allowed line length (100) exceeded (max-line-length)
./modules/shell/prototype/gallery_walk4/walk4.gd:4: Error: Max allowed line length (100) exceeded (max-line-length)
./modules/shell/prototype/gallery_walk4/walk4.gd:6: Error: Max allowed line length (100) exceeded (max-line-length)
./modules/shell/prototype/gallery_walk4/walk4.gd:7: Error: Max allowed line length (100) exceeded (max-line-length)
./modules/shell/prototype/gallery_walk4/walk4.gd:16: Error: Max allowed line length (100) exceeded (max-line-length)
./modules/shell/prototype/gallery_walk4/walk4.gd:25: Error: Max allowed line length (100) exceeded (max-line-length)
./modules/shell/prototype/gallery_walk4/walk4.gd:26: Error: Max allowed line length (100) exceeded (max-line-length)
./modules/shell/prototype/gallery_walk4/walk4.gd:28: Error: Max allowed line length (100) exceeded (max-line-length)
./modules/shell/prototype/gallery_walk4/walk4.gd:29: Error: Max allowed line length (100) exceeded (max-line-length)
./modules/shell/prototype/gallery_walk4/walk4.gd:32: Error: Max allowed line length (100) exceeded (max-line-length)
./modules/shell/prototype/gallery_walk4/walk4.gd:111: Error: Max allowed line length (100) exceeded (max-line-length)
./modules/shell/prototype/gallery_walk4/walk4.gd:113: Error: Max allowed line length (100) exceeded (max-line-length)
./modules/shell/prototype/gallery_walk4/walk4.gd:138: Error: Max allowed line length (100) exceeded (max-line-length)
./modules/shell/prototype/gallery_walk4/walk4.gd:140: Error: Max allowed line length (100) exceeded (max-line-length)
./modules/shell/prototype/gallery_walk4/walk4.gd:147: Error: Max allowed line length (100) exceeded (max-line-length)
./modules/shell/prototype/gallery_walk4/walk4.gd:209: Error: Max allowed line length (100) exceeded (max-line-length)
./modules/shell/prototype/gallery_walk4/walk4.gd:229: Error: Max allowed line length (100) exceeded (max-line-length)
./modules/shell/prototype/gallery_walk4/walk4.gd:230: Error: Max allowed line length (100) exceeded (max-line-length)
./modules/shell/prototype/gallery_walk4/walk4.gd:262: Error: Max allowed line length (100) exceeded (max-line-length)
./modules/shell/prototype/gallery_walk4/walk4.gd:273: Error: Max allowed line length (100) exceeded (max-line-length)
./modules/shell/prototype/gallery_walk4/walk4.gd:275: Error: Max allowed line length (100) exceeded (max-line-length)
./modules/shell/prototype/gallery_walk4/walk4.gd:345: Error: Max allowed line length (100) exceeded (max-line-length)
./modules/shell/prototype/gallery_walk4/walk4.gd:350: Error: Max allowed line length (100) exceeded (max-line-length)
./modules/shell/prototype/gallery_walk4/walk4.gd:370: Error: Max allowed line length (100) exceeded (max-line-length)
./modules/shell/prototype/gallery_walk4/walk4.gd:371: Error: Max allowed line length (100) exceeded (max-line-length)
./modules/shell/prototype/gallery_walk4/walk4.gd:372: Error: Max allowed line length (100) exceeded (max-line-length)
./modules/shell/prototype/gallery_walk4/walk4.gd:374: Error: Max allowed line length (100) exceeded (max-line-length)
./modules/shell/prototype/gallery_walk4/walk4.gd:375: Error: Max allowed line length (100) exceeded (max-line-length)
./modules/shell/prototype/gallery_walk4/walk4.gd:384: Error: Max allowed line length (100) exceeded (max-line-length)
./modules/shell/prototype/gallery_walk4/walk4.gd:397: Error: Max allowed line length (100) exceeded (max-line-length)
./modules/shell/prototype/gallery_walk4/walk4.gd:398: Error: Max allowed line length (100) exceeded (max-line-length)
./modules/shell/prototype/gallery_walk4/walk4.gd:405: Error: Max allowed line length (100) exceeded (max-line-length)
./modules/shell/prototype/gallery_walk4/walk4.gd:409: Error: Max allowed line length (100) exceeded (max-line-length)
./modules/shell/prototype/gallery_walk4/walk4.gd:416: Error: Max allowed line length (100) exceeded (max-line-length)
./modules/shell/prototype/gallery_walk4/walk4.gd:429: Error: Max allowed line length (100) exceeded (max-line-length)
./modules/shell/prototype/gallery_walk4/walk4.gd:445: Error: Max allowed line length (100) exceeded (max-line-length)
./modules/shell/prototype/gallery_walk4/walk4.gd:447: Error: Max allowed line length (100) exceeded (max-line-length)
./modules/shell/prototype/gallery_walk4/walk4.gd:519: Error: Max allowed line length (100) exceeded (max-line-length)
./modules/shell/prototype/gallery_walk4/walk4.gd:536: Error: Max allowed line length (100) exceeded (max-line-length)
./modules/shell/prototype/gallery_walk4/walk4.gd:547: Error: Max allowed line length (100) exceeded (max-line-length)
./modules/shell/prototype/gallery_walk4/walk4.gd:550: Error: Max allowed line length (100) exceeded (max-line-length)
./modules/shell/prototype/gallery_walk4/walk4.gd:553: Error: Max allowed line length (100) exceeded (max-line-length)
./modules/shell/prototype/gallery_walk4/walk4.gd:557: Error: Max allowed line length (100) exceeded (max-line-length)
./modules/shell/prototype/gallery_walk4/walk4.gd:577: Error: Max allowed line length (100) exceeded (max-line-length)
./modules/shell/prototype/gallery_walk4/walk4.gd:581: Error: Max allowed line length (100) exceeded (max-line-length)
./modules/shell/prototype/gallery_walk4/walk4.gd:582: Error: Max allowed line length (100) exceeded (max-line-length)
./modules/shell/prototype/gallery_walk4/walk4.gd:652: Error: Max allowed line length (100) exceeded (max-line-length)
./modules/shell/prototype/gallery_walk4/walk4.gd:655: Error: Max allowed line length (100) exceeded (max-line-length)
./modules/shell/prototype/gallery_walk4/walk4.gd:688: Error: Max allowed line length (100) exceeded (max-line-length)
./modules/shell/prototype/gallery_walk4/walk4.gd:704: Error: Max allowed line length (100) exceeded (max-line-length)
./modules/shell/prototype/gallery_walk4/walk4.gd:727: Error: Max allowed line length (100) exceeded (max-line-length)
./modules/shell/prototype/gallery_walk4/walk4.gd:749: Error: Max allowed line length (100) exceeded (max-line-length)
./modules/shell/prototype/gallery_walk4/walk4.gd:766: Error: Max allowed line length (100) exceeded (max-line-length)
./modules/shell/prototype/gallery_walk4/walk4.gd:767: Error: Max allowed line length (100) exceeded (max-line-length)
./modules/shell/prototype/gallery_walk4/walk4.gd:783: Error: Max allowed line length (100) exceeded (max-line-length)
./modules/shell/prototype/gallery_walk4/walk4.gd:784: Error: Max allowed line length (100) exceeded (max-line-length)
./modules/shell/prototype/gallery_walk4/walk4.gd:786: Error: Max allowed line length (100) exceeded (max-line-length)
./modules/shell/prototype/gallery_walk4/walk4.gd:787: Error: Max allowed line length (100) exceeded (max-line-length)
./modules/shell/prototype/gallery_walk4/walk4.gd:788: Error: Max allowed line length (100) exceeded (max-line-length)
./modules/shell/prototype/gallery_walk4/walk4.gd:789: Error: Max allowed line length (100) exceeded (max-line-length)
./modules/shell/prototype/gallery_walk4/walk4.gd:790: Error: Max allowed line length (100) exceeded (max-line-length)
./modules/shell/prototype/gallery_walk4/walk4.gd:791: Error: Max allowed line length (100) exceeded (max-line-length)
./modules/shell/prototype/gallery_walk4/walk4.gd:792: Error: Max allowed line length (100) exceeded (max-line-length)
./modules/shell/prototype/gallery_walk4/walk4.gd:793: Error: Max allowed line length (100) exceeded (max-line-length)
./modules/shell/prototype/gallery_walk4/walk4.gd:809: Error: Max allowed line length (100) exceeded (max-line-length)
./modules/shell/prototype/gallery_walk4/walk4.gd:818: Error: Max allowed line length (100) exceeded (max-line-length)
./modules/shell/prototype/gallery_walk4/walk4.gd:859: Error: Max allowed line length (100) exceeded (max-line-length)
./modules/shell/prototype/gallery_walk4/walk4.gd:893: Error: Max allowed line length (100) exceeded (max-line-length)
./modules/shell/prototype/gallery_walk4/walk4.gd:905: Error: Max allowed line length (100) exceeded (max-line-length)
./modules/shell/prototype/gallery_walk4/walk4.gd:922: Error: Max allowed line length (100) exceeded (max-line-length)
./modules/shell/prototype/gallery_walk4/walk4.gd:943: Error: Max allowed line length (100) exceeded (max-line-length)
./modules/shell/prototype/gallery_walk4/walk4.gd:963: Error: Max allowed line length (100) exceeded (max-line-length)
./modules/shell/prototype/gallery_walk4/walk4.gd:971: Error: Max allowed line length (100) exceeded (max-line-length)
./modules/shell/prototype/gallery_walk4/walk4.gd:991: Error: Max allowed line length (100) exceeded (max-line-length)
./modules/shell/prototype/gallery_walk4/walk4.gd:1015: Error: Max allowed line length (100) exceeded (max-line-length)
./modules/shell/prototype/gallery_walk4/walk4.gd:1035: Error: Max allowed line length (100) exceeded (max-line-length)
./modules/shell/prototype/gallery_walk4/walk4.gd:1044: Error: Max allowed line length (100) exceeded (max-line-length)
./modules/shell/prototype/gallery_walk4/walk4.gd:1050: Error: Max allowed line length (100) exceeded (max-line-length)
./modules/shell/prototype/gallery_walk4/walk4.gd:1066: Error: Max allowed line length (100) exceeded (max-line-length)
./modules/shell/prototype/gallery_walk4/walk4.gd:1074: Error: Max allowed line length (100) exceeded (max-line-length)
./modules/shell/prototype/gallery_walk4/walk4.gd:1075: Error: Max allowed line length (100) exceeded (max-line-length)
./modules/shell/prototype/gallery_walk4/walk4.gd:1084: Error: Max allowed line length (100) exceeded (max-line-length)
./modules/shell/prototype/gallery_walk4/walk4.gd:1117: Error: Max allowed line length (100) exceeded (max-line-length)
./modules/shell/prototype/gallery_walk4/walk4.gd:1120: Error: Max allowed line length (100) exceeded (max-line-length)
./modules/shell/prototype/gallery_walk4/walk4.gd:1128: Error: Max allowed line length (100) exceeded (max-line-length)
./modules/shell/prototype/gallery_walk4/walk4.gd:1134: Error: Max allowed line length (100) exceeded (max-line-length)
./modules/shell/prototype/gallery_walk4/walk4.gd:1144: Error: Max allowed line length (100) exceeded (max-line-length)
./modules/shell/prototype/gallery_walk4/walk4.gd:1145: Error: Max allowed line length (100) exceeded (max-line-length)
./modules/shell/prototype/gallery_walk4/walk4.gd:1146: Error: Max allowed line length (100) exceeded (max-line-length)
./modules/shell/prototype/gallery_walk4/walk4.gd:1152: Error: Max allowed line length (100) exceeded (max-line-length)
./modules/shell/prototype/gallery_walk4/walk4.gd:1159: Error: Max allowed line length (100) exceeded (max-line-length)
./modules/shell/prototype/gallery_walk4/walk4.gd:1160: Error: Max allowed line length (100) exceeded (max-line-length)
./modules/shell/prototype/gallery_walk4/walk4.gd:1180: Error: Max allowed line length (100) exceeded (max-line-length)
./modules/shell/prototype/gallery_walk4/walk4.gd:1182: Error: Max allowed line length (100) exceeded (max-line-length)
./modules/shell/prototype/gallery_walk4/walk4.gd:1209: Error: Max allowed line length (100) exceeded (max-line-length)
./modules/shell/prototype/gallery_walk4/walk4.gd:1223: Error: Max allowed line length (100) exceeded (max-line-length)
./modules/shell/prototype/gallery_walk4/walk4.gd:1247: Error: Max allowed line length (100) exceeded (max-line-length)
./modules/shell/prototype/gallery_walk4/walk4.gd:1248: Error: Max allowed line length (100) exceeded (max-line-length)
./modules/shell/prototype/gallery_walk4/walk4.gd:1250: Error: Max allowed line length (100) exceeded (max-line-length)
./modules/shell/prototype/gallery_walk4/walk4.gd:1251: Error: Max allowed line length (100) exceeded (max-line-length)
./modules/shell/prototype/gallery_walk4/walk4.gd:1252: Error: Max allowed line length (100) exceeded (max-line-length)
./modules/shell/prototype/gallery_walk4/walk4.gd:1256: Error: Max allowed line length (100) exceeded (max-line-length)
./modules/shell/prototype/gallery_walk4/walk4.gd:1257: Error: Max allowed line length (100) exceeded (max-line-length)
./modules/shell/prototype/gallery_walk4/walk4.gd:1260: Error: Max allowed line length (100) exceeded (max-line-length)
./modules/shell/prototype/gallery_walk4/walk4.gd:1265: Error: Max allowed line length (100) exceeded (max-line-length)
./modules/shell/prototype/gallery_walk4/walk4.gd:1267: Error: Max allowed line length (100) exceeded (max-line-length)
./modules/shell/prototype/gallery_walk4/walk4.gd:1268: Error: Max allowed line length (100) exceeded (max-line-length)
./modules/shell/prototype/gallery_walk4/walk4.gd:1269: Error: Max allowed line length (100) exceeded (max-line-length)
./modules/shell/prototype/gallery_walk4/walk4.gd:1270: Error: Max allowed line length (100) exceeded (max-line-length)
./modules/shell/prototype/gallery_walk4/walk4.gd:1272: Error: Max allowed line length (100) exceeded (max-line-length)
./modules/shell/prototype/gallery_walk4/walk4.gd:1273: Error: Max allowed line length (100) exceeded (max-line-length)
./modules/shell/prototype/gallery_walk4/walk4.gd:1275: Error: Max allowed line length (100) exceeded (max-line-length)
./modules/shell/prototype/gallery_walk4/walk4.gd:1280: Error: Max allowed line length (100) exceeded (max-line-length)
./modules/shell/prototype/gallery_walk4/walk4.gd:1287: Error: Max allowed line length (100) exceeded (max-line-length)
./modules/shell/prototype/gallery_walk4/walk4.gd:1299: Error: Max allowed line length (100) exceeded (max-line-length)
./modules/shell/prototype/gallery_walk4/walk4.gd:1304: Error: Max allowed line length (100) exceeded (max-line-length)
./modules/shell/prototype/gallery_walk4/walk4.gd:1338: Error: Max allowed line length (100) exceeded (max-line-length)
./modules/shell/prototype/gallery_walk4/walk4.gd:1340: Error: Max allowed line length (100) exceeded (max-line-length)
./modules/shell/prototype/gallery_walk4/walk4.gd:1343: Error: Max allowed line length (100) exceeded (max-line-length)
./modules/shell/prototype/gallery_walk4/walk4.gd:1344: Error: Max allowed line length (100) exceeded (max-line-length)
./modules/shell/prototype/gallery_walk4/walk4.gd:1345: Error: Max allowed line length (100) exceeded (max-line-length)
./modules/shell/prototype/gallery_walk4/walk4.gd:1414: Error: Max allowed line length (100) exceeded (max-line-length)
./modules/shell/prototype/gallery_walk4/walk4.gd:1437: Error: Max allowed line length (100) exceeded (max-line-length)
./modules/shell/prototype/gallery_walk4/walk4.gd:1534: Error: Max allowed line length (100) exceeded (max-line-length)
./modules/shell/prototype/gallery_walk4/walk4.gd:1647: Error: Max allowed line length (100) exceeded (max-line-length)
./modules/shell/prototype/gallery_walk4/walk4.gd:1648: Error: Max allowed line length (100) exceeded (max-line-length)
./modules/shell/prototype/gallery_walk4/walk4.gd:1651: Error: Max allowed line length (100) exceeded (max-line-length)
./modules/shell/prototype/gallery_walk4/walk4.gd:1656: Error: Max allowed line length (100) exceeded (max-line-length)
./modules/shell/prototype/gallery_walk4/walk4.gd:1665: Error: Max allowed line length (100) exceeded (max-line-length)
./modules/shell/prototype/gallery_walk4/walk4.gd:1667: Error: Max allowed line length (100) exceeded (max-line-length)
./modules/shell/prototype/gallery_walk4/walk4.gd:1669: Error: Max allowed line length (100) exceeded (max-line-length)
./modules/shell/prototype/gallery_walk4/walk4.gd:1670: Error: Max allowed line length (100) exceeded (max-line-length)
./modules/shell/prototype/gallery_walk4/walk4.gd:1673: Error: Max allowed line length (100) exceeded (max-line-length)
./modules/shell/prototype/gallery_walk4/walk4.gd:1690: Error: Max allowed line length (100) exceeded (max-line-length)
./modules/shell/prototype/gallery_walk4/walk4.gd:1712: Error: Max allowed line length (100) exceeded (max-line-length)
./modules/shell/prototype/gallery_walk4/walk4.gd:1724: Error: Max allowed line length (100) exceeded (max-line-length)
./modules/shell/prototype/gallery_walk4/walk4.gd:1745: Error: Max allowed line length (100) exceeded (max-line-length)
./modules/shell/prototype/gallery_walk4/walk4.gd:1746: Error: Max allowed line length (100) exceeded (max-line-length)
./modules/shell/prototype/gallery_walk4/walk4.gd:1750: Error: Max allowed line length (100) exceeded (max-line-length)
./modules/shell/prototype/gallery_walk4/walk4.gd:1756: Error: Max allowed line length (100) exceeded (max-line-length)
./modules/shell/prototype/gallery_walk4/walk4.gd:1802: Error: Max allowed line length (100) exceeded (max-line-length)
./modules/shell/prototype/gallery_walk4/walk4.gd:1874: Error: Max allowed line length (100) exceeded (max-line-length)
./modules/shell/prototype/gallery_walk4/walk4.gd:1939: Error: Max allowed line length (100) exceeded (max-line-length)
./modules/shell/prototype/gallery_walk4/walk4.gd:1968: Error: Max allowed line length (100) exceeded (max-line-length)
./modules/shell/prototype/gallery_walk4/walk4.gd:2020: Error: Max allowed line length (100) exceeded (max-line-length)
./modules/shell/prototype/gallery_walk4/walk4.gd:2028: Error: Max allowed line length (100) exceeded (max-line-length)
./modules/shell/prototype/gallery_walk4/walk4.gd:2045: Error: Max allowed line length (100) exceeded (max-line-length)
./modules/shell/prototype/gallery_walk4/walk4.gd:2048: Error: Max allowed line length (100) exceeded (max-line-length)
./modules/shell/prototype/gallery_walk4/walk4.gd:2062: Error: Max allowed line length (100) exceeded (max-line-length)
./modules/shell/prototype/gallery_walk4/walk4.gd:2105: Error: Max allowed line length (100) exceeded (max-line-length)
./modules/shell/prototype/gallery_walk4/walk4.gd:2107: Error: Max allowed line length (100) exceeded (max-line-length)
./modules/shell/prototype/gallery_walk4/walk4.gd:2133: Error: Max allowed line length (100) exceeded (max-line-length)
./modules/shell/prototype/gallery_walk4/walk4.gd:2135: Error: Max allowed line length (100) exceeded (max-line-length)
./modules/shell/prototype/gallery_walk4/walk4.gd:2136: Error: Max allowed line length (100) exceeded (max-line-length)
./modules/shell/prototype/gallery_walk4/walk4.gd:2138: Error: Max allowed line length (100) exceeded (max-line-length)
./modules/shell/prototype/gallery_walk4/walk4.gd:2159: Error: Max allowed line length (100) exceeded (max-line-length)
./modules/shell/prototype/gallery_walk4/walk4.gd:2166: Error: Max allowed line length (100) exceeded (max-line-length)
./modules/shell/prototype/gallery_walk4/walk4.gd:2178: Error: Max allowed line length (100) exceeded (max-line-length)
./modules/shell/prototype/gallery_walk4/walk4.gd:2179: Error: Max allowed line length (100) exceeded (max-line-length)
./modules/shell/prototype/gallery_walk4/walk4.gd:2196: Error: Max allowed line length (100) exceeded (max-line-length)
./modules/shell/prototype/gallery_walk4/walk4.gd:2203: Error: Max allowed line length (100) exceeded (max-line-length)
./modules/shell/prototype/gallery_walk4/walk4.gd:2248: Error: Max allowed line length (100) exceeded (max-line-length)
./modules/shell/prototype/gallery_walk4/walk4.gd:2340: Error: Max allowed line length (100) exceeded (max-line-length)
./modules/shell/prototype/gallery_walk4/walk4.gd:2418: Error: Max allowed line length (100) exceeded (max-line-length)
./modules/shell/prototype/gallery_walk4/walk4.gd:2419: Error: Max allowed line length (100) exceeded (max-line-length)
./modules/shell/prototype/gallery_walk4/walk4.gd:2425: Error: Max allowed line length (100) exceeded (max-line-length)
./modules/shell/prototype/gallery_walk4/walk4.gd:2437: Error: Max allowed line length (100) exceeded (max-line-length)
./modules/shell/prototype/gallery_walk4/walk4.gd:2486: Error: Max allowed file lines num (1000) exceeded (max-file-lines)
./modules/shell/prototype/gallery_walk4/walk4.gd:334: Error: Function-scope variable name "X" is not valid (function-variable-name)
./modules/shell/prototype/gallery_walk4/walk4.gd:773: Error: Function-scope variable name "X" is not valid (function-variable-name)
./modules/shell/prototype/gallery_walk4/walk4.gd:1239: Error: Function-scope variable name "X" is not valid (function-variable-name)
./modules/shell/prototype/gallery_walk4/walk4.gd:1342: Error: Function-scope variable name "X" is not valid (function-variable-name)
./modules/shell/prototype/gallery_walk4/walk4.gd:42: Error: Definition out of order in global scope (class-definitions-order)
./modules/shell/prototype/gallery_walk4/walk4.gd:43: Error: Definition out of order in global scope (class-definitions-order)
./modules/shell/prototype/gallery_walk4/walk4.gd:93: Error: Definition out of order in global scope (class-definitions-order)
./modules/shell/prototype/gallery_walk4/walk4.gd:94: Error: Definition out of order in global scope (class-definitions-order)
./modules/shell/prototype/gallery_walk4/walk4.gd:179: Error: Definition out of order in global scope (class-definitions-order)
./modules/shell/prototype/gallery_walk4/walk4.gd:180: Error: Definition out of order in global scope (class-definitions-order)
./modules/shell/prototype/gallery_walk4/walk4.gd:181: Error: Definition out of order in global scope (class-definitions-order)
./modules/shell/prototype/gallery_walk4/walk4.gd:319: Error: Definition out of order in global scope (class-definitions-order)
./modules/shell/prototype/gallery_walk4/walk4.gd:320: Error: Definition out of order in global scope (class-definitions-order)
./modules/shell/prototype/gallery_walk4/walk4.gd:321: Error: Definition out of order in global scope (class-definitions-order)
./modules/shell/prototype/gallery_walk4/walk4.gd:769: Error: Definition out of order in global scope (class-definitions-order)
./modules/shell/prototype/gallery_walk4/doorway_prototype.gd:6: Error: Max allowed line length (100) exceeded (max-line-length)
./modules/shell/prototype/gallery_walk4/doorway_prototype.gd:15: Error: Max allowed line length (100) exceeded (max-line-length)
./modules/shell/prototype/gallery_walk4/doorway_prototype.gd:32: Error: Max allowed line length (100) exceeded (max-line-length)
./modules/shell/prototype/gallery_walk4/doorway_prototype.gd:37: Error: Max allowed line length (100) exceeded (max-line-length)
./modules/shell/prototype/gallery_walk4/doorway_prototype.gd:59: Error: Max allowed line length (100) exceeded (max-line-length)
./modules/shell/prototype/gallery_walk4/doorway_prototype.gd:76: Error: Max allowed line length (100) exceeded (max-line-length)
./modules/shell/prototype/gallery_walk4/doorway_prototype.gd:77: Error: Max allowed line length (100) exceeded (max-line-length)
./modules/shell/prototype/gallery_walk4/performance_probe.gd:16: Error: Max allowed line length (100) exceeded (max-line-length)
./modules/shell/prototype/gallery_walk4/performance_probe.gd:17: Error: Max allowed line length (100) exceeded (max-line-length)
./modules/shell/prototype/gallery_walk4/performance_probe.gd:38: Error: Max allowed line length (100) exceeded (max-line-length)
./modules/shell/prototype/gallery_walk4/architecture_167_capture.gd:7: Error: Max allowed line length (100) exceeded (max-line-length)
./modules/shell/prototype/gallery_walk4/bake/plugin.gd:33: Error: Max allowed line length (100) exceeded (max-line-length)
./modules/shell/prototype/gallery_walk4/bake/prepare.gd:28: Error: Max allowed line length (100) exceeded (max-line-length)
./modules/shell/prototype/gallery_walk4/bake/prepare.gd:30: Error: Max allowed line length (100) exceeded (max-line-length)
./modules/shell/prototype/gallery_walk4/bake/prepare.gd:34: Error: Max allowed line length (100) exceeded (max-line-length)
./modules/shell/prototype/gallery_walk4/bake/prepare.gd:43: Error: Max allowed line length (100) exceeded (max-line-length)
./modules/shell/prototype/gallery_walk4/bake/prepare.gd:46: Error: Max allowed line length (100) exceeded (max-line-length)
./modules/shell/prototype/gallery_walk4/bake/prepare.gd:52: Error: Max allowed line length (100) exceeded (max-line-length)
./modules/shell/prototype/gallery_walk4/bake/prepare.gd:57: Error: Max allowed line length (100) exceeded (max-line-length)
./modules/shell/prototype/gallery_walk4/bake/prepare.gd:72: Error: Max allowed line length (100) exceeded (max-line-length)
./modules/shell/prototype/gallery_walk4/bake/prepare.gd:86: Error: Max allowed line length (100) exceeded (max-line-length)
./modules/shell/prototype/gallery_walk4/bake/prepare.gd:91: Error: Max allowed line length (100) exceeded (max-line-length)
./modules/shell/prototype/gallery_walk4/bake/prepare.gd:100: Error: Max allowed line length (100) exceeded (max-line-length)
./modules/shell/prototype/gallery_walk4/bake/prepare.gd:112: Error: Max allowed line length (100) exceeded (max-line-length)
./modules/shell/prototype/gallery_walk4/bake/prepare.gd:116: Error: Max allowed line length (100) exceeded (max-line-length)
./modules/shell/prototype/gallery_walk4/bake/prepare.gd:124: Error: Max allowed line length (100) exceeded (max-line-length)
./modules/shell/prototype/gallery_walk4/bake/prepare.gd:130: Error: Max allowed line length (100) exceeded (max-line-length)
./modules/shell/prototype/gallery_walk4/bake/prepare.gd:166: Error: Max allowed line length (100) exceeded (max-line-length)
./modules/shell/prototype/gallery_walk4/portal_relief_prepare.gd:6: Error: Max allowed line length (100) exceeded (max-line-length)
./modules/shell/prototype/gallery_walk4/portal_relief_prepare.gd:44: Error: Max allowed line length (100) exceeded (max-line-length)
./modules/shell/prototype/gallery_walk4/portal_relief_prepare.gd:57: Error: Max allowed line length (100) exceeded (max-line-length)
./modules/shell/prototype/gallery_walk4/portal_relief_prepare.gd:58: Error: Max allowed line length (100) exceeded (max-line-length)
./modules/shell/prototype/gallery_walk4/floor_edges_check.gd:6: Error: Max allowed line length (100) exceeded (max-line-length)
./modules/shell/prototype/gallery_walk4/floor_edges_check.gd:17: Error: Max allowed line length (100) exceeded (max-line-length)
./modules/shell/prototype/gallery_walk4/visitor159/visitor.gd:72: Error: Max allowed line length (100) exceeded (max-line-length)
./modules/shell/prototype/gallery_walk4/visitor159/visitor.gd:77: Error: Max allowed line length (100) exceeded (max-line-length)
./modules/shell/prototype/gallery_walk4/visitor159/visitor.gd:95: Error: Max allowed line length (100) exceeded (max-line-length)
./modules/shell/prototype/gallery_walk4/visitor159/visitor.gd:102: Error: Max allowed line length (100) exceeded (max-line-length)
./modules/shell/prototype/gallery_walk4/visitor159/visitor.gd:142: Error: Max allowed line length (100) exceeded (max-line-length)
./modules/shell/prototype/gallery_walk4/visitor159/visitor.gd:147: Error: Max allowed line length (100) exceeded (max-line-length)
./modules/shell/prototype/gallery_walk4/visitor159/visitor.gd:175: Error: Max allowed line length (100) exceeded (max-line-length)
./modules/shell/prototype/gallery_walk4/visitor159/visitor.gd:218: Error: Max allowed line length (100) exceeded (max-line-length)
./modules/shell/prototype/gallery_walk4/visitor159/visitor.gd:279: Error: Max allowed line length (100) exceeded (max-line-length)
./modules/shell/prototype/gallery_walk4/visitor159/visitor.gd:293: Error: Max allowed line length (100) exceeded (max-line-length)
./modules/shell/prototype/gallery_walk4/visitor159/visitor.gd:317: Error: Max allowed line length (100) exceeded (max-line-length)
./modules/shell/prototype/gallery_walk4/portal_sculpt_relief_prepare.gd:30: Error: Max allowed line length (100) exceeded (max-line-length)
./modules/shell/prototype/gallery_walk4/portal_sculpt_relief_prepare.gd:32: Error: Max allowed line length (100) exceeded (max-line-length)
./modules/shell/prototype/gallery_walk4/portal_sculpt_relief_prepare.gd:35: Error: Max allowed line length (100) exceeded (max-line-length)
./modules/shell/prototype/gallery_walk4/portal_sculpt_relief_prepare.gd:36: Error: Max allowed line length (100) exceeded (max-line-length)
./modules/shell/prototype/gallery_walk4/portal_sculpt_relief_prepare.gd:50: Error: Max allowed line length (100) exceeded (max-line-length)
./modules/shell/prototype/gallery_walk4/portal_sculpt_relief_prepare.gd:58: Error: Max allowed line length (100) exceeded (max-line-length)
./modules/shell/prototype/gallery_walk4/portal_sculpt_relief_prepare.gd:59: Error: Max allowed line length (100) exceeded (max-line-length)
./modules/shell/prototype/gallery_walk4/portal_sculpt_relief_prepare.gd:62: Error: Max allowed line length (100) exceeded (max-line-length)
./modules/shell/prototype/gallery_walk4/portal_sculpt_relief_prepare.gd:64: Error: Max allowed line length (100) exceeded (max-line-length)
./modules/shell/prototype/gallery_walk4/portal_sculpt_relief_prepare.gd:65: Error: Max allowed line length (100) exceeded (max-line-length)
./modules/shell/prototype/gallery_walk4/portal_sculpt_relief_prepare.gd:70: Error: Max allowed line length (100) exceeded (max-line-length)
./modules/shell/prototype/gallery_walk4/portal_sculpt_relief_prepare.gd:77: Error: Max allowed line length (100) exceeded (max-line-length)
./modules/shell/prototype/gallery_walk4/portal_sculpt_relief_prepare.gd:78: Error: Max allowed line length (100) exceeded (max-line-length)
./modules/shell/prototype/gallery_walk4/portal_sculpt_relief_prepare.gd:79: Error: Max allowed line length (100) exceeded (max-line-length)
./modules/shell/prototype/gallery_walk4/portal_sculpt_relief_prepare.gd:81: Error: Max allowed line length (100) exceeded (max-line-length)
./modules/shell/prototype/gallery_walk4/portal_sculpt_relief_prepare.gd:84: Error: Max allowed line length (100) exceeded (max-line-length)
./modules/shell/prototype/gallery_walk4/portal_sculpt_relief_prepare.gd:93: Error: Max allowed line length (100) exceeded (max-line-length)
./modules/shell/prototype/gallery_walk4/portal_sculpt_relief_prepare.gd:101: Error: Max allowed line length (100) exceeded (max-line-length)
./modules/shell/prototype/gallery_walk4/portal_sculpt_relief_prepare.gd:103: Error: Max allowed line length (100) exceeded (max-line-length)
./modules/shell/prototype/gallery_walk4/portal_sculpt_relief_prepare.gd:138: Error: Max allowed line length (100) exceeded (max-line-length)
./modules/shell/prototype/gallery_walk4/portal_sculpt_relief_prepare.gd:139: Error: Max allowed line length (100) exceeded (max-line-length)
./modules/shell/prototype/gallery_walk4/portal_check.gd:28: Error: Max allowed line length (100) exceeded (max-line-length)
./modules/shell/prototype/gallery_walk4/portal_check.gd:30: Error: Max allowed line length (100) exceeded (max-line-length)
./modules/shell/prototype/gallery_walk4/portal_check.gd:38: Error: Max allowed line length (100) exceeded (max-line-length)
./modules/shell/prototype/gallery_walk4/portal_check.gd:50: Error: Max allowed line length (100) exceeded (max-line-length)
./modules/shell/demo.gd:3: Error: Max allowed line length (100) exceeded (max-line-length)
./modules/shell/demo.gd:4: Error: Max allowed line length (100) exceeded (max-line-length)
./modules/shell/demo.gd:17: Error: Max allowed line length (100) exceeded (max-line-length)
./modules/shell/demo.gd:35: Error: Max allowed line length (100) exceeded (max-line-length)
./modules/shell/demo.gd:36: Error: Max allowed line length (100) exceeded (max-line-length)
./modules/shell/demo.gd:41: Error: Max allowed line length (100) exceeded (max-line-length)
./modules/shell/demo.gd:53: Error: Max allowed line length (100) exceeded (max-line-length)
./modules/shell/demo.gd:95: Error: Max allowed line length (100) exceeded (max-line-length)
./modules/shell/demo.gd:96: Error: Max allowed line length (100) exceeded (max-line-length)
./modules/shell/demo.gd:149: Error: Max allowed line length (100) exceeded (max-line-length)
./modules/shell/shell.gd:26: Error: Max allowed line length (100) exceeded (max-line-length)
./modules/shell/shell.gd:44: Error: Max allowed line length (100) exceeded (max-line-length)
./modules/shell/shell.gd:83: Error: Max allowed line length (100) exceeded (max-line-length)
./modules/shell/shell.gd:114: Error: Max allowed line length (100) exceeded (max-line-length)
./modules/shell/shell.gd:152: Error: Max allowed line length (100) exceeded (max-line-length)
./modules/shell/shell.gd:212: Error: Max allowed line length (100) exceeded (max-line-length)
./modules/shell/shell.gd:214: Error: Max allowed line length (100) exceeded (max-line-length)
./modules/shell/shell.gd:217: Error: Max allowed line length (100) exceeded (max-line-length)
./modules/shell/shell.gd:17: Error: Definition out of order in global scope (class-definitions-order)
./modules/shell/shell.gd:18: Error: Definition out of order in global scope (class-definitions-order)
./modules/shell/interface.gd:42: Error: Max allowed line length (100) exceeded (max-line-length)
./modules/shell/interface.gd:65: Error: Max allowed line length (100) exceeded (max-line-length)
./modules/shell/interface.gd:91: Error: Max allowed line length (100) exceeded (max-line-length)
./modules/shell/interface.gd:39: Error: Constant (load/preload) name "_Impl" is not valid (load-constant-name)
./modules/shell/hover_glow.gd:2: Error: Max allowed line length (100) exceeded (max-line-length)
./modules/shell/hover_glow.gd:3: Error: Max allowed line length (100) exceeded (max-line-length)
./modules/shell/hover_glow.gd:4: Error: Max allowed line length (100) exceeded (max-line-length)
./modules/shell/hover_glow.gd:5: Error: Max allowed line length (100) exceeded (max-line-length)
./modules/shell/hover_glow.gd:10: Error: Max allowed line length (100) exceeded (max-line-length)
./modules/shell/hover_glow.gd:20: Error: Max allowed line length (100) exceeded (max-line-length)
./modules/shell/hover_glow.gd:21: Error: Max allowed line length (100) exceeded (max-line-length)
./modules/shell/hover_glow.gd:146: Error: Max allowed line length (100) exceeded (max-line-length)
./modules/shell/hover_glow.gd:151: Error: Max allowed line length (100) exceeded (max-line-length)
./modules/shell/hover_glow.gd:154: Error: Max allowed line length (100) exceeded (max-line-length)
./modules/shell/hover_glow.gd:160: Error: Max allowed line length (100) exceeded (max-line-length)
./modules/shell/hover_glow.gd:164: Error: Max allowed line length (100) exceeded (max-line-length)
./modules/shell/hover_glow.gd:169: Error: Max allowed line length (100) exceeded (max-line-length)
./modules/shell/hover_glow.gd:194: Error: Max allowed line length (100) exceeded (max-line-length)
./modules/shell/desktop_icons.gd:10: Error: Max allowed line length (100) exceeded (max-line-length)
./modules/shell/desktop_icons.gd:16: Error: Max allowed line length (100) exceeded (max-line-length)
./modules/shell/desktop_icons.gd:23: Error: Max allowed line length (100) exceeded (max-line-length)
./modules/shell/desktop_icons.gd:47: Error: Max allowed line length (100) exceeded (max-line-length)
./modules/shell/desktop_icons.gd:59: Error: Max allowed line length (100) exceeded (max-line-length)
./modules/shell/desktop_icons.gd:69: Error: Max allowed line length (100) exceeded (max-line-length)
./modules/shell/desktop_icons.gd:70: Error: Max allowed line length (100) exceeded (max-line-length)
./modules/shell/desktop_icons.gd:71: Error: Max allowed line length (100) exceeded (max-line-length)
./modules/shell/desktop_icons.gd:76: Error: Max allowed line length (100) exceeded (max-line-length)
./modules/shell/desktop_icons.gd:93: Error: Max allowed line length (100) exceeded (max-line-length)
./modules/shell/desktop_icons.gd:96: Error: Max allowed line length (100) exceeded (max-line-length)
./modules/shell/desktop_icons.gd:123: Error: Max allowed line length (100) exceeded (max-line-length)
./modules/shell/desktop_icons.gd:147: Error: Max allowed line length (100) exceeded (max-line-length)
./modules/shell/boot_loader.gd:12: Error: Max allowed line length (100) exceeded (max-line-length)
./modules/shell/boot_loader.gd:18: Error: Max allowed line length (100) exceeded (max-line-length)
./modules/shell/boot_loader.gd:22: Error: Max allowed line length (100) exceeded (max-line-length)
./modules/shell/boot_loader.gd:24: Error: Max allowed line length (100) exceeded (max-line-length)
./modules/shell/boot_loader.gd:50: Error: Max allowed line length (100) exceeded (max-line-length)
./modules/shell/boot_loader.gd:92: Error: Max allowed line length (100) exceeded (max-line-length)
./modules/shell/boot_loader.gd:133: Error: Max allowed line length (100) exceeded (max-line-length)
./modules/shell/boot_loader.gd:155: Error: Max allowed line length (100) exceeded (max-line-length)
./modules/shell/boot_loader.gd:216: Error: Max allowed line length (100) exceeded (max-line-length)
./modules/shell/playtest/visitor174_check.gd:13: Error: Max allowed line length (100) exceeded (max-line-length)
./modules/shell/playtest/visitor174_check.gd:14: Error: Max allowed line length (100) exceeded (max-line-length)
./modules/shell/playtest/visitor174_check.gd:19: Error: Max allowed line length (100) exceeded (max-line-length)
./modules/shell/playtest/visitor174_check.gd:26: Error: Max allowed line length (100) exceeded (max-line-length)
./modules/shell/playtest/visitor174_check.gd:30: Error: Max allowed line length (100) exceeded (max-line-length)
./modules/shell/playtest/visitor174_check.gd:55: Error: Max allowed line length (100) exceeded (max-line-length)
./modules/shell/playtest/visitor174_check.gd:81: Error: Max allowed line length (100) exceeded (max-line-length)
./modules/shell/playtest/visitor174_check.gd:84: Error: Max allowed line length (100) exceeded (max-line-length)
./modules/shell/playtest/containment.gd:18: Error: Max allowed line length (100) exceeded (max-line-length)
./modules/shell/playtest/containment.gd:23: Error: Max allowed line length (100) exceeded (max-line-length)
./modules/shell/playtest/containment.gd:25: Error: Max allowed line length (100) exceeded (max-line-length)
./modules/shell/playtest/containment.gd:41: Error: Max allowed line length (100) exceeded (max-line-length)
./modules/shell/playtest/collection_preview_check.gd:31: Error: Max allowed line length (100) exceeded (max-line-length)
./modules/shell/playtest/collection_preview_check.gd:63: Error: Max allowed line length (100) exceeded (max-line-length)
./modules/shell/playtest/collection_preview_check.gd:64: Error: Max allowed line length (100) exceeded (max-line-length)
./modules/shell/playtest/icon_rail_capture.gd:55: Error: Max allowed line length (100) exceeded (max-line-length)
./modules/shell/playtest/icon_rail_capture.gd:70: Error: Max allowed line length (100) exceeded (max-line-length)
./modules/shell/playtest/dummy_tenant.gd:29: Error: Max allowed line length (100) exceeded (max-line-length)
./modules/shell/playtest/visitor174_capture.gd:47: Error: Max allowed line length (100) exceeded (max-line-length)
./modules/shell/playtest/collection_fit_check.gd:15: Error: Max allowed line length (100) exceeded (max-line-length)
./modules/shell/playtest/collection_fit_check.gd:17: Error: Max allowed line length (100) exceeded (max-line-length)
./modules/shell/playtest/collection_fit_check.gd:22: Error: Max allowed line length (100) exceeded (max-line-length)
./modules/shell/playtest/harness.gd:3: Error: Max allowed line length (100) exceeded (max-line-length)
./modules/shell/playtest/harness.gd:4: Error: Max allowed line length (100) exceeded (max-line-length)
./modules/shell/playtest/harness.gd:31: Error: Max allowed line length (100) exceeded (max-line-length)
./modules/shell/playtest/harness.gd:32: Error: Max allowed line length (100) exceeded (max-line-length)
./modules/shell/playtest/harness.gd:33: Error: Max allowed line length (100) exceeded (max-line-length)
./modules/shell/playtest/harness.gd:44: Error: Max allowed line length (100) exceeded (max-line-length)
./modules/shell/playtest/harness.gd:62: Error: Max allowed line length (100) exceeded (max-line-length)
./modules/shell/playtest/harness.gd:72: Error: Max allowed line length (100) exceeded (max-line-length)
./modules/shell/playtest/harness.gd:74: Error: Max allowed line length (100) exceeded (max-line-length)
./modules/shell/playtest/harness.gd:75: Error: Max allowed line length (100) exceeded (max-line-length)
./modules/shell/playtest/harness.gd:79: Error: Max allowed line length (100) exceeded (max-line-length)
./modules/shell/playtest/harness.gd:87: Error: Max allowed line length (100) exceeded (max-line-length)
./modules/shell/playtest/harness.gd:97: Error: Max allowed line length (100) exceeded (max-line-length)
./modules/shell/playtest/harness.gd:155: Error: Max allowed line length (100) exceeded (max-line-length)
./modules/shell/square_chrome.gd:8: Error: Max allowed line length (100) exceeded (max-line-length)
./modules/shell/square_chrome.gd:9: Error: Max allowed line length (100) exceeded (max-line-length)
./modules/shell/square_chrome.gd:69: Error: Max allowed line length (100) exceeded (max-line-length)
./modules/shell/square_chrome.gd:70: Error: Max allowed line length (100) exceeded (max-line-length)
./modules/shell/square_chrome.gd:128: Error: Max allowed line length (100) exceeded (max-line-length)
./modules/shell/square_chrome.gd:136: Error: Max allowed line length (100) exceeded (max-line-length)
./modules/shell/square_chrome.gd:180: Error: Max allowed line length (100) exceeded (max-line-length)
./modules/shell/square_chrome.gd:217: Error: Max allowed line length (100) exceeded (max-line-length)
./modules/shell/square_chrome.gd:225: Error: Max allowed line length (100) exceeded (max-line-length)
./modules/shell/window_shadows.gd:5: Error: Max allowed line length (100) exceeded (max-line-length)
./modules/shell/window_shadows.gd:25: Error: Max allowed line length (100) exceeded (max-line-length)
./modules/shell/window_shadows.gd:48: Error: Max allowed line length (100) exceeded (max-line-length)
./modules/shell/window_shadows.gd:83: Error: Max allowed line length (100) exceeded (max-line-length)
./modules/shell/window_shadows.gd:103: Error: Max allowed line length (100) exceeded (max-line-length)
./modules/shell/window_shadows.gd:106: Error: Max allowed line length (100) exceeded (max-line-length)
./modules/shell/window_shadows.gd:181: Error: Max allowed line length (100) exceeded (max-line-length)
./modules/shell/window_shadows.gd:205: Error: Max allowed line length (100) exceeded (max-line-length)
./modules/shell/window_shadows.gd:26: Error: Definition out of order in global scope (class-definitions-order)
./modules/shell/window_shadows.gd:182: Error: Definition out of order in global scope (class-definitions-order)
./modules/sound_cues/interface.gd:11: Error: Constant (load/preload) name "_Impl" is not valid (load-constant-name)
./modules/sound_cues/playtest/check.gd:52: Error: Max allowed line length (100) exceeded (max-line-length)
./modules/sound_cues/playtest/check.gd:55: Error: Max allowed line length (100) exceeded (max-line-length)
./modules/video_player/interface.gd:25: Error: Constant (load/preload) name "_Impl" is not valid (load-constant-name)
./modules/video_player/errors.gd:5: Error: Max allowed line length (100) exceeded (max-line-length)
./modules/video_player/video_player.gd:10: Error: Max allowed line length (100) exceeded (max-line-length)
./modules/video_player/video_player.gd:21: Error: Max allowed line length (100) exceeded (max-line-length)
./modules/video_player/video_player.gd:111: Error: Max allowed line length (100) exceeded (max-line-length)
./modules/video_player/video_player.gd:114: Error: Max allowed line length (100) exceeded (max-line-length)
./modules/video_player/video_player.gd:143: Error: Max allowed line length (100) exceeded (max-line-length)
./modules/video_player/video_player.gd:193: Error: Max allowed line length (100) exceeded (max-line-length)
./modules/video_player/video_player.gd:194: Error: Max allowed line length (100) exceeded (max-line-length)
./modules/video_player/video_player.gd:276: Error: Max allowed line length (100) exceeded (max-line-length)
./modules/video_player/video_player.gd:277: Error: Max allowed line length (100) exceeded (max-line-length)
./modules/video_player/video_player.gd:278: Error: Max allowed line length (100) exceeded (max-line-length)
./modules/video_player/video_player.gd:403: Error: Max allowed line length (100) exceeded (max-line-length)
./modules/video_player/video_player.gd:532: Error: Max allowed line length (100) exceeded (max-line-length)
./modules/video_player/video_player.gd:538: Error: Max allowed line length (100) exceeded (max-line-length)
./modules/video_player/video_player.gd:570: Error: Max allowed line length (100) exceeded (max-line-length)
./modules/video_player/video_player.gd:578: Error: Max allowed line length (100) exceeded (max-line-length)
./modules/video_player/video_player.gd:673: Error: Max allowed line length (100) exceeded (max-line-length)
./modules/video_player/video_player.gd:710: Error: Max allowed line length (100) exceeded (max-line-length)
./modules/video_player/video_player.gd:729: Error: Max allowed line length (100) exceeded (max-line-length)
./modules/video_player/video_player.gd:730: Error: Max allowed line length (100) exceeded (max-line-length)
./modules/video_player/video_player.gd:737: Error: Max allowed line length (100) exceeded (max-line-length)
./modules/video_player/video_player.gd:749: Error: Max allowed line length (100) exceeded (max-line-length)
./modules/video_player/video_player.gd:753: Error: Max allowed line length (100) exceeded (max-line-length)
./modules/video_player/video_player.gd:760: Error: Max allowed line length (100) exceeded (max-line-length)
./modules/video_player/video_player.gd:810: Error: Max allowed line length (100) exceeded (max-line-length)
./modules/video_player/video_player.gd:813: Error: Max allowed line length (100) exceeded (max-line-length)
./modules/video_player/video_player.gd:890: Error: Max allowed line length (100) exceeded (max-line-length)
./modules/video_player/playtest/harness.gd:30: Error: Max allowed line length (100) exceeded (max-line-length)
./modules/video_player/playtest/harness.gd:38: Error: Max allowed line length (100) exceeded (max-line-length)
./modules/video_player/playtest/harness.gd:39: Error: Max allowed line length (100) exceeded (max-line-length)
./modules/video_player/playtest/harness.gd:47: Error: Max allowed line length (100) exceeded (max-line-length)
./modules/video_player/playtest/harness.gd:57: Error: Max allowed line length (100) exceeded (max-line-length)
./modules/video_player/playtest/harness.gd:58: Error: Max allowed line length (100) exceeded (max-line-length)
./modules/video_player/playtest/harness.gd:60: Error: Max allowed line length (100) exceeded (max-line-length)
./modules/video_player/playtest/harness.gd:62: Error: Max allowed line length (100) exceeded (max-line-length)
./modules/video_player/playtest/harness.gd:65: Error: Max allowed line length (100) exceeded (max-line-length)
./modules/video_player/playtest/harness.gd:170: Error: Max allowed line length (100) exceeded (max-line-length)
./modules/video_player/playtest/harness.gd:176: Error: Max allowed line length (100) exceeded (max-line-length)
./modules/playground_page/websurfer_window.gd:58: Error: Max allowed line length (100) exceeded (max-line-length)
./modules/playground_page/websurfer_window.gd:59: Error: Max allowed line length (100) exceeded (max-line-length)
./modules/playground_page/websurfer_window.gd:61: Error: Max allowed line length (100) exceeded (max-line-length)
./modules/playground_page/websurfer_window.gd:63: Error: Max allowed line length (100) exceeded (max-line-length)
./modules/playground_page/websurfer_window.gd:65: Error: Max allowed line length (100) exceeded (max-line-length)
./modules/playground_page/websurfer_window.gd:68: Error: Max allowed line length (100) exceeded (max-line-length)
./modules/playground_page/websurfer_window.gd:74: Error: Max allowed line length (100) exceeded (max-line-length)
./modules/playground_page/websurfer_window.gd:75: Error: Max allowed line length (100) exceeded (max-line-length)
./modules/playground_page/websurfer_window.gd:128: Error: Max allowed line length (100) exceeded (max-line-length)
./modules/playground_page/websurfer_window.gd:172: Error: Max allowed line length (100) exceeded (max-line-length)
./modules/playground_page/arena_embed.gd:8: Error: Max allowed line length (100) exceeded (max-line-length)
./modules/playground_page/arena_embed.gd:28: Error: Max allowed line length (100) exceeded (max-line-length)
./modules/playground_page/arena_embed.gd:29: Error: Max allowed line length (100) exceeded (max-line-length)
./modules/playground_page/arena_embed.gd:56: Error: Max allowed line length (100) exceeded (max-line-length)
./modules/playground_page/arena_embed.gd:58: Error: Max allowed line length (100) exceeded (max-line-length)
./modules/playground_page/arena_embed.gd:65: Error: Max allowed line length (100) exceeded (max-line-length)
./modules/playground_page/arena_embed.gd:66: Error: Max allowed line length (100) exceeded (max-line-length)
./modules/playground_page/arena_embed.gd:68: Error: Max allowed line length (100) exceeded (max-line-length)
./modules/playground_page/arena_embed.gd:70: Error: Max allowed line length (100) exceeded (max-line-length)
./modules/playground_page/arena_embed.gd:72: Error: Max allowed line length (100) exceeded (max-line-length)
./modules/playground_page/arena_embed.gd:76: Error: Max allowed line length (100) exceeded (max-line-length)
./modules/playground_page/arena_embed.gd:77: Error: Max allowed line length (100) exceeded (max-line-length)
./modules/playground_page/arena_embed.gd:81: Error: Max allowed line length (100) exceeded (max-line-length)
./modules/playground_page/arena_embed.gd:83: Error: Max allowed line length (100) exceeded (max-line-length)
./modules/playground_page/arena_embed.gd:86: Error: Max allowed line length (100) exceeded (max-line-length)
./modules/playground_page/arena_embed.gd:87: Error: Max allowed line length (100) exceeded (max-line-length)
./modules/playground_page/arena_embed.gd:88: Error: Max allowed line length (100) exceeded (max-line-length)
./modules/playground_page/arena_embed.gd:98: Error: Max allowed line length (100) exceeded (max-line-length)
./modules/playground_page/arena_embed.gd:114: Error: Max allowed line length (100) exceeded (max-line-length)
./modules/playground_page/arena_embed.gd:122: Error: Max allowed line length (100) exceeded (max-line-length)
./modules/playground_page/arena_embed.gd:132: Error: Max allowed line length (100) exceeded (max-line-length)
./modules/playground_page/arena_embed.gd:133: Error: Max allowed line length (100) exceeded (max-line-length)
./modules/playground_page/interface.gd:14: Error: Max allowed line length (100) exceeded (max-line-length)
./modules/playground_page/interface.gd:15: Error: Max allowed line length (100) exceeded (max-line-length)
./modules/playground_page/interface.gd:58: Error: Max allowed line length (100) exceeded (max-line-length)
./modules/playground_page/interface.gd:30: Error: Constant (load/preload) name "_Impl" is not valid (load-constant-name)
./modules/playground_page/embedded_check.gd:10: Error: Max allowed line length (100) exceeded (max-line-length)
./modules/playground_page/embedded_check.gd:19: Error: Max allowed line length (100) exceeded (max-line-length)
./modules/playground_page/embedded_check.gd:27: Error: Max allowed line length (100) exceeded (max-line-length)
./modules/playground_page/playground_page.gd:5: Error: Max allowed line length (100) exceeded (max-line-length)
./modules/playground_page/playground_page.gd:11: Error: Max allowed line length (100) exceeded (max-line-length)
./modules/playground_page/playground_page.gd:13: Error: Max allowed line length (100) exceeded (max-line-length)
./modules/playground_page/playground_page.gd:23: Error: Max allowed line length (100) exceeded (max-line-length)
./modules/playground_page/playground_page.gd:34: Error: Max allowed line length (100) exceeded (max-line-length)
./modules/playground_page/playground_page.gd:45: Error: Max allowed line length (100) exceeded (max-line-length)
./modules/playground_page/playground_page.gd:220: Error: Max allowed line length (100) exceeded (max-line-length)
./modules/playground_page/playground_page.gd:221: Error: Max allowed line length (100) exceeded (max-line-length)
./modules/playground_page/playground_page.gd:241: Error: Max allowed line length (100) exceeded (max-line-length)
./modules/playground_page/playground_page.gd:251: Error: Max allowed line length (100) exceeded (max-line-length)
./modules/playground_page/playground_page.gd:269: Error: Max allowed line length (100) exceeded (max-line-length)
./modules/playground_page/playground_page.gd:273: Error: Max allowed line length (100) exceeded (max-line-length)
./modules/playground_page/playground_page.gd:297: Error: Max allowed line length (100) exceeded (max-line-length)
./modules/playground_page/playground_page.gd:318: Error: Max allowed line length (100) exceeded (max-line-length)
./modules/playground_page/playground_page.gd:425: Error: Max allowed line length (100) exceeded (max-line-length)
./modules/playground_page/playground_page.gd:442: Error: Max allowed line length (100) exceeded (max-line-length)
./modules/playground_page/playground_page.gd:480: Error: Max allowed line length (100) exceeded (max-line-length)
./modules/playground_page/playground_page.gd:506: Error: Max allowed line length (100) exceeded (max-line-length)
./modules/playground_page/playground_page.gd:547: Error: Max allowed line length (100) exceeded (max-line-length)
./modules/playground_page/playground_page.gd:549: Error: Max allowed line length (100) exceeded (max-line-length)
./modules/playground_page/playground_page.gd:575: Error: Max allowed line length (100) exceeded (max-line-length)
./modules/playground_page/playground_page.gd:679: Error: Max allowed line length (100) exceeded (max-line-length)
./modules/playground_page/playground_page.gd:693: Error: Max allowed line length (100) exceeded (max-line-length)
./modules/playground_page/playground_page.gd:700: Error: Max allowed line length (100) exceeded (max-line-length)
./modules/playground_page/playground_page.gd:715: Error: Max allowed line length (100) exceeded (max-line-length)
./modules/playground_page/playground_page.gd:727: Error: Max allowed line length (100) exceeded (max-line-length)
./modules/playground_page/playground_page.gd:728: Error: Max allowed line length (100) exceeded (max-line-length)
./modules/playground_page/playground_page.gd:729: Error: Max allowed line length (100) exceeded (max-line-length)
./modules/playground_page/playground_page.gd:730: Error: Max allowed line length (100) exceeded (max-line-length)
./modules/playground_page/playground_page.gd:732: Error: Max allowed line length (100) exceeded (max-line-length)
./modules/playground_page/playground_page.gd:743: Error: Max allowed line length (100) exceeded (max-line-length)
./modules/playground_page/playground_page.gd:755: Error: Max allowed line length (100) exceeded (max-line-length)
./modules/playground_page/playground_page.gd:760: Error: Max allowed line length (100) exceeded (max-line-length)
./modules/playground_page/playground_page.gd:770: Error: Max allowed line length (100) exceeded (max-line-length)
./modules/playground_page/playground_page.gd:851: Error: Max allowed line length (100) exceeded (max-line-length)
./modules/playground_page/playground_page.gd:75: Error: Definition out of order in global scope (class-definitions-order)
./modules/playground_page/playground_page.gd:76: Error: Definition out of order in global scope (class-definitions-order)
./modules/playground_page/playground_page.gd:77: Error: Definition out of order in global scope (class-definitions-order)
./modules/playground_page/playground_page.gd:78: Error: Definition out of order in global scope (class-definitions-order)
./modules/playground_page/playground_page.gd:79: Error: Definition out of order in global scope (class-definitions-order)
./modules/playground_page/playground_page.gd:80: Error: Definition out of order in global scope (class-definitions-order)
./modules/playground_page/playground_page.gd:81: Error: Definition out of order in global scope (class-definitions-order)
./modules/playground_page/playground_page.gd:82: Error: Definition out of order in global scope (class-definitions-order)
./modules/playground_page/playground_page.gd:83: Error: Definition out of order in global scope (class-definitions-order)
./modules/playground_page/playground_page.gd:84: Error: Definition out of order in global scope (class-definitions-order)
./modules/playground_page/playground_page.gd:85: Error: Definition out of order in global scope (class-definitions-order)
./modules/playground_page/playground_page.gd:86: Error: Definition out of order in global scope (class-definitions-order)
./modules/playground_page/playground_page.gd:87: Error: Definition out of order in global scope (class-definitions-order)
./modules/playground_page/playground_page.gd:88: Error: Definition out of order in global scope (class-definitions-order)
./modules/playground_page/playground_page.gd:89: Error: Definition out of order in global scope (class-definitions-order)
./modules/playground_page/playground_page.gd:90: Error: Definition out of order in global scope (class-definitions-order)
./modules/playground_page/playground_page.gd:91: Error: Definition out of order in global scope (class-definitions-order)
./modules/playground_page/playground_page.gd:92: Error: Definition out of order in global scope (class-definitions-order)
./modules/playground_page/playground_page.gd:93: Error: Definition out of order in global scope (class-definitions-order)
./modules/playground_page/playground_page.gd:94: Error: Definition out of order in global scope (class-definitions-order)
./modules/playground_page/playground_page.gd:95: Error: Definition out of order in global scope (class-definitions-order)
./modules/playground_page/playground_page.gd:96: Error: Definition out of order in global scope (class-definitions-order)
./modules/playground_page/journal_window.gd:12: Error: Max allowed line length (100) exceeded (max-line-length)
./modules/playground_page/journal_window.gd:77: Error: Max allowed line length (100) exceeded (max-line-length)
./modules/playground_page/journal_window.gd:274: Error: Max allowed line length (100) exceeded (max-line-length)
./modules/playground_page/journal_window.gd:359: Error: Max allowed line length (100) exceeded (max-line-length)
./modules/playground_page/journal_paper_turn.gd:9: Error: Max allowed line length (100) exceeded (max-line-length)
./modules/playground_page/journal_paper_turn.gd:63: Error: Max allowed line length (100) exceeded (max-line-length)
./modules/playground_page/journal_paper_turn.gd:90: Error: Max allowed line length (100) exceeded (max-line-length)
./modules/playground_page/journal_paper_turn.gd:91: Error: Max allowed line length (100) exceeded (max-line-length)
./modules/playground_page/playtest/square_harness.gd:19: Error: Max allowed line length (100) exceeded (max-line-length)
./modules/playground_page/playtest/square_harness.gd:22: Error: Max allowed line length (100) exceeded (max-line-length)
./modules/playground_page/playtest/square_harness.gd:43: Error: Max allowed line length (100) exceeded (max-line-length)
./modules/playground_page/playtest/square_harness.gd:67: Error: Max allowed line length (100) exceeded (max-line-length)
./modules/playground_page/playtest/harness.gd:1: Error: Max allowed line length (100) exceeded (max-line-length)
./modules/playground_page/playtest/harness.gd:2: Error: Max allowed line length (100) exceeded (max-line-length)
./modules/playground_page/playtest/harness.gd:3: Error: Max allowed line length (100) exceeded (max-line-length)
./modules/playground_page/playtest/harness.gd:4: Error: Max allowed line length (100) exceeded (max-line-length)
./modules/playground_page/playtest/harness.gd:5: Error: Max allowed line length (100) exceeded (max-line-length)
./modules/playground_page/playtest/harness.gd:29: Error: Max allowed line length (100) exceeded (max-line-length)
./modules/playground_page/playtest/harness.gd:37: Error: Max allowed line length (100) exceeded (max-line-length)
./modules/playground_page/playtest/harness.gd:38: Error: Max allowed line length (100) exceeded (max-line-length)
./modules/playground_page/playtest/harness.gd:39: Error: Max allowed line length (100) exceeded (max-line-length)
./modules/playground_page/playtest/harness.gd:46: Error: Max allowed line length (100) exceeded (max-line-length)
./modules/playground_page/playtest/harness.gd:51: Error: Max allowed line length (100) exceeded (max-line-length)
./modules/playground_page/playtest/harness.gd:53: Error: Max allowed line length (100) exceeded (max-line-length)
./modules/playground_page/playtest/harness.gd:54: Error: Max allowed line length (100) exceeded (max-line-length)
./modules/playground_page/playtest/harness.gd:79: Error: Max allowed line length (100) exceeded (max-line-length)
./modules/playground_page/playtest/harness.gd:80: Error: Max allowed line length (100) exceeded (max-line-length)
./modules/playground_page/playtest/harness.gd:85: Error: Max allowed line length (100) exceeded (max-line-length)
./modules/playground_page/playtest/harness.gd:95: Error: Max allowed line length (100) exceeded (max-line-length)
./modules/playground_page/playtest/harness.gd:107: Error: Max allowed line length (100) exceeded (max-line-length)
./modules/playground_page/playtest/harness.gd:115: Error: Max allowed line length (100) exceeded (max-line-length)
./modules/playground_page/playtest/harness.gd:127: Error: Max allowed line length (100) exceeded (max-line-length)
./modules/playground_page/playtest/harness.gd:145: Error: Max allowed line length (100) exceeded (max-line-length)
./modules/playground_page/square_pages.gd:7: Error: Max allowed line length (100) exceeded (max-line-length)
./modules/playground_page/square_pages.gd:42: Error: Max allowed line length (100) exceeded (max-line-length)
./modules/playground_page/square_pages.gd:62: Error: Max allowed line length (100) exceeded (max-line-length)
./modules/playground_page/square_pages.gd:63: Error: Max allowed line length (100) exceeded (max-line-length)
./modules/playground_page/square_pages.gd:174: Error: Max allowed line length (100) exceeded (max-line-length)
./modules/playground_page/square_pages.gd:175: Error: Max allowed line length (100) exceeded (max-line-length)
./modules/playground_page/square_pages.gd:234: Error: Max allowed line length (100) exceeded (max-line-length)
./modules/playground_page/square_pages.gd:237: Error: Max allowed line length (100) exceeded (max-line-length)
./modules/playground_page/square_pages.gd:244: Error: Max allowed line length (100) exceeded (max-line-length)
./modules/playground_page/square_pages.gd:246: Error: Max allowed line length (100) exceeded (max-line-length)
./modules/playground_page/square_pages.gd:250: Error: Max allowed line length (100) exceeded (max-line-length)
./modules/playground_page/square_pages.gd:258: Error: Max allowed line length (100) exceeded (max-line-length)
./modules/playground_page/square_pages.gd:262: Error: Max allowed line length (100) exceeded (max-line-length)
./modules/playground_page/square_pages.gd:277: Error: Max allowed line length (100) exceeded (max-line-length)
./modules/playground_page/square_pages.gd:295: Error: Max allowed line length (100) exceeded (max-line-length)
./modules/playground_page/square_pages.gd:301: Error: Max allowed line length (100) exceeded (max-line-length)
./modules/playground_page/square_pages.gd:310: Error: Max allowed line length (100) exceeded (max-line-length)
./modules/playground_page/square_pages.gd:328: Error: Max allowed line length (100) exceeded (max-line-length)
./modules/playground_page/square_pages.gd:333: Error: Max allowed line length (100) exceeded (max-line-length)
./modules/playground_page/square_pages.gd:348: Error: Max allowed line length (100) exceeded (max-line-length)
./modules/playground_page/square_pages.gd:375: Error: Max allowed line length (100) exceeded (max-line-length)
./modules/playground_page/square_pages.gd:404: Error: Max allowed line length (100) exceeded (max-line-length)
./modules/playground_page/square_pages.gd:405: Error: Max allowed line length (100) exceeded (max-line-length)
./modules/playground_page/square_pages.gd:431: Error: Max allowed line length (100) exceeded (max-line-length)
./modules/playground_page/square_pages.gd:433: Error: Max allowed line length (100) exceeded (max-line-length)
./modules/tab_strip/interface.gd:13: Error: Max allowed line length (100) exceeded (max-line-length)
./modules/tab_strip/interface.gd:14: Error: Max allowed line length (100) exceeded (max-line-length)
./modules/tab_strip/interface.gd:15: Error: Max allowed line length (100) exceeded (max-line-length)
./modules/tab_strip/interface.gd:16: Error: Max allowed line length (100) exceeded (max-line-length)
./modules/tab_strip/interface.gd:41: Error: Max allowed line length (100) exceeded (max-line-length)
./modules/tab_strip/interface.gd:56: Error: Max allowed line length (100) exceeded (max-line-length)
./modules/tab_strip/interface.gd:68: Error: Max allowed line length (100) exceeded (max-line-length)
./modules/tab_strip/interface.gd:70: Error: Max allowed line length (100) exceeded (max-line-length)
./modules/tab_strip/interface.gd:90: Error: Max allowed line length (100) exceeded (max-line-length)
./modules/tab_strip/interface.gd:91: Error: Max allowed line length (100) exceeded (max-line-length)
./modules/tab_strip/interface.gd:94: Error: Max allowed line length (100) exceeded (max-line-length)
./modules/tab_strip/interface.gd:100: Error: Max allowed line length (100) exceeded (max-line-length)
./modules/tab_strip/interface.gd:106: Error: Max allowed line length (100) exceeded (max-line-length)
./modules/tab_strip/interface.gd:24: Error: Constant (load/preload) name "_Impl" is not valid (load-constant-name)
./modules/tab_strip/tab_strip.gd:25: Error: Max allowed line length (100) exceeded (max-line-length)
./modules/tab_strip/tab_strip.gd:33: Error: Max allowed line length (100) exceeded (max-line-length)
./modules/tab_strip/tab_strip.gd:34: Error: Max allowed line length (100) exceeded (max-line-length)
./modules/tab_strip/tab_strip.gd:39: Error: Max allowed line length (100) exceeded (max-line-length)
./modules/tab_strip/tab_strip.gd:67: Error: Max allowed line length (100) exceeded (max-line-length)
./modules/tab_strip/tab_strip.gd:90: Error: Max allowed line length (100) exceeded (max-line-length)
./modules/tab_strip/tab_strip.gd:99: Error: Max allowed line length (100) exceeded (max-line-length)
./modules/tab_strip/tab_strip.gd:175: Error: Max allowed line length (100) exceeded (max-line-length)
./modules/tab_strip/tab_strip.gd:205: Error: Max allowed line length (100) exceeded (max-line-length)
./modules/tab_strip/tab_strip.gd:214: Error: Max allowed line length (100) exceeded (max-line-length)
./modules/tab_strip/tab_strip.gd:231: Error: Max allowed line length (100) exceeded (max-line-length)
./modules/tab_strip/tab_strip.gd:232: Error: Max allowed line length (100) exceeded (max-line-length)
./modules/tab_strip/tab_strip.gd:233: Error: Max allowed line length (100) exceeded (max-line-length)
./modules/tab_strip/tab_strip.gd:234: Error: Max allowed line length (100) exceeded (max-line-length)
./modules/tab_strip/tab_strip.gd:235: Error: Max allowed line length (100) exceeded (max-line-length)
./modules/tab_strip/tab_strip.gd:236: Error: Max allowed line length (100) exceeded (max-line-length)
./modules/tab_strip/tab_strip.gd:243: Error: Max allowed line length (100) exceeded (max-line-length)
./modules/tab_strip/tab_strip.gd:247: Error: Max allowed line length (100) exceeded (max-line-length)
./modules/tab_strip/tab_strip.gd:348: Error: Max allowed line length (100) exceeded (max-line-length)
./modules/tab_strip/tab_strip.gd:349: Error: Max allowed line length (100) exceeded (max-line-length)
./modules/tab_strip/tab_strip.gd:364: Error: Max allowed line length (100) exceeded (max-line-length)
./modules/tab_strip/tab_strip.gd:366: Error: Max allowed line length (100) exceeded (max-line-length)
./modules/tab_strip/tab_strip.gd:400: Error: Max allowed line length (100) exceeded (max-line-length)
./modules/tab_strip/tab_strip.gd:407: Error: Max allowed line length (100) exceeded (max-line-length)
./modules/tab_strip/tab_strip.gd:409: Error: Max allowed line length (100) exceeded (max-line-length)
./modules/tab_strip/tab_strip.gd:424: Error: Max allowed line length (100) exceeded (max-line-length)
./modules/tab_strip/tab_strip.gd:498: Error: Max allowed line length (100) exceeded (max-line-length)
./modules/tab_strip/tab_strip.gd:499: Error: Max allowed line length (100) exceeded (max-line-length)
./modules/tab_strip/tab_strip.gd:513: Error: Max allowed line length (100) exceeded (max-line-length)
./modules/tab_strip/tab_strip.gd:515: Error: Max allowed line length (100) exceeded (max-line-length)
./modules/tab_strip/tab_strip.gd:575: Error: Max allowed line length (100) exceeded (max-line-length)
./modules/tab_strip/tab_strip.gd:623: Error: Max allowed line length (100) exceeded (max-line-length)
./modules/tab_strip/tab_strip.gd:634: Error: Max allowed line length (100) exceeded (max-line-length)
./modules/tab_strip/tab_strip.gd:637: Error: Max allowed line length (100) exceeded (max-line-length)
./modules/tab_strip/tab_strip.gd:13: Error: Definition out of order in global scope (class-definitions-order)
./modules/tab_strip/tab_strip.gd:14: Error: Definition out of order in global scope (class-definitions-order)
./modules/tab_strip/tab_strip.gd:15: Error: Definition out of order in global scope (class-definitions-order)
./modules/tab_strip/tab_strip.gd:16: Error: Definition out of order in global scope (class-definitions-order)
./modules/tab_strip/tab_strip.gd:17: Error: Definition out of order in global scope (class-definitions-order)
./modules/tab_strip/playtest/harness.gd:19: Error: Max allowed line length (100) exceeded (max-line-length)
./modules/tab_strip/playtest/harness.gd:51: Error: Max allowed line length (100) exceeded (max-line-length)
./modules/tab_strip/playtest/harness.gd:123: Error: Max allowed line length (100) exceeded (max-line-length)
./modules/tab_strip/playtest/harness.gd:166: Error: Max allowed line length (100) exceeded (max-line-length)
./modules/tab_strip/playtest/harness.gd:175: Error: Max allowed line length (100) exceeded (max-line-length)
./modules/tab_strip/playtest/harness.gd:176: Error: Max allowed line length (100) exceeded (max-line-length)
./modules/atlas/interface.gd:39: Error: Max allowed line length (100) exceeded (max-line-length)
./modules/atlas/interface.gd:43: Error: Max allowed line length (100) exceeded (max-line-length)
./modules/atlas/interface.gd:44: Error: Max allowed line length (100) exceeded (max-line-length)
./modules/atlas/interface.gd:47: Error: Max allowed line length (100) exceeded (max-line-length)
./modules/atlas/interface.gd:27: Error: Constant (load/preload) name "_Impl" is not valid (load-constant-name)
./modules/atlas/errors.gd:5: Error: Max allowed line length (100) exceeded (max-line-length)
./modules/atlas/atlas.gd:10: Error: Max allowed line length (100) exceeded (max-line-length)
./modules/atlas/atlas.gd:11: Error: Max allowed line length (100) exceeded (max-line-length)
./modules/atlas/atlas.gd:34: Error: Max allowed line length (100) exceeded (max-line-length)
./modules/atlas/atlas.gd:89: Error: Max allowed line length (100) exceeded (max-line-length)
./modules/atlas/atlas.gd:100: Error: Max allowed line length (100) exceeded (max-line-length)
./modules/atlas/atlas.gd:215: Error: Max allowed line length (100) exceeded (max-line-length)
./modules/atlas/atlas.gd:236: Error: Max allowed line length (100) exceeded (max-line-length)
./modules/atlas/atlas.gd:280: Error: Max allowed line length (100) exceeded (max-line-length)
./modules/atlas/atlas.gd:288: Error: Max allowed line length (100) exceeded (max-line-length)
./modules/atlas/atlas.gd:361: Error: Max allowed line length (100) exceeded (max-line-length)
./modules/atlas/atlas.gd:375: Error: Max allowed line length (100) exceeded (max-line-length)
./modules/atlas/atlas.gd:401: Error: Max allowed line length (100) exceeded (max-line-length)
./modules/atlas/atlas.gd:402: Error: Max allowed line length (100) exceeded (max-line-length)
./modules/atlas/atlas.gd:405: Error: Max allowed line length (100) exceeded (max-line-length)
./modules/atlas/atlas.gd:411: Error: Max allowed line length (100) exceeded (max-line-length)
./modules/atlas/atlas.gd:417: Error: Max allowed line length (100) exceeded (max-line-length)
./modules/atlas/atlas.gd:427: Error: Max allowed line length (100) exceeded (max-line-length)
./modules/atlas/atlas.gd:437: Error: Max allowed line length (100) exceeded (max-line-length)
./modules/atlas/atlas.gd:438: Error: Max allowed line length (100) exceeded (max-line-length)
./modules/atlas/atlas.gd:469: Error: Max allowed line length (100) exceeded (max-line-length)
./modules/atlas/atlas.gd:480: Error: Max allowed line length (100) exceeded (max-line-length)
./modules/atlas/atlas.gd:481: Error: Max allowed line length (100) exceeded (max-line-length)
./modules/atlas/playtest/harness.gd:3: Error: Max allowed line length (100) exceeded (max-line-length)
./modules/atlas/playtest/harness.gd:17: Error: Max allowed line length (100) exceeded (max-line-length)
./modules/atlas/playtest/harness.gd:34: Error: Max allowed line length (100) exceeded (max-line-length)
./modules/atlas/playtest/harness.gd:47: Error: Max allowed line length (100) exceeded (max-line-length)
./modules/atlas/playtest/harness.gd:48: Error: Max allowed line length (100) exceeded (max-line-length)
./modules/atlas/playtest/harness.gd:56: Error: Max allowed line length (100) exceeded (max-line-length)
./modules/atlas/playtest/harness.gd:59: Error: Max allowed line length (100) exceeded (max-line-length)
./modules/atlas/playtest/harness.gd:60: Error: Max allowed line length (100) exceeded (max-line-length)
./modules/atlas/playtest/harness.gd:61: Error: Max allowed line length (100) exceeded (max-line-length)
./modules/atlas/playtest/harness.gd:77: Error: Max allowed line length (100) exceeded (max-line-length)
./modules/atlas/playtest/harness.gd:88: Error: Max allowed line length (100) exceeded (max-line-length)
./modules/atlas/playtest/harness.gd:142: Error: Max allowed line length (100) exceeded (max-line-length)
./modules/atlas/playtest/harness.gd:171: Error: Max allowed line length (100) exceeded (max-line-length)
./modules/atlas/playtest/harness.gd:176: Error: Max allowed line length (100) exceeded (max-line-length)
./modules/atlas/playtest/harness.gd:177: Error: Max allowed line length (100) exceeded (max-line-length)
./modules/atlas/playtest/harness.gd:204: Error: Max allowed line length (100) exceeded (max-line-length)
./modules/atlas/playtest/harness.gd:239: Error: Max allowed line length (100) exceeded (max-line-length)
./modules/atlas/atlas_window.gd:355: Error: Function "_input" has more than 6 return statements (max-returns)
./modules/atlas/atlas_window.gd:178: Error: Max allowed line length (100) exceeded (max-line-length)
./modules/atlas/atlas_window.gd:209: Error: Max allowed line length (100) exceeded (max-line-length)
./modules/atlas/atlas_window.gd:222: Error: Max allowed line length (100) exceeded (max-line-length)
./modules/atlas/atlas_window.gd:223: Error: Max allowed line length (100) exceeded (max-line-length)
./modules/atlas/atlas_window.gd:280: Error: Max allowed line length (100) exceeded (max-line-length)
./modules/atlas/atlas_window.gd:296: Error: Max allowed line length (100) exceeded (max-line-length)
./modules/atlas/atlas_window.gd:300: Error: Max allowed line length (100) exceeded (max-line-length)
./modules/atlas/atlas_window.gd:352: Error: Max allowed line length (100) exceeded (max-line-length)
./modules/atlas/atlas_window.gd:381: Error: Max allowed line length (100) exceeded (max-line-length)
./modules/atlas/atlas_window.gd:382: Error: Max allowed line length (100) exceeded (max-line-length)
./modules/atlas/atlas_window.gd:403: Error: Max allowed line length (100) exceeded (max-line-length)
./modules/atlas/atlas_window.gd:444: Error: Max allowed line length (100) exceeded (max-line-length)
./modules/atlas/atlas_window.gd:48: Error: Definition out of order in global scope (class-definitions-order)
./modules/atlas/atlas_window.gd:49: Error: Definition out of order in global scope (class-definitions-order)
./modules/sculpture_viewer/desktop.gd:2: Error: Max allowed line length (100) exceeded (max-line-length)
./modules/sculpture_viewer/desktop.gd:4: Error: Max allowed line length (100) exceeded (max-line-length)
./modules/sculpture_viewer/desktop.gd:5: Error: Max allowed line length (100) exceeded (max-line-length)
./modules/sculpture_viewer/desktop.gd:24: Error: Max allowed line length (100) exceeded (max-line-length)
./modules/sculpture_viewer/desktop.gd:28: Error: Max allowed line length (100) exceeded (max-line-length)
./modules/sculpture_viewer/desktop.gd:32: Error: Max allowed line length (100) exceeded (max-line-length)
./modules/sculpture_viewer/desktop.gd:33: Error: Max allowed line length (100) exceeded (max-line-length)
./modules/sculpture_viewer/desktop.gd:109: Error: Max allowed line length (100) exceeded (max-line-length)
./modules/sculpture_viewer/desktop.gd:196: Error: Max allowed line length (100) exceeded (max-line-length)
./modules/sculpture_viewer/desktop.gd:197: Error: Max allowed line length (100) exceeded (max-line-length)
./modules/sculpture_viewer/desktop.gd:198: Error: Max allowed line length (100) exceeded (max-line-length)
./modules/sculpture_viewer/desktop.gd:236: Error: Max allowed line length (100) exceeded (max-line-length)
./modules/sculpture_viewer/desktop.gd:243: Error: Max allowed line length (100) exceeded (max-line-length)
./modules/sculpture_viewer/desktop.gd:245: Error: Max allowed line length (100) exceeded (max-line-length)
./modules/sculpture_viewer/desktop.gd:261: Error: Max allowed line length (100) exceeded (max-line-length)
./modules/sculpture_viewer/desktop.gd:275: Error: Max allowed line length (100) exceeded (max-line-length)
./modules/sculpture_viewer/desktop.gd:276: Error: Max allowed line length (100) exceeded (max-line-length)
./modules/sculpture_viewer/desktop.gd:278: Error: Max allowed line length (100) exceeded (max-line-length)
./modules/sculpture_viewer/desktop.gd:279: Error: Max allowed line length (100) exceeded (max-line-length)
./modules/sculpture_viewer/interface.gd:9: Error: Constant (load/preload) name "_Impl" is not valid (load-constant-name)
./modules/sculpture_viewer/viewer.gd:2: Error: Max allowed line length (100) exceeded (max-line-length)
./modules/sculpture_viewer/viewer.gd:122: Error: Max allowed line length (100) exceeded (max-line-length)
./modules/sculpture_viewer/viewer.gd:127: Error: Max allowed line length (100) exceeded (max-line-length)
./modules/sculpture_viewer/viewer.gd:262: Error: Max allowed line length (100) exceeded (max-line-length)
./modules/sculpture_viewer/viewer.gd:312: Error: Max allowed line length (100) exceeded (max-line-length)
./modules/sculpture_viewer/viewer.gd:333: Error: Max allowed line length (100) exceeded (max-line-length)
./modules/sculpture_viewer/viewer.gd:334: Error: Max allowed line length (100) exceeded (max-line-length)
./modules/sculpture_viewer/viewer.gd:408: Error: Max allowed line length (100) exceeded (max-line-length)
./modules/sculpture_viewer/viewer.gd:438: Error: Max allowed line length (100) exceeded (max-line-length)
./modules/sculpture_viewer/viewer.gd:469: Error: Max allowed line length (100) exceeded (max-line-length)
./modules/sculpture_viewer/viewer.gd:645: Error: Max allowed line length (100) exceeded (max-line-length)
./modules/sculpture_viewer/viewer.gd:57: Error: Definition out of order in global scope (class-definitions-order)
./modules/sculpture_viewer/viewer.gd:62: Error: Definition out of order in global scope (class-definitions-order)
./modules/sculpture_viewer/viewer.gd:63: Error: Definition out of order in global scope (class-definitions-order)
./modules/sculpture_viewer/viewer.gd:64: Error: Definition out of order in global scope (class-definitions-order)
./modules/sculpture_viewer/viewer.gd:103: Error: Definition out of order in global scope (class-definitions-order)
./modules/sculpture_viewer/viewer.gd:348: Error: duplicated loading of "res://modules/sculpture_viewer/shaders/control_face.gdshader" (duplicated-load)
./modules/sculpture_viewer/viewer.gd:400: Error: duplicated loading of "res://modules/sculpture_viewer/shaders/control_face.gdshader" (duplicated-load)
./modules/sculpture_viewer/catalogue.gd:42: Error: Max allowed line length (100) exceeded (max-line-length)
./modules/sculpture_viewer/catalogue.gd:43: Error: Max allowed line length (100) exceeded (max-line-length)
./modules/sculpture_viewer/catalogue.gd:48: Error: Max allowed line length (100) exceeded (max-line-length)
./modules/sculpture_viewer/catalogue.gd:186: Error: Max allowed line length (100) exceeded (max-line-length)
./modules/sculpture_viewer/catalogue.gd:189: Error: Max allowed line length (100) exceeded (max-line-length)
./modules/sculpture_viewer/catalogue.gd:190: Error: Max allowed line length (100) exceeded (max-line-length)
./modules/sculpture_viewer/catalogue.gd:191: Error: Max allowed line length (100) exceeded (max-line-length)
./modules/sculpture_viewer/playtest/record_selection.gd:5: Error: Max allowed line length (100) exceeded (max-line-length)
./modules/sculpture_viewer/playtest/record_selection.gd:13: Error: Max allowed line length (100) exceeded (max-line-length)
./modules/sculpture_viewer/playtest/record_selection.gd:16: Error: Max allowed line length (100) exceeded (max-line-length)
./modules/sculpture_viewer/playtest/record_selection.gd:48: Error: Max allowed line length (100) exceeded (max-line-length)
./modules/sculpture_viewer/playtest/record_selection.gd:50: Error: Max allowed line length (100) exceeded (max-line-length)
./modules/sculpture_viewer/playtest/record_selection.gd:60: Error: Max allowed line length (100) exceeded (max-line-length)
./modules/sculpture_viewer/playtest/record_selection.gd:63: Error: Max allowed line length (100) exceeded (max-line-length)
./modules/sculpture_viewer/playtest/window_resize_check.gd:42: Error: Max allowed line length (100) exceeded (max-line-length)
./modules/sculpture_viewer/playtest/window_resize_check.gd:57: Error: Max allowed line length (100) exceeded (max-line-length)
./modules/sculpture_viewer/playtest/window_resize_check.gd:65: Error: Max allowed line length (100) exceeded (max-line-length)
./modules/sculpture_viewer/playtest/hover_turn.gd:1: Error: Max allowed line length (100) exceeded (max-line-length)
./modules/sculpture_viewer/playtest/hover_turn.gd:2: Error: Max allowed line length (100) exceeded (max-line-length)
./modules/sculpture_viewer/playtest/hover_turn.gd:65: Error: Max allowed line length (100) exceeded (max-line-length)
./modules/sculpture_viewer/playtest/hover_turn.gd:67: Error: Max allowed line length (100) exceeded (max-line-length)
./modules/sculpture_viewer/playtest/hover_turn.gd:69: Error: Max allowed line length (100) exceeded (max-line-length)
./modules/sculpture_viewer/playtest/hover_turn.gd:71: Error: Max allowed line length (100) exceeded (max-line-length)
./modules/sculpture_viewer/playtest/hover_turn.gd:75: Error: Max allowed line length (100) exceeded (max-line-length)
./testing/collection_data_test.gd:11: Error: Max allowed line length (100) exceeded (max-line-length)
./testing/collection_data_test.gd:21: Error: Max allowed line length (100) exceeded (max-line-length)
./testing/collection_data_test.gd:23: Error: Max allowed line length (100) exceeded (max-line-length)
./testing/collection_data_test.gd:25: Error: Max allowed line length (100) exceeded (max-line-length)
./testing/collection_data_test.gd:27: Error: Max allowed line length (100) exceeded (max-line-length)
./testing/saved_destinations_test.gd:11: Error: Max allowed line length (100) exceeded (max-line-length)
./testing/saved_destinations_test.gd:12: Error: Max allowed line length (100) exceeded (max-line-length)
./testing/saved_destinations_test.gd:13: Error: Max allowed line length (100) exceeded (max-line-length)
./testing/saved_destinations_test.gd:15: Error: Max allowed line length (100) exceeded (max-line-length)
./testing/saved_destinations_test.gd:18: Error: Max allowed line length (100) exceeded (max-line-length)
./testing/saved_destinations_test.gd:35: Error: Max allowed line length (100) exceeded (max-line-length)
./testing/saved_destinations_test.gd:43: Error: Max allowed line length (100) exceeded (max-line-length)
./testing/saved_destinations_test.gd:48: Error: Max allowed line length (100) exceeded (max-line-length)
./testing/saved_destinations_test.gd:49: Error: Max allowed line length (100) exceeded (max-line-length)
./testing/harness_base.gd:70: Error: Max allowed line length (100) exceeded (max-line-length)
./testing/collection_page_adapter.gd:18: Error: Max allowed line length (100) exceeded (max-line-length)
./testing/collection_page_adapter.gd:22: Error: Max allowed line length (100) exceeded (max-line-length)
./testing/collection_page_adapter.gd:34: Error: Max allowed line length (100) exceeded (max-line-length)
./testing/collection_page_adapter.gd:69: Error: Max allowed line length (100) exceeded (max-line-length)
./testing/collection_page_adapter.gd:71: Error: Max allowed line length (100) exceeded (max-line-length)
./testing/collection_page_adapter.gd:83: Error: Max allowed line length (100) exceeded (max-line-length)
./testing/collection_page_adapter.gd:84: Error: Max allowed line length (100) exceeded (max-line-length)
./testing/collection_page_adapter.gd:86: Error: Max allowed line length (100) exceeded (max-line-length)
./docs/evidence/gallery-camera-pitch/corner_pose.gd:29: Error: Max allowed line length (100) exceeded (max-line-length)
./docs/evidence/video-aspect-208/aspect_check.gd:15: Error: Max allowed line length (100) exceeded (max-line-length)
./docs/evidence/video-aspect-208/aspect_check.gd:19: Error: Max allowed line length (100) exceeded (max-line-length)
./docs/evidence/video-aspect-208/aspect_check.gd:21: Error: Max allowed line length (100) exceeded (max-line-length)
./docs/evidence/video-aspect-208/aspect_check.gd:61: Error: Max allowed line length (100) exceeded (max-line-length)
./docs/evidence/room-transition-185/probe.gd:30: Error: Max allowed line length (100) exceeded (max-line-length)
./docs/evidence/room-transition-185/probe.gd:31: Error: Max allowed line length (100) exceeded (max-line-length)
./docs/evidence/room-transition-185/probe.gd:34: Error: Max allowed line length (100) exceeded (max-line-length)
./docs/evidence/room-transition-185/probe.gd:36: Error: Max allowed line length (100) exceeded (max-line-length)
./docs/evidence/window-effects-193/input_check.gd:44: Error: Max allowed line length (100) exceeded (max-line-length)
./docs/evidence/window-effects-193/input_check.gd:48: Error: Max allowed line length (100) exceeded (max-line-length)
./docs/evidence/window-effects-193/input_check.gd:51: Error: Max allowed line length (100) exceeded (max-line-length)
./docs/evidence/window-effects-193/input_check.gd:53: Error: Max allowed line length (100) exceeded (max-line-length)
./docs/evidence/window-effects-193/input_check.gd:55: Error: Max allowed line length (100) exceeded (max-line-length)
./docs/evidence/window-effects-193/input_check.gd:64: Error: Max allowed line length (100) exceeded (max-line-length)
./docs/evidence/window-effects-193/input_check.gd:66: Error: Max allowed line length (100) exceeded (max-line-length)
./docs/evidence/window-effects-193/input_check.gd:70: Error: Max allowed line length (100) exceeded (max-line-length)
./docs/evidence/window-effects-193/input_check.gd:71: Error: Max allowed line length (100) exceeded (max-line-length)
./docs/evidence/window-effects-193/input_check.gd:80: Error: Max allowed line length (100) exceeded (max-line-length)
./docs/evidence/window-effects-193/input_check.gd:93: Error: Max allowed line length (100) exceeded (max-line-length)
./docs/evidence/window-effects-193/input_check.gd:96: Error: Max allowed line length (100) exceeded (max-line-length)
./docs/evidence/window-effects-193/input_check.gd:97: Error: Max allowed line length (100) exceeded (max-line-length)
./docs/evidence/gallery-cutaway-diagnosis/background_trial.gd:22: Error: Max allowed line length (100) exceeded (max-line-length)
./docs/evidence/gallery-cutaway-diagnosis/background_trial.gd:35: Error: Max allowed line length (100) exceeded (max-line-length)
./docs/evidence/gallery-cutaway-diagnosis/background_trial.gd:52: Error: Max allowed line length (100) exceeded (max-line-length)
./docs/evidence/floor-selection-186/restore.gd:10: Error: Max allowed line length (100) exceeded (max-line-length)
./docs/evidence/floor-selection-186/restore.gd:11: Error: Max allowed line length (100) exceeded (max-line-length)
./docs/evidence/floor-selection-186/restore.gd:16: Error: Max allowed line length (100) exceeded (max-line-length)
./docs/evidence/floor-selection-186/restore.gd:25: Error: Max allowed line length (100) exceeded (max-line-length)
./docs/evidence/floor-selection-186/native_capture.gd:6: Error: Max allowed line length (100) exceeded (max-line-length)
./docs/evidence/keyboard-focus-206/focus_check.gd:12: Error: Max allowed line length (100) exceeded (max-line-length)
./docs/evidence/keyboard-focus-206/focus_check.gd:31: Error: Max allowed line length (100) exceeded (max-line-length)
./docs/evidence/keyboard-focus-206/focus_check.gd:41: Error: Max allowed line length (100) exceeded (max-line-length)
./docs/evidence/keyboard-focus-206/focus_check.gd:62: Error: Max allowed line length (100) exceeded (max-line-length)
./docs/evidence/keyboard-focus-206/focus_check.gd:66: Error: Max allowed line length (100) exceeded (max-line-length)
./docs/evidence/keyboard-focus-206/focus_check.gd:68: Error: Max allowed line length (100) exceeded (max-line-length)
./docs/evidence/keyboard-focus-206/focus_check.gd:75: Error: Max allowed line length (100) exceeded (max-line-length)
./docs/evidence/keyboard-focus-206/focus_check.gd:80: Error: Max allowed line length (100) exceeded (max-line-length)
./docs/evidence/keyboard-focus-206/focus_check.gd:85: Error: Max allowed line length (100) exceeded (max-line-length)
./docs/evidence/keyboard-focus-206/focus_check.gd:94: Error: Max allowed line length (100) exceeded (max-line-length)
./docs/evidence/keyboard-focus-206/focus_check.gd:95: Error: Max allowed line length (100) exceeded (max-line-length)
./docs/evidence/owner-world-177/passage-current/native.gd:10: Error: Max allowed line length (100) exceeded (max-line-length)
./docs/evidence/owner-world-177/passage-current/edges.gd:6: Error: Max allowed line length (100) exceeded (max-line-length)
./docs/evidence/owner-world-177/passage-current/edges.gd:32: Error: Max allowed line length (100) exceeded (max-line-length)
./docs/evidence/owner-world-177/passage-current/repair.gd:9: Error: Max allowed line length (100) exceeded (max-line-length)
./docs/evidence/owner-world-177/passage-current/repair.gd:15: Error: Max allowed line length (100) exceeded (max-line-length)
./docs/evidence/owner-world-177/passage-current/repair.gd:21: Error: Max allowed line length (100) exceeded (max-line-length)
./docs/evidence/owner-world-177/passage-current/repair.gd:24: Error: Max allowed line length (100) exceeded (max-line-length)
./docs/evidence/owner-world-177/passage-current/repair.gd:27: Error: Max allowed line length (100) exceeded (max-line-length)
./docs/evidence/owner-world-177/passage-current/probe.gd:7: Error: Max allowed line length (100) exceeded (max-line-length)
./docs/evidence/owner-world-177/passage-current/probe.gd:14: Error: Max allowed line length (100) exceeded (max-line-length)
./docs/evidence/warm-room-187/check.gd:6: Error: Max allowed line length (100) exceeded (max-line-length)
./docs/evidence/warm-room-187/check.gd:34: Error: Max allowed line length (100) exceeded (max-line-length)
./docs/evidence/warm-room-187/check.gd:40: Error: Max allowed line length (100) exceeded (max-line-length)
./docs/evidence/proportional-windows-pending/windows_check.gd:34: Error: Max allowed line length (100) exceeded (max-line-length)
./docs/evidence/proportional-windows-pending/windows_check.gd:42: Error: Max allowed line length (100) exceeded (max-line-length)
./docs/evidence/proportional-windows-pending/windows_check.gd:44: Error: Max allowed line length (100) exceeded (max-line-length)
./docs/evidence/display-161-current/capture-native.gd:18: Error: Max allowed line length (100) exceeded (max-line-length)
Failure: 1280 problems found
