I20260930 03:35:22.746002 139229316032320 incremental_pipeline.cc:353] Loading database
I20260930 03:35:22.746388 139229316032320 database_cache.cc:82] Loading rigs...
I20260930 03:35:22.746533 139229316032320 database_cache.cc:92]  8 in 0.000s
I20260930 03:35:22.746545 139229316032320 database_cache.cc:100] Loading cameras...
I20260930 03:35:22.746894 139229316032320 database_cache.cc:118]  8 in 0.000s
I20260930 03:35:22.746901 139229316032320 database_cache.cc:126] Loading frames...
I20260930 03:35:22.748281 139229316032320 database_cache.cc:136]  1641 in 0.001s
I20260930 03:35:22.748289 139229316032320 database_cache.cc:144] Loading matches...
I20260930 03:35:22.868512 139229316032320 database_cache.cc:163]  13798 in 0.120s
I20260930 03:35:22.868553 139229316032320 database_cache.cc:171] Loading images...
I20260930 03:35:22.897660 139229316032320 database_cache.cc:268]  1641 in 0.029s (connected 473, loaded 473)
I20260930 03:35:22.897717 139229316032320 database_cache.cc:282] Loading pose priors...
I20260930 03:35:22.897727 139229316032320 database_cache.cc:290]  0 in 0.000s
I20260930 03:35:22.897730 139229316032320 database_cache.cc:298] Building correspondence graph...
I20260930 03:35:22.976704 139229316032320 database_cache.cc:327]  in 0.079s (ignored 6157)
I20260930 03:35:22.977469 139229316032320 timer.cc:90] Elapsed time: 0.004 [minutes]
I20260930 03:35:22.985730 139229316032320 incremental_pipeline.cc:465] Finding good initial image pair
I20260930 03:35:23.221092 139229316032320 incremental_pipeline.cc:492] Registering initial image pair #249 and #246
I20260930 03:35:23.235799 139229316032320 incremental_pipeline.cc:510] Global bundle adjustment
W20260930 03:35:23.239743 139229316032320 bundle_adjustment_ceres.cc:162] Requested to use GPU for bundle adjustment, but Ceres was compiled without CUDA support. Falling back to CPU-based dense solvers.
W20260930 03:35:23.240001 139229316032320 bundle_adjustment_ceres.cc:181] Requested to use GPU for bundle adjustment, but Ceres was compiled without cuDSS support. Falling back to CPU-based sparse solvers.
I20260930 03:35:23.290193 139229316032320 incremental_pipeline.cc:620] Registering image #248 (num_reg_frames=2)
I20260930 03:35:23.290208 139229316032320 incremental_pipeline.cc:623] => Image sees 1839 / 5540 points
I20260930 03:35:23.366272 139229316032320 incremental_pipeline.cc:88] Retriangulation and Global bundle adjustment
I20260930 03:35:23.391466 139229316032320 incremental_pipeline.cc:620] Registering image #247 (num_reg_frames=3)
I20260930 03:35:23.391491 139229316032320 incremental_pipeline.cc:623] => Image sees 3010 / 4520 points
I20260930 03:35:23.487921 139229316032320 incremental_pipeline.cc:88] Retriangulation and Global bundle adjustment
I20260930 03:35:23.521078 139229316032320 incremental_pipeline.cc:620] Registering image #254 (num_reg_frames=4)
I20260930 03:35:23.521103 139229316032320 incremental_pipeline.cc:623] => Image sees 3268 / 4356 points
I20260930 03:35:23.664195 139229316032320 incremental_pipeline.cc:88] Retriangulation and Global bundle adjustment
I20260930 03:35:23.704772 139229316032320 incremental_pipeline.cc:620] Registering image #253 (num_reg_frames=5)
I20260930 03:35:23.704800 139229316032320 incremental_pipeline.cc:623] => Image sees 4188 / 5456 points
I20260930 03:35:23.967549 139229316032320 incremental_pipeline.cc:88] Retriangulation and Global bundle adjustment
I20260930 03:35:24.048331 139229316032320 incremental_pipeline.cc:620] Registering image #250 (num_reg_frames=6)
I20260930 03:35:24.048363 139229316032320 incremental_pipeline.cc:623] => Image sees 3714 / 4304 points
I20260930 03:35:24.185277 139229316032320 incremental_pipeline.cc:88] Retriangulation and Global bundle adjustment
I20260930 03:35:24.273750 139229316032320 incremental_pipeline.cc:620] Registering image #252 (num_reg_frames=7)
I20260930 03:35:24.273778 139229316032320 incremental_pipeline.cc:623] => Image sees 3624 / 4065 points
I20260930 03:35:24.424818 139229316032320 incremental_pipeline.cc:88] Retriangulation and Global bundle adjustment
I20260930 03:35:24.506235 139229316032320 incremental_pipeline.cc:620] Registering image #251 (num_reg_frames=8)
I20260930 03:35:24.506284 139229316032320 incremental_pipeline.cc:623] => Image sees 2652 / 2921 points
I20260930 03:35:24.642255 139229316032320 incremental_pipeline.cc:88] Retriangulation and Global bundle adjustment
I20260930 03:35:24.727639 139229316032320 incremental_pipeline.cc:620] Registering image #255 (num_reg_frames=9)
I20260930 03:35:24.727670 139229316032320 incremental_pipeline.cc:623] => Image sees 2028 / 2278 points
I20260930 03:35:24.849921 139229316032320 incremental_pipeline.cc:88] Retriangulation and Global bundle adjustment
I20260930 03:35:24.982098 139229316032320 incremental_pipeline.cc:620] Registering image #256 (num_reg_frames=10)
I20260930 03:35:24.982128 139229316032320 incremental_pipeline.cc:623] => Image sees 710 / 875 points
I20260930 03:35:25.077828 139229316032320 incremental_pipeline.cc:88] Retriangulation and Global bundle adjustment
I20260930 03:35:25.206751 139229316032320 incremental_pipeline.cc:620] Registering image #245 (num_reg_frames=11)
I20260930 03:35:25.206784 139229316032320 incremental_pipeline.cc:623] => Image sees 216 / 242 points
I20260930 03:35:25.261535 139229316032320 incremental_pipeline.cc:620] Registering image #541 (num_reg_frames=12)
I20260930 03:35:25.261566 139229316032320 incremental_pipeline.cc:623] => Image sees 359 / 535 points
I20260930 03:35:25.338776 139229316032320 incremental_pipeline.cc:88] Retriangulation and Global bundle adjustment
I20260930 03:35:25.513586 139229316032320 incremental_pipeline.cc:620] Registering image #543 (num_reg_frames=13)
I20260930 03:35:25.513619 139229316032320 incremental_pipeline.cc:623] => Image sees 145 / 285 points
I20260930 03:35:25.554150 139229316032320 incremental_pipeline.cc:620] Registering image #540 (num_reg_frames=14)
I20260930 03:35:25.554179 139229316032320 incremental_pipeline.cc:623] => Image sees 121 / 285 points
I20260930 03:35:25.637693 139229316032320 incremental_pipeline.cc:88] Retriangulation and Global bundle adjustment
I20260930 03:35:25.776591 139229316032320 incremental_pipeline.cc:620] Registering image #530 (num_reg_frames=15)
I20260930 03:35:25.776625 139229316032320 incremental_pipeline.cc:623] => Image sees 137 / 1172 points
I20260930 03:35:25.844705 139229316032320 incremental_pipeline.cc:620] Registering image #531 (num_reg_frames=16)
I20260930 03:35:25.844732 139229316032320 incremental_pipeline.cc:623] => Image sees 120 / 1128 points
I20260930 03:35:25.898898 139229316032320 incremental_pipeline.cc:88] Retriangulation and Global bundle adjustment
I20260930 03:35:26.073064 139229316032320 incremental_pipeline.cc:620] Registering image #529 (num_reg_frames=17)
I20260930 03:35:26.073095 139229316032320 incremental_pipeline.cc:623] => Image sees 182 / 935 points
I20260930 03:35:26.129612 139229316032320 incremental_pipeline.cc:620] Registering image #528 (num_reg_frames=18)
I20260930 03:35:26.129642 139229316032320 incremental_pipeline.cc:623] => Image sees 221 / 823 points
I20260930 03:35:26.168895 139229316032320 incremental_pipeline.cc:88] Retriangulation and Global bundle adjustment
I20260930 03:35:26.298746 139229316032320 incremental_pipeline.cc:620] Registering image #532 (num_reg_frames=19)
I20260930 03:35:26.298778 139229316032320 incremental_pipeline.cc:623] => Image sees 237 / 891 points
I20260930 03:35:26.331141 139229316032320 incremental_pipeline.cc:620] Registering image #533 (num_reg_frames=20)
I20260930 03:35:26.331170 139229316032320 incremental_pipeline.cc:623] => Image sees 270 / 935 points
I20260930 03:35:26.359768 139229316032320 incremental_pipeline.cc:88] Retriangulation and Global bundle adjustment
I20260930 03:35:26.570730 139229316032320 incremental_pipeline.cc:620] Registering image #527 (num_reg_frames=21)
I20260930 03:35:26.570758 139229316032320 incremental_pipeline.cc:623] => Image sees 286 / 727 points
I20260930 03:35:26.603942 139229316032320 incremental_pipeline.cc:620] Registering image #534 (num_reg_frames=22)
I20260930 03:35:26.603971 139229316032320 incremental_pipeline.cc:623] => Image sees 281 / 748 points
I20260930 03:35:26.641268 139229316032320 incremental_pipeline.cc:620] Registering image #526 (num_reg_frames=23)
I20260930 03:35:26.641475 139229316032320 incremental_pipeline.cc:623] => Image sees 357 / 916 points
I20260930 03:35:26.674864 139229316032320 incremental_pipeline.cc:88] Retriangulation and Global bundle adjustment
I20260930 03:35:26.804522 139229316032320 incremental_pipeline.cc:620] Registering image #535 (num_reg_frames=24)
I20260930 03:35:26.804550 139229316032320 incremental_pipeline.cc:623] => Image sees 269 / 729 points
I20260930 03:35:26.838937 139229316032320 incremental_pipeline.cc:620] Registering image #536 (num_reg_frames=25)
I20260930 03:35:26.838966 139229316032320 incremental_pipeline.cc:623] => Image sees 274 / 702 points
I20260930 03:35:26.880586 139229316032320 incremental_pipeline.cc:620] Registering image #525 (num_reg_frames=26)
I20260930 03:35:26.880611 139229316032320 incremental_pipeline.cc:623] => Image sees 297 / 733 points
I20260930 03:35:26.912084 139229316032320 incremental_pipeline.cc:88] Retriangulation and Global bundle adjustment
I20260930 03:35:27.045324 139229316032320 incremental_pipeline.cc:620] Registering image #521 (num_reg_frames=27)
I20260930 03:35:27.045357 139229316032320 incremental_pipeline.cc:623] => Image sees 210 / 731 points
I20260930 03:35:27.072711 139229316032320 incremental_pipeline.cc:620] Registering image #518 (num_reg_frames=28)
I20260930 03:35:27.072738 139229316032320 incremental_pipeline.cc:623] => Image sees 217 / 815 points
I20260930 03:35:27.101783 139229316032320 incremental_pipeline.cc:620] Registering image #519 (num_reg_frames=29)
I20260930 03:35:27.101808 139229316032320 incremental_pipeline.cc:623] => Image sees 222 / 601 points
I20260930 03:35:27.126245 139229316032320 incremental_pipeline.cc:88] Retriangulation and Global bundle adjustment
I20260930 03:35:27.261695 139229316032320 incremental_pipeline.cc:620] Registering image #516 (num_reg_frames=30)
I20260930 03:35:27.261726 139229316032320 incremental_pipeline.cc:623] => Image sees 313 / 1019 points
I20260930 03:35:27.294476 139229316032320 incremental_pipeline.cc:620] Registering image #515 (num_reg_frames=31)
I20260930 03:35:27.294504 139229316032320 incremental_pipeline.cc:623] => Image sees 324 / 1048 points
I20260930 03:35:27.329129 139229316032320 incremental_pipeline.cc:620] Registering image #514 (num_reg_frames=32)
I20260930 03:35:27.329192 139229316032320 incremental_pipeline.cc:623] => Image sees 287 / 982 points
I20260930 03:35:27.356027 139229316032320 incremental_pipeline.cc:88] Retriangulation and Global bundle adjustment
I20260930 03:35:27.511572 139229316032320 incremental_pipeline.cc:620] Registering image #520 (num_reg_frames=33)
I20260930 03:35:27.511605 139229316032320 incremental_pipeline.cc:623] => Image sees 251 / 456 points
I20260930 03:35:27.539565 139229316032320 incremental_pipeline.cc:620] Registering image #522 (num_reg_frames=34)
I20260930 03:35:27.539607 139229316032320 incremental_pipeline.cc:623] => Image sees 288 / 632 points
I20260930 03:35:27.572386 139229316032320 incremental_pipeline.cc:620] Registering image #523 (num_reg_frames=35)
I20260930 03:35:27.572413 139229316032320 incremental_pipeline.cc:623] => Image sees 298 / 560 points
I20260930 03:35:27.611955 139229316032320 incremental_pipeline.cc:620] Registering image #524 (num_reg_frames=36)
I20260930 03:35:27.611982 139229316032320 incremental_pipeline.cc:623] => Image sees 276 / 519 points
I20260930 03:35:27.651964 139229316032320 incremental_pipeline.cc:88] Retriangulation and Global bundle adjustment
I20260930 03:35:27.795826 139229316032320 incremental_pipeline.cc:620] Registering image #513 (num_reg_frames=37)
I20260930 03:35:27.795860 139229316032320 incremental_pipeline.cc:623] => Image sees 240 / 739 points
I20260930 03:35:27.825286 139229316032320 incremental_pipeline.cc:620] Registering image #517 (num_reg_frames=38)
I20260930 03:35:27.825314 139229316032320 incremental_pipeline.cc:623] => Image sees 164 / 376 points
I20260930 03:35:27.857563 139229316032320 incremental_pipeline.cc:620] Registering image #537 (num_reg_frames=39)
I20260930 03:35:27.857604 139229316032320 incremental_pipeline.cc:623] => Image sees 154 / 350 points
I20260930 03:35:27.894239 139229316032320 incremental_pipeline.cc:620] Registering image #464 (num_reg_frames=40)
I20260930 03:35:27.894266 139229316032320 incremental_pipeline.cc:623] => Image sees 167 / 496 points
I20260930 03:35:27.918354 139229316032320 incremental_pipeline.cc:88] Retriangulation and Global bundle adjustment
I20260930 03:35:28.077505 139229316032320 incremental_pipeline.cc:620] Registering image #465 (num_reg_frames=41)
I20260930 03:35:28.077537 139229316032320 incremental_pipeline.cc:623] => Image sees 169 / 331 points
I20260930 03:35:28.107032 139229316032320 incremental_pipeline.cc:620] Registering image #463 (num_reg_frames=42)
I20260930 03:35:28.107060 139229316032320 incremental_pipeline.cc:623] => Image sees 165 / 460 points
I20260930 03:35:28.136904 139229316032320 incremental_pipeline.cc:620] Registering image #538 (num_reg_frames=43)
I20260930 03:35:28.136930 139229316032320 incremental_pipeline.cc:623] => Image sees 148 / 305 points
I20260930 03:35:28.161532 139229316032320 incremental_pipeline.cc:620] Registering image #377 (num_reg_frames=44)
I20260930 03:35:28.161559 139229316032320 incremental_pipeline.cc:623] => Image sees 132 / 471 points
I20260930 03:35:28.193077 139229316032320 incremental_pipeline.cc:620] Registering image #378 (num_reg_frames=45)
I20260930 03:35:28.193104 139229316032320 incremental_pipeline.cc:623] => Image sees 160 / 481 points
I20260930 03:35:28.216753 139229316032320 incremental_pipeline.cc:88] Retriangulation and Global bundle adjustment
I20260930 03:35:28.382781 139229316032320 incremental_pipeline.cc:620] Registering image #376 (num_reg_frames=46)
I20260930 03:35:28.382812 139229316032320 incremental_pipeline.cc:623] => Image sees 206 / 395 points
I20260930 03:35:28.407805 139229316032320 incremental_pipeline.cc:620] Registering image #462 (num_reg_frames=47)
I20260930 03:35:28.407832 139229316032320 incremental_pipeline.cc:623] => Image sees 134 / 337 points
I20260930 03:35:28.435627 139229316032320 incremental_pipeline.cc:620] Registering image #379 (num_reg_frames=48)
I20260930 03:35:28.435652 139229316032320 incremental_pipeline.cc:623] => Image sees 129 / 241 points
I20260930 03:35:28.452029 139229316032320 incremental_pipeline.cc:620] Registering image #1049 (num_reg_frames=49)
I20260930 03:35:28.452055 139229316032320 incremental_pipeline.cc:623] => Image sees 125 / 1615 points
I20260930 03:35:28.472793 139229316032320 incremental_pipeline.cc:620] Registering image #1640 (num_reg_frames=50)
I20260930 03:35:28.472819 139229316032320 incremental_pipeline.cc:623] => Image sees 138 / 1615 points
I20260930 03:35:28.501611 139229316032320 incremental_pipeline.cc:88] Retriangulation and Global bundle adjustment
I20260930 03:35:28.726761 139229316032320 incremental_pipeline.cc:620] Registering image #512 (num_reg_frames=51)
I20260930 03:35:28.726794 139229316032320 incremental_pipeline.cc:623] => Image sees 104 / 343 points
I20260930 03:35:28.755907 139229316032320 incremental_pipeline.cc:113] Creating snapshot
I20260930 03:35:28.766659 139229316032320 incremental_pipeline.cc:620] Registering image #539 (num_reg_frames=52)
I20260930 03:35:28.766670 139229316032320 incremental_pipeline.cc:623] => Image sees 80 / 161 points
I20260930 03:35:28.797944 139229316032320 incremental_pipeline.cc:620] Registering image #1639 (num_reg_frames=53)
I20260930 03:35:28.797965 139229316032320 incremental_pipeline.cc:623] => Image sees 117 / 931 points
I20260930 03:35:28.826361 139229316032320 incremental_pipeline.cc:620] Registering image #1641 (num_reg_frames=54)
I20260930 03:35:28.826389 139229316032320 incremental_pipeline.cc:623] => Image sees 108 / 889 points
I20260930 03:35:28.858964 139229316032320 incremental_pipeline.cc:620] Registering image #544 (num_reg_frames=55)
I20260930 03:35:28.858986 139229316032320 incremental_pipeline.cc:623] => Image sees 71 / 123 points
I20260930 03:35:28.991395 139229316032320 incremental_pipeline.cc:620] Registering image #257 (num_reg_frames=56)
I20260930 03:35:28.991436 139229316032320 incremental_pipeline.cc:623] => Image sees 67 / 84 points
I20260930 03:35:29.044466 139229316032320 incremental_pipeline.cc:88] Retriangulation and Global bundle adjustment
I20260930 03:35:29.576005 139229316032320 incremental_pipeline.cc:620] Registering image #192 (num_reg_frames=57)
I20260930 03:35:29.576040 139229316032320 incremental_pipeline.cc:623] => Image sees 80 / 188 points
I20260930 03:35:29.604026 139229316032320 incremental_pipeline.cc:620] Registering image #1635 (num_reg_frames=58)
I20260930 03:35:29.604048 139229316032320 incremental_pipeline.cc:623] => Image sees 82 / 583 points
I20260930 03:35:29.632209 139229316032320 incremental_pipeline.cc:620] Registering image #1638 (num_reg_frames=59)
I20260930 03:35:29.632234 139229316032320 incremental_pipeline.cc:623] => Image sees 90 / 660 points
I20260930 03:35:29.668109 139229316032320 incremental_pipeline.cc:620] Registering image #1637 (num_reg_frames=60)
I20260930 03:35:29.668136 139229316032320 incremental_pipeline.cc:623] => Image sees 90 / 966 points
I20260930 03:35:29.701578 139229316032320 incremental_pipeline.cc:620] Registering image #1048 (num_reg_frames=61)
I20260930 03:35:29.701598 139229316032320 incremental_pipeline.cc:623] => Image sees 162 / 966 points
I20260930 03:35:29.738752 139229316032320 incremental_pipeline.cc:620] Registering image #193 (num_reg_frames=62)
I20260930 03:35:29.738774 139229316032320 incremental_pipeline.cc:623] => Image sees 78 / 217 points
I20260930 03:35:29.754760 139229316032320 incremental_pipeline.cc:88] Retriangulation and Global bundle adjustment
I20260930 03:35:30.742259 139229316032320 incremental_pipeline.cc:620] Registering image #1636 (num_reg_frames=63)
I20260930 03:35:30.742292 139229316032320 incremental_pipeline.cc:623] => Image sees 61 / 359 points
I20260930 03:35:30.775454 139229316032320 incremental_pipeline.cc:620] Registering image #492 (num_reg_frames=64)
I20260930 03:35:30.775481 139229316032320 incremental_pipeline.cc:623] => Image sees 87 / 447 points
I20260930 03:35:30.800111 139229316032320 incremental_pipeline.cc:620] Registering image #394 (num_reg_frames=65)
I20260930 03:35:30.800136 139229316032320 incremental_pipeline.cc:623] => Image sees 48 / 287 points
I20260930 03:35:30.800751 139229316032320 incremental_pipeline.cc:646] => Could not register, trying another image.
I20260930 03:35:30.800754 139229316032320 incremental_pipeline.cc:620] Registering image #461 (num_reg_frames=65)
I20260930 03:35:30.800756 139229316032320 incremental_pipeline.cc:623] => Image sees 44 / 118 points
I20260930 03:35:30.816027 139229316032320 incremental_pipeline.cc:620] Registering image #1633 (num_reg_frames=66)
I20260930 03:35:30.816054 139229316032320 incremental_pipeline.cc:623] => Image sees 41 / 323 points
I20260930 03:35:30.840517 139229316032320 incremental_pipeline.cc:620] Registering image #1630 (num_reg_frames=67)
I20260930 03:35:30.840542 139229316032320 incremental_pipeline.cc:623] => Image sees 46 / 324 points
I20260930 03:35:30.862391 139229316032320 incremental_pipeline.cc:620] Registering image #1047 (num_reg_frames=68)
I20260930 03:35:30.862418 139229316032320 incremental_pipeline.cc:623] => Image sees 52 / 509 points
I20260930 03:35:30.886715 139229316032320 incremental_pipeline.cc:620] Registering image #1634 (num_reg_frames=69)
I20260930 03:35:30.886737 139229316032320 incremental_pipeline.cc:623] => Image sees 63 / 509 points
I20260930 03:35:30.913604 139229316032320 incremental_pipeline.cc:88] Retriangulation and Global bundle adjustment
I20260930 03:35:32.116144 139229316032320 incremental_pipeline.cc:620] Registering image #1631 (num_reg_frames=70)
I20260930 03:35:32.116178 139229316032320 incremental_pipeline.cc:623] => Image sees 46 / 565 points
I20260930 03:35:32.138171 139229316032320 incremental_pipeline.cc:620] Registering image #1046 (num_reg_frames=71)
I20260930 03:35:32.138200 139229316032320 incremental_pipeline.cc:623] => Image sees 68 / 565 points
I20260930 03:35:32.162527 139229316032320 incremental_pipeline.cc:620] Registering image #1632 (num_reg_frames=72)
I20260930 03:35:32.162565 139229316032320 incremental_pipeline.cc:623] => Image sees 43 / 211 points
I20260930 03:35:32.192178 139229316032320 incremental_pipeline.cc:620] Registering image #916 (num_reg_frames=73)
I20260930 03:35:32.192204 139229316032320 incremental_pipeline.cc:623] => Image sees 48 / 181 points
I20260930 03:35:32.216112 139229316032320 incremental_pipeline.cc:620] Registering image #1629 (num_reg_frames=74)
I20260930 03:35:32.216138 139229316032320 incremental_pipeline.cc:623] => Image sees 55 / 197 points
I20260930 03:35:32.234665 139229316032320 incremental_pipeline.cc:620] Registering image #1045 (num_reg_frames=75)
I20260930 03:35:32.234691 139229316032320 incremental_pipeline.cc:623] => Image sees 59 / 294 points
I20260930 03:35:32.252029 139229316032320 incremental_pipeline.cc:620] Registering image #1628 (num_reg_frames=76)
I20260930 03:35:32.252056 139229316032320 incremental_pipeline.cc:623] => Image sees 77 / 294 points
I20260930 03:35:32.266051 139229316032320 incremental_pipeline.cc:88] Retriangulation and Global bundle adjustment
I20260930 03:35:32.745579 139229316032320 incremental_pipeline.cc:620] Registering image #1627 (num_reg_frames=77)
I20260930 03:35:32.745612 139229316032320 incremental_pipeline.cc:623] => Image sees 63 / 227 points
I20260930 03:35:32.763428 139229316032320 incremental_pipeline.cc:620] Registering image #917 (num_reg_frames=78)
I20260930 03:35:32.763456 139229316032320 incremental_pipeline.cc:623] => Image sees 58 / 263 points
I20260930 03:35:32.781378 139229316032320 incremental_pipeline.cc:620] Registering image #814 (num_reg_frames=79)
I20260930 03:35:32.781404 139229316032320 incremental_pipeline.cc:623] => Image sees 50 / 445 points
I20260930 03:35:32.795512 139229316032320 incremental_pipeline.cc:620] Registering image #918 (num_reg_frames=80)
I20260930 03:35:32.795539 139229316032320 incremental_pipeline.cc:623] => Image sees 64 / 289 points
I20260930 03:35:32.811178 139229316032320 incremental_pipeline.cc:620] Registering image #819 (num_reg_frames=81)
I20260930 03:35:32.811205 139229316032320 incremental_pipeline.cc:623] => Image sees 78 / 527 points
I20260930 03:35:32.827296 139229316032320 incremental_pipeline.cc:620] Registering image #820 (num_reg_frames=82)
I20260930 03:35:32.827324 139229316032320 incremental_pipeline.cc:623] => Image sees 125 / 616 points
I20260930 03:35:32.846920 139229316032320 incremental_pipeline.cc:620] Registering image #821 (num_reg_frames=83)
I20260930 03:35:32.846947 139229316032320 incremental_pipeline.cc:623] => Image sees 181 / 421 points
I20260930 03:35:32.867866 139229316032320 incremental_pipeline.cc:620] Registering image #818 (num_reg_frames=84)
I20260930 03:35:32.867886 139229316032320 incremental_pipeline.cc:623] => Image sees 216 / 748 points
I20260930 03:35:32.890483 139229316032320 incremental_pipeline.cc:88] Retriangulation and Global bundle adjustment
I20260930 03:35:33.205028 139229316032320 incremental_pipeline.cc:620] Registering image #817 (num_reg_frames=85)
I20260930 03:35:33.205062 139229316032320 incremental_pipeline.cc:623] => Image sees 338 / 835 points
I20260930 03:35:33.234980 139229316032320 incremental_pipeline.cc:620] Registering image #815 (num_reg_frames=86)
I20260930 03:35:33.235008 139229316032320 incremental_pipeline.cc:623] => Image sees 341 / 635 points
I20260930 03:35:33.270274 139229316032320 incremental_pipeline.cc:620] Registering image #816 (num_reg_frames=87)
I20260930 03:35:33.270303 139229316032320 incremental_pipeline.cc:623] => Image sees 319 / 548 points
I20260930 03:35:33.305906 139229316032320 incremental_pipeline.cc:620] Registering image #822 (num_reg_frames=88)
I20260930 03:35:33.305936 139229316032320 incremental_pipeline.cc:623] => Image sees 246 / 464 points
I20260930 03:35:33.340681 139229316032320 incremental_pipeline.cc:620] Registering image #1621 (num_reg_frames=89)
I20260930 03:35:33.340707 139229316032320 incremental_pipeline.cc:623] => Image sees 289 / 650 points
I20260930 03:35:33.375813 139229316032320 incremental_pipeline.cc:620] Registering image #1624 (num_reg_frames=90)
I20260930 03:35:33.375850 139229316032320 incremental_pipeline.cc:623] => Image sees 215 / 348 points
I20260930 03:35:33.408445 139229316032320 incremental_pipeline.cc:620] Registering image #1623 (num_reg_frames=91)
I20260930 03:35:33.408471 139229316032320 incremental_pipeline.cc:623] => Image sees 230 / 370 points
I20260930 03:35:33.441551 139229316032320 incremental_pipeline.cc:620] Registering image #824 (num_reg_frames=92)
I20260930 03:35:33.441573 139229316032320 incremental_pipeline.cc:623] => Image sees 214 / 614 points
I20260930 03:35:33.472043 139229316032320 incremental_pipeline.cc:620] Registering image #825 (num_reg_frames=93)
I20260930 03:35:33.472067 139229316032320 incremental_pipeline.cc:623] => Image sees 222 / 673 points
I20260930 03:35:33.500847 139229316032320 incremental_pipeline.cc:88] Retriangulation and Global bundle adjustment
I20260930 03:35:33.792477 139229316032320 incremental_pipeline.cc:620] Registering image #1042 (num_reg_frames=94)
I20260930 03:35:33.792509 139229316032320 incremental_pipeline.cc:623] => Image sees 275 / 914 points
I20260930 03:35:33.835740 139229316032320 incremental_pipeline.cc:620] Registering image #1619 (num_reg_frames=95)
I20260930 03:35:33.835768 139229316032320 incremental_pipeline.cc:623] => Image sees 347 / 914 points
I20260930 03:35:33.876933 139229316032320 incremental_pipeline.cc:620] Registering image #1620 (num_reg_frames=96)
I20260930 03:35:33.876962 139229316032320 incremental_pipeline.cc:623] => Image sees 270 / 506 points
I20260930 03:35:33.914024 139229316032320 incremental_pipeline.cc:620] Registering image #1618 (num_reg_frames=97)
I20260930 03:35:33.914047 139229316032320 incremental_pipeline.cc:623] => Image sees 336 / 686 points
I20260930 03:35:33.966650 139229316032320 incremental_pipeline.cc:620] Registering image #1041 (num_reg_frames=98)
I20260930 03:35:33.966677 139229316032320 incremental_pipeline.cc:623] => Image sees 376 / 1182 points
I20260930 03:35:34.011307 139229316032320 incremental_pipeline.cc:620] Registering image #1616 (num_reg_frames=99)
I20260930 03:35:34.011330 139229316032320 incremental_pipeline.cc:623] => Image sees 512 / 1182 points
I20260930 03:35:34.062421 139229316032320 incremental_pipeline.cc:620] Registering image #1615 (num_reg_frames=100)
I20260930 03:35:34.062449 139229316032320 incremental_pipeline.cc:623] => Image sees 350 / 748 points
I20260930 03:35:34.107107 139229316032320 incremental_pipeline.cc:620] Registering image #1613 (num_reg_frames=101)
I20260930 03:35:34.107130 139229316032320 incremental_pipeline.cc:623] => Image sees 430 / 1175 points
I20260930 03:35:34.161882 139229316032320 incremental_pipeline.cc:113] Creating snapshot
I20260930 03:35:34.173125 139229316032320 incremental_pipeline.cc:620] Registering image #1040 (num_reg_frames=102)
I20260930 03:35:34.173138 139229316032320 incremental_pipeline.cc:623] => Image sees 554 / 1175 points
I20260930 03:35:34.228818 139229316032320 incremental_pipeline.cc:620] Registering image #983 (num_reg_frames=103)
I20260930 03:35:34.228844 139229316032320 incremental_pipeline.cc:623] => Image sees 463 / 874 points
I20260930 03:35:34.271836 139229316032320 incremental_pipeline.cc:88] Retriangulation and Global bundle adjustment
I20260930 03:35:34.548564 139229316032320 incremental_pipeline.cc:620] Registering image #1612 (num_reg_frames=104)
I20260930 03:35:34.548598 139229316032320 incremental_pipeline.cc:623] => Image sees 499 / 1040 points
I20260930 03:35:34.602086 139229316032320 incremental_pipeline.cc:620] Registering image #1611 (num_reg_frames=105)
I20260930 03:35:34.602115 139229316032320 incremental_pipeline.cc:623] => Image sees 579 / 1158 points
I20260930 03:35:34.678565 139229316032320 incremental_pipeline.cc:620] Registering image #984 (num_reg_frames=106)
I20260930 03:35:34.678593 139229316032320 incremental_pipeline.cc:623] => Image sees 565 / 1033 points
I20260930 03:35:34.738365 139229316032320 incremental_pipeline.cc:620] Registering image #1610 (num_reg_frames=107)
I20260930 03:35:34.738411 139229316032320 incremental_pipeline.cc:623] => Image sees 657 / 1387 points
I20260930 03:35:34.808244 139229316032320 incremental_pipeline.cc:620] Registering image #1039 (num_reg_frames=108)
I20260930 03:35:34.808271 139229316032320 incremental_pipeline.cc:623] => Image sees 777 / 1387 points
I20260930 03:35:34.876534 139229316032320 incremental_pipeline.cc:620] Registering image #1614 (num_reg_frames=109)
I20260930 03:35:34.876560 139229316032320 incremental_pipeline.cc:623] => Image sees 390 / 602 points
I20260930 03:35:34.931445 139229316032320 incremental_pipeline.cc:620] Registering image #1609 (num_reg_frames=110)
I20260930 03:35:34.931473 139229316032320 incremental_pipeline.cc:623] => Image sees 505 / 853 points
I20260930 03:35:34.990326 139229316032320 incremental_pipeline.cc:620] Registering image #1608 (num_reg_frames=111)
I20260930 03:35:34.990352 139229316032320 incremental_pipeline.cc:623] => Image sees 661 / 1158 points
I20260930 03:35:35.062100 139229316032320 incremental_pipeline.cc:620] Registering image #1607 (num_reg_frames=112)
I20260930 03:35:35.062125 139229316032320 incremental_pipeline.cc:623] => Image sees 703 / 1496 points
I20260930 03:35:35.136655 139229316032320 incremental_pipeline.cc:620] Registering image #1038 (num_reg_frames=113)
I20260930 03:35:35.136687 139229316032320 incremental_pipeline.cc:623] => Image sees 841 / 1496 points
I20260930 03:35:35.207740 139229316032320 incremental_pipeline.cc:620] Registering image #803 (num_reg_frames=114)
I20260930 03:35:35.207767 139229316032320 incremental_pipeline.cc:623] => Image sees 582 / 923 points
I20260930 03:35:35.275927 139229316032320 incremental_pipeline.cc:88] Retriangulation and Global bundle adjustment
I20260930 03:35:35.884294 139229316032320 incremental_pipeline.cc:620] Registering image #986 (num_reg_frames=115)
I20260930 03:35:35.884323 139229316032320 incremental_pipeline.cc:623] => Image sees 719 / 1196 points
I20260930 03:35:35.949093 139229316032320 incremental_pipeline.cc:620] Registering image #1606 (num_reg_frames=116)
I20260930 03:35:35.949122 139229316032320 incremental_pipeline.cc:623] => Image sees 594 / 880 points
I20260930 03:35:36.010059 139229316032320 incremental_pipeline.cc:620] Registering image #1037 (num_reg_frames=117)
I20260930 03:35:36.010087 139229316032320 incremental_pipeline.cc:623] => Image sees 692 / 1491 points
I20260930 03:35:36.086522 139229316032320 incremental_pipeline.cc:620] Registering image #1604 (num_reg_frames=118)
I20260930 03:35:36.086555 139229316032320 incremental_pipeline.cc:623] => Image sees 837 / 1491 points
I20260930 03:35:36.159551 139229316032320 incremental_pipeline.cc:620] Registering image #987 (num_reg_frames=119)
I20260930 03:35:36.159579 139229316032320 incremental_pipeline.cc:623] => Image sees 691 / 1057 points
I20260930 03:35:36.229444 139229316032320 incremental_pipeline.cc:620] Registering image #802 (num_reg_frames=120)
I20260930 03:35:36.229470 139229316032320 incremental_pipeline.cc:623] => Image sees 540 / 675 points
I20260930 03:35:36.283267 139229316032320 incremental_pipeline.cc:620] Registering image #1603 (num_reg_frames=121)
I20260930 03:35:36.283293 139229316032320 incremental_pipeline.cc:623] => Image sees 727 / 1035 points
I20260930 03:35:36.355132 139229316032320 incremental_pipeline.cc:620] Registering image #804 (num_reg_frames=122)
I20260930 03:35:36.355162 139229316032320 incremental_pipeline.cc:623] => Image sees 659 / 915 points
I20260930 03:35:36.421105 139229316032320 incremental_pipeline.cc:620] Registering image #988 (num_reg_frames=123)
I20260930 03:35:36.421133 139229316032320 incremental_pipeline.cc:623] => Image sees 564 / 872 points
I20260930 03:35:36.488836 139229316032320 incremental_pipeline.cc:620] Registering image #801 (num_reg_frames=124)
I20260930 03:35:36.488865 139229316032320 incremental_pipeline.cc:623] => Image sees 666 / 891 points
I20260930 03:35:36.562258 139229316032320 incremental_pipeline.cc:620] Registering image #1600 (num_reg_frames=125)
I20260930 03:35:36.562294 139229316032320 incremental_pipeline.cc:623] => Image sees 641 / 870 points
I20260930 03:35:36.652388 139229316032320 incremental_pipeline.cc:620] Registering image #985 (num_reg_frames=126)
I20260930 03:35:36.652413 139229316032320 incremental_pipeline.cc:623] => Image sees 356 / 439 points
I20260930 03:35:36.714947 139229316032320 incremental_pipeline.cc:88] Retriangulation and Global bundle adjustment
I20260930 03:35:37.456471 139229316032320 incremental_pipeline.cc:620] Registering image #805 (num_reg_frames=127)
I20260930 03:35:37.456503 139229316032320 incremental_pipeline.cc:623] => Image sees 538 / 737 points
I20260930 03:35:37.537417 139229316032320 incremental_pipeline.cc:620] Registering image #1617 (num_reg_frames=128)
I20260930 03:35:37.537449 139229316032320 incremental_pipeline.cc:623] => Image sees 410 / 515 points
I20260930 03:35:37.606520 139229316032320 incremental_pipeline.cc:620] Registering image #1602 (num_reg_frames=129)
I20260930 03:35:37.606548 139229316032320 incremental_pipeline.cc:623] => Image sees 482 / 630 points
I20260930 03:35:37.662685 139229316032320 incremental_pipeline.cc:620] Registering image #989 (num_reg_frames=130)
I20260930 03:35:37.662711 139229316032320 incremental_pipeline.cc:623] => Image sees 453 / 914 points
I20260930 03:35:37.720467 139229316032320 incremental_pipeline.cc:620] Registering image #806 (num_reg_frames=131)
I20260930 03:35:37.720493 139229316032320 incremental_pipeline.cc:623] => Image sees 307 / 549 points
I20260930 03:35:37.774989 139229316032320 incremental_pipeline.cc:620] Registering image #990 (num_reg_frames=132)
I20260930 03:35:37.775016 139229316032320 incremental_pipeline.cc:623] => Image sees 362 / 970 points
I20260930 03:35:37.840437 139229316032320 incremental_pipeline.cc:620] Registering image #1036 (num_reg_frames=133)
I20260930 03:35:37.840464 139229316032320 incremental_pipeline.cc:623] => Image sees 278 / 530 points
I20260930 03:35:37.903148 139229316032320 incremental_pipeline.cc:620] Registering image #1601 (num_reg_frames=134)
I20260930 03:35:37.903172 139229316032320 incremental_pipeline.cc:623] => Image sees 311 / 530 points
I20260930 03:35:37.950086 139229316032320 incremental_pipeline.cc:620] Registering image #800 (num_reg_frames=135)
I20260930 03:35:37.950117 139229316032320 incremental_pipeline.cc:623] => Image sees 289 / 393 points
I20260930 03:35:38.007534 139229316032320 incremental_pipeline.cc:620] Registering image #1035 (num_reg_frames=136)
I20260930 03:35:38.007561 139229316032320 incremental_pipeline.cc:623] => Image sees 475 / 917 points
I20260930 03:35:38.070751 139229316032320 incremental_pipeline.cc:620] Registering image #1598 (num_reg_frames=137)
I20260930 03:35:38.070780 139229316032320 incremental_pipeline.cc:623] => Image sees 533 / 917 points
I20260930 03:35:38.137295 139229316032320 incremental_pipeline.cc:620] Registering image #1605 (num_reg_frames=138)
I20260930 03:35:38.137323 139229316032320 incremental_pipeline.cc:623] => Image sees 258 / 311 points
I20260930 03:35:38.186754 139229316032320 incremental_pipeline.cc:620] Registering image #1597 (num_reg_frames=139)
I20260930 03:35:38.186779 139229316032320 incremental_pipeline.cc:623] => Image sees 481 / 675 points
I20260930 03:35:38.242810 139229316032320 incremental_pipeline.cc:88] Retriangulation and Global bundle adjustment
I20260930 03:35:39.053013 139229316032320 incremental_pipeline.cc:620] Registering image #1043 (num_reg_frames=140)
I20260930 03:35:39.053044 139229316032320 incremental_pipeline.cc:623] => Image sees 292 / 445 points
I20260930 03:35:39.101266 139229316032320 incremental_pipeline.cc:620] Registering image #1622 (num_reg_frames=141)
I20260930 03:35:39.101295 139229316032320 incremental_pipeline.cc:623] => Image sees 307 / 445 points
I20260930 03:35:39.147379 139229316032320 incremental_pipeline.cc:620] Registering image #823 (num_reg_frames=142)
I20260930 03:35:39.147408 139229316032320 incremental_pipeline.cc:623] => Image sees 240 / 310 points
I20260930 03:35:39.182514 139229316032320 incremental_pipeline.cc:620] Registering image #826 (num_reg_frames=143)
I20260930 03:35:39.182555 139229316032320 incremental_pipeline.cc:623] => Image sees 209 / 543 points
I20260930 03:35:39.220078 139229316032320 incremental_pipeline.cc:620] Registering image #827 (num_reg_frames=144)
I20260930 03:35:39.220101 139229316032320 incremental_pipeline.cc:623] => Image sees 254 / 874 points
I20260930 03:35:39.251167 139229316032320 incremental_pipeline.cc:620] Registering image #828 (num_reg_frames=145)
I20260930 03:35:39.251193 139229316032320 incremental_pipeline.cc:623] => Image sees 262 / 1150 points
I20260930 03:35:39.287491 139229316032320 incremental_pipeline.cc:620] Registering image #807 (num_reg_frames=146)
I20260930 03:35:39.287514 139229316032320 incremental_pipeline.cc:623] => Image sees 206 / 449 points
I20260930 03:35:39.338565 139229316032320 incremental_pipeline.cc:620] Registering image #1044 (num_reg_frames=147)
I20260930 03:35:39.338593 139229316032320 incremental_pipeline.cc:623] => Image sees 209 / 337 points
I20260930 03:35:39.386930 139229316032320 incremental_pipeline.cc:620] Registering image #1625 (num_reg_frames=148)
I20260930 03:35:39.386977 139229316032320 incremental_pipeline.cc:623] => Image sees 225 / 337 points
I20260930 03:35:39.421707 139229316032320 incremental_pipeline.cc:620] Registering image #808 (num_reg_frames=149)
I20260930 03:35:39.421746 139229316032320 incremental_pipeline.cc:623] => Image sees 181 / 607 points
I20260930 03:35:39.460091 139229316032320 incremental_pipeline.cc:620] Registering image #809 (num_reg_frames=150)
I20260930 03:35:39.460119 139229316032320 incremental_pipeline.cc:623] => Image sees 215 / 634 points
I20260930 03:35:39.500489 139229316032320 incremental_pipeline.cc:620] Registering image #810 (num_reg_frames=151)
I20260930 03:35:39.500517 139229316032320 incremental_pipeline.cc:623] => Image sees 299 / 591 points
I20260930 03:35:39.534574 139229316032320 incremental_pipeline.cc:113] Creating snapshot
I20260930 03:35:39.552064 139229316032320 incremental_pipeline.cc:620] Registering image #799 (num_reg_frames=152)
I20260930 03:35:39.552081 139229316032320 incremental_pipeline.cc:623] => Image sees 194 / 306 points
I20260930 03:35:39.598820 139229316032320 incremental_pipeline.cc:620] Registering image #933 (num_reg_frames=153)
I20260930 03:35:39.598843 139229316032320 incremental_pipeline.cc:623] => Image sees 196 / 948 points
I20260930 03:35:39.634575 139229316032320 incremental_pipeline.cc:88] Retriangulation and Global bundle adjustment
I20260930 03:35:40.158341 139229316032320 incremental_pipeline.cc:620] Registering image #934 (num_reg_frames=154)
I20260930 03:35:40.158374 139229316032320 incremental_pipeline.cc:623] => Image sees 192 / 415 points
I20260930 03:35:40.194967 139229316032320 incremental_pipeline.cc:620] Registering image #932 (num_reg_frames=155)
I20260930 03:35:40.194995 139229316032320 incremental_pipeline.cc:623] => Image sees 230 / 995 points
I20260930 03:35:40.241727 139229316032320 incremental_pipeline.cc:620] Registering image #931 (num_reg_frames=156)
I20260930 03:35:40.241754 139229316032320 incremental_pipeline.cc:623] => Image sees 431 / 1034 points
I20260930 03:35:40.283261 139229316032320 incremental_pipeline.cc:620] Registering image #930 (num_reg_frames=157)
I20260930 03:35:40.283289 139229316032320 incremental_pipeline.cc:623] => Image sees 494 / 796 points
I20260930 03:35:40.322731 139229316032320 incremental_pipeline.cc:620] Registering image #929 (num_reg_frames=158)
I20260930 03:35:40.322756 139229316032320 incremental_pipeline.cc:623] => Image sees 416 / 604 points
I20260930 03:35:40.368496 139229316032320 incremental_pipeline.cc:620] Registering image #936 (num_reg_frames=159)
I20260930 03:35:40.368525 139229316032320 incremental_pipeline.cc:623] => Image sees 221 / 630 points
I20260930 03:35:40.405712 139229316032320 incremental_pipeline.cc:620] Registering image #935 (num_reg_frames=160)
I20260930 03:35:40.405738 139229316032320 incremental_pipeline.cc:623] => Image sees 200 / 286 points
I20260930 03:35:40.439362 139229316032320 incremental_pipeline.cc:620] Registering image #829 (num_reg_frames=161)
I20260930 03:35:40.439401 139229316032320 incremental_pipeline.cc:623] => Image sees 200 / 1551 points
I20260930 03:35:40.478951 139229316032320 incremental_pipeline.cc:620] Registering image #830 (num_reg_frames=162)
I20260930 03:35:40.478976 139229316032320 incremental_pipeline.cc:623] => Image sees 393 / 2089 points
I20260930 03:35:40.519002 139229316032320 incremental_pipeline.cc:88] Retriangulation and Global bundle adjustment
I20260930 03:35:41.450567 139229316032320 incremental_pipeline.cc:620] Registering image #832 (num_reg_frames=163)
I20260930 03:35:41.450601 139229316032320 incremental_pipeline.cc:623] => Image sees 554 / 1304 points
I20260930 03:35:41.514020 139229316032320 incremental_pipeline.cc:620] Registering image #833 (num_reg_frames=164)
I20260930 03:35:41.514048 139229316032320 incremental_pipeline.cc:623] => Image sees 693 / 2493 points
I20260930 03:35:41.583892 139229316032320 incremental_pipeline.cc:620] Registering image #834 (num_reg_frames=165)
I20260930 03:35:41.583921 139229316032320 incremental_pipeline.cc:623] => Image sees 1128 / 2517 points
I20260930 03:35:41.680628 139229316032320 incremental_pipeline.cc:620] Registering image #835 (num_reg_frames=166)
I20260930 03:35:41.680655 139229316032320 incremental_pipeline.cc:623] => Image sees 1496 / 2223 points
I20260930 03:35:41.783037 139229316032320 incremental_pipeline.cc:620] Registering image #831 (num_reg_frames=167)
I20260930 03:35:41.783066 139229316032320 incremental_pipeline.cc:623] => Image sees 606 / 808 points
I20260930 03:35:41.876719 139229316032320 incremental_pipeline.cc:620] Registering image #940 (num_reg_frames=168)
I20260930 03:35:41.876748 139229316032320 incremental_pipeline.cc:623] => Image sees 453 / 1545 points
I20260930 03:35:41.947835 139229316032320 incremental_pipeline.cc:88] Retriangulation and Global bundle adjustment
I20260930 03:35:42.533233 139229316032320 incremental_pipeline.cc:620] Registering image #938 (num_reg_frames=169)
I20260930 03:35:42.533266 139229316032320 incremental_pipeline.cc:623] => Image sees 458 / 1274 points
I20260930 03:35:42.593515 139229316032320 incremental_pipeline.cc:620] Registering image #937 (num_reg_frames=170)
I20260930 03:35:42.593546 139229316032320 incremental_pipeline.cc:623] => Image sees 348 / 671 points
I20260930 03:35:42.652168 139229316032320 incremental_pipeline.cc:620] Registering image #939 (num_reg_frames=171)
I20260930 03:35:42.652198 139229316032320 incremental_pipeline.cc:623] => Image sees 388 / 666 points
I20260930 03:35:42.708351 139229316032320 incremental_pipeline.cc:620] Registering image #941 (num_reg_frames=172)
I20260930 03:35:42.708396 139229316032320 incremental_pipeline.cc:623] => Image sees 267 / 677 points
I20260930 03:35:42.755703 139229316032320 incremental_pipeline.cc:620] Registering image #942 (num_reg_frames=173)
I20260930 03:35:42.755732 139229316032320 incremental_pipeline.cc:623] => Image sees 333 / 1242 points
I20260930 03:35:42.803718 139229316032320 incremental_pipeline.cc:620] Registering image #943 (num_reg_frames=174)
I20260930 03:35:42.803743 139229316032320 incremental_pipeline.cc:623] => Image sees 383 / 1310 points
I20260930 03:35:42.865430 139229316032320 incremental_pipeline.cc:620] Registering image #944 (num_reg_frames=175)
I20260930 03:35:42.865460 139229316032320 incremental_pipeline.cc:623] => Image sees 581 / 1605 points
I20260930 03:35:42.935446 139229316032320 incremental_pipeline.cc:620] Registering image #945 (num_reg_frames=176)
I20260930 03:35:42.935475 139229316032320 incremental_pipeline.cc:623] => Image sees 756 / 1660 points
I20260930 03:35:43.007559 139229316032320 incremental_pipeline.cc:620] Registering image #842 (num_reg_frames=177)
I20260930 03:35:43.007589 139229316032320 incremental_pipeline.cc:623] => Image sees 462 / 1083 points
I20260930 03:35:43.064481 139229316032320 incremental_pipeline.cc:88] Retriangulation and Global bundle adjustment
I20260930 03:35:44.169247 139229316032320 incremental_pipeline.cc:620] Registering image #946 (num_reg_frames=178)
I20260930 03:35:44.169287 139229316032320 incremental_pipeline.cc:623] => Image sees 516 / 1116 points
I20260930 03:35:44.231624 139229316032320 incremental_pipeline.cc:620] Registering image #843 (num_reg_frames=179)
I20260930 03:35:44.231652 139229316032320 incremental_pipeline.cc:623] => Image sees 510 / 1925 points
I20260930 03:35:44.305603 139229316032320 incremental_pipeline.cc:620] Registering image #844 (num_reg_frames=180)
I20260930 03:35:44.305632 139229316032320 incremental_pipeline.cc:623] => Image sees 581 / 1973 points
I20260930 03:35:44.392272 139229316032320 incremental_pipeline.cc:620] Registering image #845 (num_reg_frames=181)
I20260930 03:35:44.392302 139229316032320 incremental_pipeline.cc:623] => Image sees 772 / 1486 points
I20260930 03:35:44.468893 139229316032320 incremental_pipeline.cc:620] Registering image #846 (num_reg_frames=182)
I20260930 03:35:44.468941 139229316032320 incremental_pipeline.cc:623] => Image sees 858 / 1628 points
I20260930 03:35:44.556102 139229316032320 incremental_pipeline.cc:620] Registering image #947 (num_reg_frames=183)
I20260930 03:35:44.556133 139229316032320 incremental_pipeline.cc:623] => Image sees 635 / 1344 points
I20260930 03:35:44.654913 139229316032320 incremental_pipeline.cc:620] Registering image #948 (num_reg_frames=184)
I20260930 03:35:44.654942 139229316032320 incremental_pipeline.cc:623] => Image sees 618 / 1469 points
I20260930 03:35:44.729594 139229316032320 incremental_pipeline.cc:620] Registering image #949 (num_reg_frames=185)
I20260930 03:35:44.729624 139229316032320 incremental_pipeline.cc:623] => Image sees 607 / 1331 points
I20260930 03:35:44.810379 139229316032320 incremental_pipeline.cc:620] Registering image #847 (num_reg_frames=186)
I20260930 03:35:44.810408 139229316032320 incremental_pipeline.cc:623] => Image sees 573 / 2316 points
I20260930 03:35:44.884347 139229316032320 incremental_pipeline.cc:88] Retriangulation and Global bundle adjustment
I20260930 03:35:45.671032 139229316032320 incremental_pipeline.cc:620] Registering image #848 (num_reg_frames=187)
I20260930 03:35:45.671065 139229316032320 incremental_pipeline.cc:623] => Image sees 711 / 2424 points
I20260930 03:35:45.786134 139229316032320 incremental_pipeline.cc:620] Registering image #855 (num_reg_frames=188)
I20260930 03:35:45.786163 139229316032320 incremental_pipeline.cc:623] => Image sees 1264 / 2071 points
I20260930 03:35:45.880321 139229316032320 incremental_pipeline.cc:620] Registering image #856 (num_reg_frames=189)
I20260930 03:35:45.880350 139229316032320 incremental_pipeline.cc:623] => Image sees 994 / 1533 points
I20260930 03:35:46.011382 139229316032320 incremental_pipeline.cc:620] Registering image #950 (num_reg_frames=190)
I20260930 03:35:46.011411 139229316032320 incremental_pipeline.cc:623] => Image sees 607 / 1188 points
I20260930 03:35:46.075737 139229316032320 incremental_pipeline.cc:620] Registering image #951 (num_reg_frames=191)
I20260930 03:35:46.075766 139229316032320 incremental_pipeline.cc:623] => Image sees 737 / 1264 points
I20260930 03:35:46.142648 139229316032320 incremental_pipeline.cc:620] Registering image #953 (num_reg_frames=192)
I20260930 03:35:46.142678 139229316032320 incremental_pipeline.cc:623] => Image sees 687 / 1311 points
I20260930 03:35:46.228268 139229316032320 incremental_pipeline.cc:620] Registering image #952 (num_reg_frames=193)
I20260930 03:35:46.228309 139229316032320 incremental_pipeline.cc:623] => Image sees 637 / 812 points
I20260930 03:35:46.311090 139229316032320 incremental_pipeline.cc:620] Registering image #841 (num_reg_frames=194)
I20260930 03:35:46.311119 139229316032320 incremental_pipeline.cc:623] => Image sees 470 / 809 points
I20260930 03:35:46.376170 139229316032320 incremental_pipeline.cc:620] Registering image #954 (num_reg_frames=195)
I20260930 03:35:46.376199 139229316032320 incremental_pipeline.cc:623] => Image sees 486 / 927 points
I20260930 03:35:46.442849 139229316032320 incremental_pipeline.cc:620] Registering image #840 (num_reg_frames=196)
I20260930 03:35:46.442885 139229316032320 incremental_pipeline.cc:623] => Image sees 473 / 850 points
I20260930 03:35:46.520751 139229316032320 incremental_pipeline.cc:620] Registering image #849 (num_reg_frames=197)
I20260930 03:35:46.520779 139229316032320 incremental_pipeline.cc:623] => Image sees 348 / 739 points
I20260930 03:35:46.595119 139229316032320 incremental_pipeline.cc:620] Registering image #839 (num_reg_frames=198)
I20260930 03:35:46.595147 139229316032320 incremental_pipeline.cc:623] => Image sees 509 / 856 points
I20260930 03:35:46.661488 139229316032320 incremental_pipeline.cc:620] Registering image #838 (num_reg_frames=199)
I20260930 03:35:46.661516 139229316032320 incremental_pipeline.cc:623] => Image sees 477 / 750 points
I20260930 03:35:46.723825 139229316032320 incremental_pipeline.cc:620] Registering image #850 (num_reg_frames=200)
I20260930 03:35:46.723850 139229316032320 incremental_pipeline.cc:623] => Image sees 349 / 858 points
I20260930 03:35:46.807313 139229316032320 incremental_pipeline.cc:620] Registering image #854 (num_reg_frames=201)
I20260930 03:35:46.807341 139229316032320 incremental_pipeline.cc:623] => Image sees 338 / 550 points
I20260930 03:35:46.868366 139229316032320 incremental_pipeline.cc:113] Creating snapshot
I20260930 03:35:46.898047 139229316032320 incremental_pipeline.cc:620] Registering image #851 (num_reg_frames=202)
I20260930 03:35:46.898082 139229316032320 incremental_pipeline.cc:623] => Image sees 344 / 827 points
I20260930 03:35:46.964248 139229316032320 incremental_pipeline.cc:620] Registering image #852 (num_reg_frames=203)
I20260930 03:35:46.964270 139229316032320 incremental_pipeline.cc:623] => Image sees 388 / 727 points
I20260930 03:35:47.031141 139229316032320 incremental_pipeline.cc:88] Retriangulation and Global bundle adjustment
I20260930 03:35:47.997821 139229316032320 incremental_pipeline.cc:620] Registering image #853 (num_reg_frames=204)
I20260930 03:35:47.997854 139229316032320 incremental_pipeline.cc:623] => Image sees 267 / 376 points
I20260930 03:35:48.053083 139229316032320 incremental_pipeline.cc:620] Registering image #857 (num_reg_frames=205)
I20260930 03:35:48.053113 139229316032320 incremental_pipeline.cc:623] => Image sees 256 / 746 points
I20260930 03:35:48.144805 139229316032320 incremental_pipeline.cc:620] Registering image #991 (num_reg_frames=206)
I20260930 03:35:48.144835 139229316032320 incremental_pipeline.cc:623] => Image sees 310 / 853 points
I20260930 03:35:48.198456 139229316032320 incremental_pipeline.cc:620] Registering image #993 (num_reg_frames=207)
I20260930 03:35:48.198484 139229316032320 incremental_pipeline.cc:623] => Image sees 294 / 737 points
I20260930 03:35:48.248774 139229316032320 incremental_pipeline.cc:620] Registering image #1000 (num_reg_frames=208)
I20260930 03:35:48.248803 139229316032320 incremental_pipeline.cc:623] => Image sees 277 / 559 points
I20260930 03:35:48.298373 139229316032320 incremental_pipeline.cc:620] Registering image #994 (num_reg_frames=209)
I20260930 03:35:48.298404 139229316032320 incremental_pipeline.cc:623] => Image sees 261 / 491 points
I20260930 03:35:48.342224 139229316032320 incremental_pipeline.cc:620] Registering image #836 (num_reg_frames=210)
I20260930 03:35:48.342263 139229316032320 incremental_pipeline.cc:623] => Image sees 213 / 279 points
I20260930 03:35:48.409744 139229316032320 incremental_pipeline.cc:620] Registering image #955 (num_reg_frames=211)
I20260930 03:35:48.409773 139229316032320 incremental_pipeline.cc:623] => Image sees 279 / 909 points
I20260930 03:35:48.470004 139229316032320 incremental_pipeline.cc:620] Registering image #956 (num_reg_frames=212)
I20260930 03:35:48.470034 139229316032320 incremental_pipeline.cc:623] => Image sees 288 / 765 points
I20260930 03:35:48.532433 139229316032320 incremental_pipeline.cc:620] Registering image #858 (num_reg_frames=213)
I20260930 03:35:48.532464 139229316032320 incremental_pipeline.cc:623] => Image sees 227 / 598 points
I20260930 03:35:48.604641 139229316032320 incremental_pipeline.cc:620] Registering image #999 (num_reg_frames=214)
I20260930 03:35:48.604678 139229316032320 incremental_pipeline.cc:623] => Image sees 226 / 438 points
I20260930 03:35:48.654068 139229316032320 incremental_pipeline.cc:620] Registering image #1001 (num_reg_frames=215)
I20260930 03:35:48.654096 139229316032320 incremental_pipeline.cc:623] => Image sees 238 / 506 points
I20260930 03:35:48.697812 139229316032320 incremental_pipeline.cc:620] Registering image #859 (num_reg_frames=216)
I20260930 03:35:48.697842 139229316032320 incremental_pipeline.cc:623] => Image sees 192 / 554 points
I20260930 03:35:48.756975 139229316032320 incremental_pipeline.cc:620] Registering image #860 (num_reg_frames=217)
I20260930 03:35:48.757005 139229316032320 incremental_pipeline.cc:623] => Image sees 215 / 850 points
I20260930 03:35:48.811230 139229316032320 incremental_pipeline.cc:620] Registering image #861 (num_reg_frames=218)
I20260930 03:35:48.811260 139229316032320 incremental_pipeline.cc:623] => Image sees 270 / 1157 points
I20260930 03:35:48.856734 139229316032320 incremental_pipeline.cc:620] Registering image #862 (num_reg_frames=219)
I20260930 03:35:48.856764 139229316032320 incremental_pipeline.cc:623] => Image sees 419 / 1042 points
I20260930 03:35:48.902638 139229316032320 incremental_pipeline.cc:620] Registering image #863 (num_reg_frames=220)
I20260930 03:35:48.902670 139229316032320 incremental_pipeline.cc:623] => Image sees 219 / 355 points
I20260930 03:35:48.940156 139229316032320 incremental_pipeline.cc:620] Registering image #997 (num_reg_frames=221)
I20260930 03:35:48.940187 139229316032320 incremental_pipeline.cc:623] => Image sees 235 / 558 points
I20260930 03:35:48.982831 139229316032320 incremental_pipeline.cc:620] Registering image #995 (num_reg_frames=222)
I20260930 03:35:48.982862 139229316032320 incremental_pipeline.cc:623] => Image sees 259 / 467 points
I20260930 03:35:49.030965 139229316032320 incremental_pipeline.cc:620] Registering image #996 (num_reg_frames=223)
I20260930 03:35:49.030993 139229316032320 incremental_pipeline.cc:623] => Image sees 306 / 489 points
I20260930 03:35:49.070008 139229316032320 incremental_pipeline.cc:620] Registering image #864 (num_reg_frames=224)
I20260930 03:35:49.070037 139229316032320 incremental_pipeline.cc:623] => Image sees 192 / 300 points
I20260930 03:35:49.102092 139229316032320 incremental_pipeline.cc:88] Retriangulation and Global bundle adjustment
I20260930 03:35:50.689180 139229316032320 incremental_pipeline.cc:620] Registering image #1002 (num_reg_frames=225)
I20260930 03:35:50.689216 139229316032320 incremental_pipeline.cc:623] => Image sees 189 / 369 points
I20260930 03:35:50.739115 139229316032320 incremental_pipeline.cc:620] Registering image #1004 (num_reg_frames=226)
I20260930 03:35:50.739143 139229316032320 incremental_pipeline.cc:623] => Image sees 217 / 342 points
I20260930 03:35:50.778013 139229316032320 incremental_pipeline.cc:620] Registering image #1003 (num_reg_frames=227)
I20260930 03:35:50.778044 139229316032320 incremental_pipeline.cc:623] => Image sees 209 / 323 points
I20260930 03:35:50.843537 139229316032320 incremental_pipeline.cc:620] Registering image #998 (num_reg_frames=228)
I20260930 03:35:50.843566 139229316032320 incremental_pipeline.cc:623] => Image sees 182 / 290 points
I20260930 03:35:50.882943 139229316032320 incremental_pipeline.cc:620] Registering image #928 (num_reg_frames=229)
I20260930 03:35:50.882966 139229316032320 incremental_pipeline.cc:623] => Image sees 203 / 254 points
I20260930 03:35:50.926990 139229316032320 incremental_pipeline.cc:620] Registering image #982 (num_reg_frames=230)
I20260930 03:35:50.927012 139229316032320 incremental_pipeline.cc:623] => Image sees 162 / 210 points
I20260930 03:35:50.972542 139229316032320 incremental_pipeline.cc:620] Registering image #1596 (num_reg_frames=231)
I20260930 03:35:50.972570 139229316032320 incremental_pipeline.cc:623] => Image sees 185 / 315 points
I20260930 03:35:51.028768 139229316032320 incremental_pipeline.cc:620] Registering image #320 (num_reg_frames=232)
I20260930 03:35:51.028798 139229316032320 incremental_pipeline.cc:623] => Image sees 293 / 481 points
I20260930 03:35:51.084205 139229316032320 incremental_pipeline.cc:620] Registering image #992 (num_reg_frames=233)
I20260930 03:35:51.084246 139229316032320 incremental_pipeline.cc:623] => Image sees 154 / 214 points
I20260930 03:35:51.113182 139229316032320 incremental_pipeline.cc:620] Registering image #1005 (num_reg_frames=234)
I20260930 03:35:51.113211 139229316032320 incremental_pipeline.cc:623] => Image sees 173 / 267 points
I20260930 03:35:51.158202 139229316032320 incremental_pipeline.cc:620] Registering image #957 (num_reg_frames=235)
I20260930 03:35:51.158231 139229316032320 incremental_pipeline.cc:623] => Image sees 165 / 281 points
I20260930 03:35:51.201090 139229316032320 incremental_pipeline.cc:620] Registering image #798 (num_reg_frames=236)
I20260930 03:35:51.201121 139229316032320 incremental_pipeline.cc:623] => Image sees 218 / 283 points
I20260930 03:35:51.261987 139229316032320 incremental_pipeline.cc:620] Registering image #865 (num_reg_frames=237)
I20260930 03:35:51.262017 139229316032320 incremental_pipeline.cc:623] => Image sees 150 / 240 points
I20260930 03:35:51.296082 139229316032320 incremental_pipeline.cc:620] Registering image #811 (num_reg_frames=238)
I20260930 03:35:51.296108 139229316032320 incremental_pipeline.cc:623] => Image sees 135 / 264 points
I20260930 03:35:51.333371 139229316032320 incremental_pipeline.cc:620] Registering image #812 (num_reg_frames=239)
I20260930 03:35:51.333410 139229316032320 incremental_pipeline.cc:623] => Image sees 164 / 326 points
I20260930 03:35:51.368563 139229316032320 incremental_pipeline.cc:620] Registering image #813 (num_reg_frames=240)
I20260930 03:35:51.368586 139229316032320 incremental_pipeline.cc:623] => Image sees 136 / 220 points
I20260930 03:35:51.397913 139229316032320 incremental_pipeline.cc:620] Registering image #904 (num_reg_frames=241)
I20260930 03:35:51.397940 139229316032320 incremental_pipeline.cc:623] => Image sees 136 / 216 points
I20260930 03:35:51.433597 139229316032320 incremental_pipeline.cc:620] Registering image #899 (num_reg_frames=242)
I20260930 03:35:51.433625 139229316032320 incremental_pipeline.cc:623] => Image sees 133 / 748 points
I20260930 03:35:51.469775 139229316032320 incremental_pipeline.cc:620] Registering image #321 (num_reg_frames=243)
I20260930 03:35:51.469803 139229316032320 incremental_pipeline.cc:623] => Image sees 260 / 480 points
I20260930 03:35:51.538958 139229316032320 incremental_pipeline.cc:620] Registering image #959 (num_reg_frames=244)
I20260930 03:35:51.538987 139229316032320 incremental_pipeline.cc:623] => Image sees 142 / 917 points
I20260930 03:35:51.578503 139229316032320 incremental_pipeline.cc:620] Registering image #868 (num_reg_frames=245)
I20260930 03:35:51.578532 139229316032320 incremental_pipeline.cc:623] => Image sees 223 / 912 points
I20260930 03:35:51.631538 139229316032320 incremental_pipeline.cc:620] Registering image #960 (num_reg_frames=246)
I20260930 03:35:51.631566 139229316032320 incremental_pipeline.cc:623] => Image sees 312 / 721 points
I20260930 03:35:51.674038 139229316032320 incremental_pipeline.cc:620] Registering image #961 (num_reg_frames=247)
I20260930 03:35:51.674066 139229316032320 incremental_pipeline.cc:623] => Image sees 316 / 983 points
I20260930 03:35:51.713678 139229316032320 incremental_pipeline.cc:88] Retriangulation and Global bundle adjustment
I20260930 03:35:53.761448 139229316032320 incremental_pipeline.cc:620] Registering image #962 (num_reg_frames=248)
I20260930 03:35:53.761487 139229316032320 incremental_pipeline.cc:623] => Image sees 201 / 601 points
I20260930 03:35:53.797883 139229316032320 incremental_pipeline.cc:620] Registering image #867 (num_reg_frames=249)
I20260930 03:35:53.797913 139229316032320 incremental_pipeline.cc:623] => Image sees 195 / 274 points
I20260930 03:35:53.840789 139229316032320 incremental_pipeline.cc:620] Registering image #869 (num_reg_frames=250)
I20260930 03:35:53.840817 139229316032320 incremental_pipeline.cc:623] => Image sees 184 / 283 points
I20260930 03:35:53.884797 139229316032320 incremental_pipeline.cc:620] Registering image #870 (num_reg_frames=251)
I20260930 03:35:53.884831 139229316032320 incremental_pipeline.cc:623] => Image sees 190 / 373 points
I20260930 03:35:53.927028 139229316032320 incremental_pipeline.cc:113] Creating snapshot
I20260930 03:35:53.955342 139229316032320 incremental_pipeline.cc:620] Registering image #324 (num_reg_frames=252)
I20260930 03:35:53.955361 139229316032320 incremental_pipeline.cc:623] => Image sees 260 / 463 points
I20260930 03:35:54.007896 139229316032320 incremental_pipeline.cc:620] Registering image #323 (num_reg_frames=253)
I20260930 03:35:54.007925 139229316032320 incremental_pipeline.cc:623] => Image sees 242 / 361 points
I20260930 03:35:54.078880 139229316032320 incremental_pipeline.cc:620] Registering image #322 (num_reg_frames=254)
I20260930 03:35:54.078910 139229316032320 incremental_pipeline.cc:623] => Image sees 209 / 278 points
I20260930 03:35:54.131442 139229316032320 incremental_pipeline.cc:620] Registering image #325 (num_reg_frames=255)
I20260930 03:35:54.131471 139229316032320 incremental_pipeline.cc:623] => Image sees 287 / 390 points
I20260930 03:35:54.185799 139229316032320 incremental_pipeline.cc:620] Registering image #764 (num_reg_frames=256)
I20260930 03:35:54.185827 139229316032320 incremental_pipeline.cc:623] => Image sees 192 / 334 points
I20260930 03:35:54.237246 139229316032320 incremental_pipeline.cc:620] Registering image #837 (num_reg_frames=257)
I20260930 03:35:54.237274 139229316032320 incremental_pipeline.cc:623] => Image sees 104 / 137 points
I20260930 03:35:54.280847 139229316032320 incremental_pipeline.cc:620] Registering image #958 (num_reg_frames=258)
I20260930 03:35:54.280876 139229316032320 incremental_pipeline.cc:623] => Image sees 113 / 140 points
I20260930 03:35:54.313285 139229316032320 incremental_pipeline.cc:620] Registering image #900 (num_reg_frames=259)
I20260930 03:35:54.313313 139229316032320 incremental_pipeline.cc:623] => Image sees 97 / 876 points
I20260930 03:35:54.350265 139229316032320 incremental_pipeline.cc:620] Registering image #902 (num_reg_frames=260)
I20260930 03:35:54.350293 139229316032320 incremental_pipeline.cc:623] => Image sees 229 / 812 points
I20260930 03:35:54.391168 139229316032320 incremental_pipeline.cc:620] Registering image #901 (num_reg_frames=261)
I20260930 03:35:54.391196 139229316032320 incremental_pipeline.cc:623] => Image sees 393 / 1146 points
I20260930 03:35:54.439726 139229316032320 incremental_pipeline.cc:620] Registering image #898 (num_reg_frames=262)
I20260930 03:35:54.439755 139229316032320 incremental_pipeline.cc:623] => Image sees 130 / 236 points
I20260930 03:35:54.482822 139229316032320 incremental_pipeline.cc:620] Registering image #903 (num_reg_frames=263)
I20260930 03:35:54.482849 139229316032320 incremental_pipeline.cc:623] => Image sees 103 / 163 points
I20260930 03:35:54.516468 139229316032320 incremental_pipeline.cc:620] Registering image #919 (num_reg_frames=264)
I20260930 03:35:54.516495 139229316032320 incremental_pipeline.cc:623] => Image sees 106 / 305 points
I20260930 03:35:54.547877 139229316032320 incremental_pipeline.cc:620] Registering image #1034 (num_reg_frames=265)
I20260930 03:35:54.547903 139229316032320 incremental_pipeline.cc:623] => Image sees 96 / 219 points
I20260930 03:35:54.588280 139229316032320 incremental_pipeline.cc:620] Registering image #1595 (num_reg_frames=266)
I20260930 03:35:54.588309 139229316032320 incremental_pipeline.cc:623] => Image sees 108 / 219 points
I20260930 03:35:54.625504 139229316032320 incremental_pipeline.cc:620] Registering image #795 (num_reg_frames=267)
I20260930 03:35:54.625537 139229316032320 incremental_pipeline.cc:623] => Image sees 91 / 195 points
I20260930 03:35:54.655732 139229316032320 incremental_pipeline.cc:620] Registering image #766 (num_reg_frames=268)
I20260930 03:35:54.655759 139229316032320 incremental_pipeline.cc:623] => Image sees 111 / 241 points
I20260930 03:35:54.685891 139229316032320 incremental_pipeline.cc:620] Registering image #767 (num_reg_frames=269)
I20260930 03:35:54.685917 139229316032320 incremental_pipeline.cc:623] => Image sees 136 / 279 points
I20260930 03:35:54.724849 139229316032320 incremental_pipeline.cc:620] Registering image #794 (num_reg_frames=270)
I20260930 03:35:54.724877 139229316032320 incremental_pipeline.cc:623] => Image sees 113 / 167 points
I20260930 03:35:54.759107 139229316032320 incremental_pipeline.cc:620] Registering image #1594 (num_reg_frames=271)
I20260930 03:35:54.759151 139229316032320 incremental_pipeline.cc:623] => Image sees 97 / 137 points
I20260930 03:35:54.797401 139229316032320 incremental_pipeline.cc:620] Registering image #318 (num_reg_frames=272)
I20260930 03:35:54.797431 139229316032320 incremental_pipeline.cc:623] => Image sees 128 / 207 points
I20260930 03:35:54.832774 139229316032320 incremental_pipeline.cc:88] Retriangulation and Global bundle adjustment
I20260930 03:35:56.484942 139229316032320 incremental_pipeline.cc:620] Registering image #920 (num_reg_frames=273)
I20260930 03:35:56.484978 139229316032320 incremental_pipeline.cc:623] => Image sees 84 / 332 points
I20260930 03:35:56.511493 139229316032320 incremental_pipeline.cc:620] Registering image #921 (num_reg_frames=274)
I20260930 03:35:56.511523 139229316032320 incremental_pipeline.cc:623] => Image sees 118 / 450 points
I20260930 03:35:56.543132 139229316032320 incremental_pipeline.cc:620] Registering image #922 (num_reg_frames=275)
I20260930 03:35:56.543162 139229316032320 incremental_pipeline.cc:623] => Image sees 200 / 507 points
I20260930 03:35:56.579772 139229316032320 incremental_pipeline.cc:620] Registering image #926 (num_reg_frames=276)
I20260930 03:35:56.579803 139229316032320 incremental_pipeline.cc:623] => Image sees 243 / 475 points
I20260930 03:35:56.610737 139229316032320 incremental_pipeline.cc:620] Registering image #923 (num_reg_frames=277)
I20260930 03:35:56.610765 139229316032320 incremental_pipeline.cc:623] => Image sees 281 / 670 points
I20260930 03:35:56.650021 139229316032320 incremental_pipeline.cc:620] Registering image #924 (num_reg_frames=278)
I20260930 03:35:56.650049 139229316032320 incremental_pipeline.cc:623] => Image sees 348 / 617 points
I20260930 03:35:56.694165 139229316032320 incremental_pipeline.cc:620] Registering image #925 (num_reg_frames=279)
I20260930 03:35:56.694193 139229316032320 incremental_pipeline.cc:623] => Image sees 280 / 348 points
I20260930 03:35:56.735776 139229316032320 incremental_pipeline.cc:620] Registering image #927 (num_reg_frames=280)
I20260930 03:35:56.735805 139229316032320 incremental_pipeline.cc:623] => Image sees 99 / 116 points
I20260930 03:35:56.762117 139229316032320 incremental_pipeline.cc:620] Registering image #963 (num_reg_frames=281)
I20260930 03:35:56.762141 139229316032320 incremental_pipeline.cc:623] => Image sees 91 / 307 points
I20260930 03:35:56.801291 139229316032320 incremental_pipeline.cc:620] Registering image #1006 (num_reg_frames=282)
I20260930 03:35:56.801319 139229316032320 incremental_pipeline.cc:623] => Image sees 93 / 161 points
I20260930 03:35:56.826165 139229316032320 incremental_pipeline.cc:620] Registering image #796 (num_reg_frames=283)
I20260930 03:35:56.826201 139229316032320 incremental_pipeline.cc:623] => Image sees 79 / 123 points
I20260930 03:35:56.855415 139229316032320 incremental_pipeline.cc:620] Registering image #797 (num_reg_frames=284)
I20260930 03:35:56.855443 139229316032320 incremental_pipeline.cc:623] => Image sees 76 / 104 points
I20260930 03:35:56.875439 139229316032320 incremental_pipeline.cc:620] Registering image #317 (num_reg_frames=285)
I20260930 03:35:56.875481 139229316032320 incremental_pipeline.cc:623] => Image sees 97 / 136 points
I20260930 03:35:56.911560 139229316032320 incremental_pipeline.cc:620] Registering image #763 (num_reg_frames=286)
I20260930 03:35:56.911589 139229316032320 incremental_pipeline.cc:623] => Image sees 91 / 206 points
I20260930 03:35:56.953207 139229316032320 incremental_pipeline.cc:620] Registering image #897 (num_reg_frames=287)
I20260930 03:35:56.953235 139229316032320 incremental_pipeline.cc:623] => Image sees 58 / 121 points
I20260930 03:35:56.977019 139229316032320 incremental_pipeline.cc:620] Registering image #871 (num_reg_frames=288)
I20260930 03:35:56.977046 139229316032320 incremental_pipeline.cc:623] => Image sees 63 / 763 points
I20260930 03:35:57.012525 139229316032320 incremental_pipeline.cc:620] Registering image #872 (num_reg_frames=289)
I20260930 03:35:57.012551 139229316032320 incremental_pipeline.cc:623] => Image sees 111 / 908 points
I20260930 03:35:57.047888 139229316032320 incremental_pipeline.cc:620] Registering image #873 (num_reg_frames=290)
I20260930 03:35:57.047915 139229316032320 incremental_pipeline.cc:623] => Image sees 261 / 883 points
I20260930 03:35:57.084851 139229316032320 incremental_pipeline.cc:620] Registering image #974 (num_reg_frames=291)
I20260930 03:35:57.084880 139229316032320 incremental_pipeline.cc:623] => Image sees 287 / 823 points
I20260930 03:35:57.126627 139229316032320 incremental_pipeline.cc:620] Registering image #874 (num_reg_frames=292)
I20260930 03:35:57.126655 139229316032320 incremental_pipeline.cc:623] => Image sees 303 / 1371 points
I20260930 03:35:57.188259 139229316032320 incremental_pipeline.cc:620] Registering image #875 (num_reg_frames=293)
I20260930 03:35:57.188288 139229316032320 incremental_pipeline.cc:623] => Image sees 437 / 1656 points
I20260930 03:35:57.247229 139229316032320 incremental_pipeline.cc:620] Registering image #876 (num_reg_frames=294)
I20260930 03:35:57.247257 139229316032320 incremental_pipeline.cc:623] => Image sees 482 / 1158 points
I20260930 03:35:57.301635 139229316032320 incremental_pipeline.cc:620] Registering image #877 (num_reg_frames=295)
I20260930 03:35:57.301664 139229316032320 incremental_pipeline.cc:623] => Image sees 684 / 1873 points
I20260930 03:35:57.388195 139229316032320 incremental_pipeline.cc:620] Registering image #878 (num_reg_frames=296)
I20260930 03:35:57.388223 139229316032320 incremental_pipeline.cc:623] => Image sees 732 / 1389 points
I20260930 03:35:57.463396 139229316032320 incremental_pipeline.cc:620] Registering image #975 (num_reg_frames=297)
I20260930 03:35:57.463426 139229316032320 incremental_pipeline.cc:623] => Image sees 446 / 984 points
I20260930 03:35:57.541726 139229316032320 incremental_pipeline.cc:620] Registering image #879 (num_reg_frames=298)
I20260930 03:35:57.541750 139229316032320 incremental_pipeline.cc:623] => Image sees 558 / 1057 points
I20260930 03:35:57.627893 139229316032320 incremental_pipeline.cc:620] Registering image #880 (num_reg_frames=299)
I20260930 03:35:57.627922 139229316032320 incremental_pipeline.cc:623] => Image sees 478 / 987 points
I20260930 03:35:57.701344 139229316032320 incremental_pipeline.cc:88] Retriangulation and Global bundle adjustment
I20260930 03:35:58.908346 139229316032320 incremental_pipeline.cc:620] Registering image #892 (num_reg_frames=300)
I20260930 03:35:58.908379 139229316032320 incremental_pipeline.cc:623] => Image sees 324 / 2756 points
I20260930 03:35:58.961375 139229316032320 incremental_pipeline.cc:620] Registering image #893 (num_reg_frames=301)
I20260930 03:35:58.961405 139229316032320 incremental_pipeline.cc:623] => Image sees 477 / 2709 points
I20260930 03:35:59.039407 139229316032320 incremental_pipeline.cc:113] Creating snapshot
I20260930 03:35:59.072081 139229316032320 incremental_pipeline.cc:620] Registering image #890 (num_reg_frames=302)
I20260930 03:35:59.072101 139229316032320 incremental_pipeline.cc:623] => Image sees 272 / 858 points
I20260930 03:35:59.137095 139229316032320 incremental_pipeline.cc:620] Registering image #976 (num_reg_frames=303)
I20260930 03:35:59.137135 139229316032320 incremental_pipeline.cc:623] => Image sees 339 / 815 points
I20260930 03:35:59.199610 139229316032320 incremental_pipeline.cc:620] Registering image #881 (num_reg_frames=304)
I20260930 03:35:59.199639 139229316032320 incremental_pipeline.cc:623] => Image sees 513 / 1311 points
I20260930 03:35:59.268408 139229316032320 incremental_pipeline.cc:620] Registering image #882 (num_reg_frames=305)
I20260930 03:35:59.268438 139229316032320 incremental_pipeline.cc:623] => Image sees 553 / 1214 points
I20260930 03:35:59.336247 139229316032320 incremental_pipeline.cc:620] Registering image #977 (num_reg_frames=306)
I20260930 03:35:59.336275 139229316032320 incremental_pipeline.cc:623] => Image sees 393 / 791 points
I20260930 03:35:59.408307 139229316032320 incremental_pipeline.cc:620] Registering image #888 (num_reg_frames=307)
I20260930 03:35:59.408336 139229316032320 incremental_pipeline.cc:623] => Image sees 358 / 636 points
I20260930 03:35:59.467765 139229316032320 incremental_pipeline.cc:620] Registering image #887 (num_reg_frames=308)
I20260930 03:35:59.467789 139229316032320 incremental_pipeline.cc:623] => Image sees 407 / 638 points
I20260930 03:35:59.525007 139229316032320 incremental_pipeline.cc:620] Registering image #889 (num_reg_frames=309)
I20260930 03:35:59.525036 139229316032320 incremental_pipeline.cc:623] => Image sees 394 / 642 points
I20260930 03:35:59.580499 139229316032320 incremental_pipeline.cc:620] Registering image #883 (num_reg_frames=310)
I20260930 03:35:59.580529 139229316032320 incremental_pipeline.cc:623] => Image sees 486 / 954 points
I20260930 03:35:59.641049 139229316032320 incremental_pipeline.cc:620] Registering image #891 (num_reg_frames=311)
I20260930 03:35:59.641078 139229316032320 incremental_pipeline.cc:623] => Image sees 241 / 455 points
I20260930 03:35:59.703786 139229316032320 incremental_pipeline.cc:620] Registering image #978 (num_reg_frames=312)
I20260930 03:35:59.703814 139229316032320 incremental_pipeline.cc:623] => Image sees 267 / 650 points
I20260930 03:35:59.768260 139229316032320 incremental_pipeline.cc:620] Registering image #884 (num_reg_frames=313)
I20260930 03:35:59.768289 139229316032320 incremental_pipeline.cc:623] => Image sees 236 / 614 points
I20260930 03:35:59.829786 139229316032320 incremental_pipeline.cc:620] Registering image #886 (num_reg_frames=314)
I20260930 03:35:59.829831 139229316032320 incremental_pipeline.cc:623] => Image sees 200 / 421 points
I20260930 03:35:59.872420 139229316032320 incremental_pipeline.cc:620] Registering image #979 (num_reg_frames=315)
I20260930 03:35:59.872452 139229316032320 incremental_pipeline.cc:623] => Image sees 222 / 464 points
I20260930 03:35:59.929308 139229316032320 incremental_pipeline.cc:620] Registering image #885 (num_reg_frames=316)
I20260930 03:35:59.929333 139229316032320 incremental_pipeline.cc:623] => Image sees 194 / 369 points
I20260930 03:35:59.976108 139229316032320 incremental_pipeline.cc:620] Registering image #973 (num_reg_frames=317)
I20260930 03:35:59.976137 139229316032320 incremental_pipeline.cc:623] => Image sees 134 / 186 points
I20260930 03:36:00.020045 139229316032320 incremental_pipeline.cc:620] Registering image #894 (num_reg_frames=318)
I20260930 03:36:00.020076 139229316032320 incremental_pipeline.cc:623] => Image sees 85 / 132 points
I20260930 03:36:00.069885 139229316032320 incremental_pipeline.cc:620] Registering image #765 (num_reg_frames=319)
I20260930 03:36:00.069912 139229316032320 incremental_pipeline.cc:623] => Image sees 54 / 102 points
I20260930 03:36:00.092449 139229316032320 incremental_pipeline.cc:620] Registering image #768 (num_reg_frames=320)
I20260930 03:36:00.092478 139229316032320 incremental_pipeline.cc:623] => Image sees 59 / 85 points
I20260930 03:36:00.120015 139229316032320 incremental_pipeline.cc:620] Registering image #319 (num_reg_frames=321)
I20260930 03:36:00.120045 139229316032320 incremental_pipeline.cc:623] => Image sees 53 / 93 points
I20260930 03:36:00.145547 139229316032320 incremental_pipeline.cc:620] Registering image #1593 (num_reg_frames=322)
I20260930 03:36:00.145585 139229316032320 incremental_pipeline.cc:623] => Image sees 48 / 69 points
I20260930 03:36:00.168543 139229316032320 incremental_pipeline.cc:620] Registering image #981 (num_reg_frames=323)
I20260930 03:36:00.168568 139229316032320 incremental_pipeline.cc:623] => Image sees 56 / 196 points
I20260930 03:36:00.204314 139229316032320 incremental_pipeline.cc:620] Registering image #980 (num_reg_frames=324)
I20260930 03:36:00.204342 139229316032320 incremental_pipeline.cc:623] => Image sees 64 / 187 points
I20260930 03:36:00.235983 139229316032320 incremental_pipeline.cc:620] Registering image #1007 (num_reg_frames=325)
I20260930 03:36:00.236011 139229316032320 incremental_pipeline.cc:623] => Image sees 47 / 82 points
I20260930 03:36:00.257668 139229316032320 incremental_pipeline.cc:620] Registering image #558 (num_reg_frames=326)
I20260930 03:36:00.257695 139229316032320 incremental_pipeline.cc:623] => Image sees 40 / 123 points
I20260930 03:36:00.279727 139229316032320 incremental_pipeline.cc:620] Registering image #559 (num_reg_frames=327)
I20260930 03:36:00.279756 139229316032320 incremental_pipeline.cc:623] => Image sees 48 / 441 points
I20260930 03:36:00.302486 139229316032320 incremental_pipeline.cc:620] Registering image #560 (num_reg_frames=328)
I20260930 03:36:00.302511 139229316032320 incremental_pipeline.cc:623] => Image sees 68 / 548 points
I20260930 03:36:00.327073 139229316032320 incremental_pipeline.cc:620] Registering image #230 (num_reg_frames=329)
I20260930 03:36:00.327100 139229316032320 incremental_pipeline.cc:623] => Image sees 138 / 3711 points
I20260930 03:36:00.351819 139229316032320 incremental_pipeline.cc:88] Retriangulation and Global bundle adjustment
I20260930 03:36:03.690531 139229316032320 incremental_pipeline.cc:620] Registering image #214 (num_reg_frames=330)
I20260930 03:36:03.690566 139229316032320 incremental_pipeline.cc:623] => Image sees 209 / 3658 points
I20260930 03:36:03.763399 139229316032320 incremental_pipeline.cc:620] Registering image #213 (num_reg_frames=331)
I20260930 03:36:03.763425 139229316032320 incremental_pipeline.cc:623] => Image sees 1428 / 3965 points
I20260930 03:36:03.913846 139229316032320 incremental_pipeline.cc:620] Registering image #229 (num_reg_frames=332)
I20260930 03:36:03.913875 139229316032320 incremental_pipeline.cc:623] => Image sees 1629 / 3357 points
I20260930 03:36:04.096630 139229316032320 incremental_pipeline.cc:88] Retriangulation and Global bundle adjustment
I20260930 03:36:05.329474 139229316032320 incremental_pipeline.cc:620] Registering image #231 (num_reg_frames=333)
I20260930 03:36:05.329511 139229316032320 incremental_pipeline.cc:623] => Image sees 2432 / 3578 points
I20260930 03:36:05.532547 139229316032320 incremental_pipeline.cc:620] Registering image #232 (num_reg_frames=334)
I20260930 03:36:05.532578 139229316032320 incremental_pipeline.cc:623] => Image sees 2603 / 3342 points
I20260930 03:36:05.841767 139229316032320 incremental_pipeline.cc:620] Registering image #212 (num_reg_frames=335)
I20260930 03:36:05.841799 139229316032320 incremental_pipeline.cc:623] => Image sees 2671 / 3240 points
I20260930 03:36:06.031661 139229316032320 incremental_pipeline.cc:620] Registering image #233 (num_reg_frames=336)
I20260930 03:36:06.031691 139229316032320 incremental_pipeline.cc:623] => Image sees 1985 / 2441 points
I20260930 03:36:06.240718 139229316032320 incremental_pipeline.cc:620] Registering image #228 (num_reg_frames=337)
I20260930 03:36:06.240748 139229316032320 incremental_pipeline.cc:623] => Image sees 1518 / 1808 points
I20260930 03:36:06.484372 139229316032320 incremental_pipeline.cc:620] Registering image #211 (num_reg_frames=338)
I20260930 03:36:06.484403 139229316032320 incremental_pipeline.cc:623] => Image sees 2535 / 2828 points
I20260930 03:36:06.693797 139229316032320 incremental_pipeline.cc:620] Registering image #210 (num_reg_frames=339)
I20260930 03:36:06.693831 139229316032320 incremental_pipeline.cc:623] => Image sees 972 / 1172 points
I20260930 03:36:06.849277 139229316032320 incremental_pipeline.cc:620] Registering image #234 (num_reg_frames=340)
I20260930 03:36:06.849303 139229316032320 incremental_pipeline.cc:623] => Image sees 781 / 896 points
I20260930 03:36:07.050159 139229316032320 incremental_pipeline.cc:620] Registering image #215 (num_reg_frames=341)
I20260930 03:36:07.050188 139229316032320 incremental_pipeline.cc:623] => Image sees 441 / 627 points
I20260930 03:36:07.176916 139229316032320 incremental_pipeline.cc:620] Registering image #216 (num_reg_frames=342)
I20260930 03:36:07.176954 139229316032320 incremental_pipeline.cc:623] => Image sees 200 / 311 points
I20260930 03:36:07.298237 139229316032320 incremental_pipeline.cc:620] Registering image #561 (num_reg_frames=343)
I20260930 03:36:07.298267 139229316032320 incremental_pipeline.cc:623] => Image sees 229 / 348 points
I20260930 03:36:07.421910 139229316032320 incremental_pipeline.cc:620] Registering image #217 (num_reg_frames=344)
I20260930 03:36:07.421939 139229316032320 incremental_pipeline.cc:623] => Image sees 131 / 272 points
I20260930 03:36:07.485051 139229316032320 incremental_pipeline.cc:620] Registering image #227 (num_reg_frames=345)
I20260930 03:36:07.485081 139229316032320 incremental_pipeline.cc:623] => Image sees 79 / 105 points
I20260930 03:36:07.604491 139229316032320 incremental_pipeline.cc:620] Registering image #194 (num_reg_frames=346)
I20260930 03:36:07.604519 139229316032320 incremental_pipeline.cc:623] => Image sees 143 / 351 points
I20260930 03:36:07.686393 139229316032320 incremental_pipeline.cc:620] Registering image #195 (num_reg_frames=347)
I20260930 03:36:07.686423 139229316032320 incremental_pipeline.cc:623] => Image sees 111 / 436 points
I20260930 03:36:07.727550 139229316032320 incremental_pipeline.cc:620] Registering image #203 (num_reg_frames=348)
I20260930 03:36:07.727579 139229316032320 incremental_pipeline.cc:623] => Image sees 71 / 423 points
I20260930 03:36:07.755895 139229316032320 incremental_pipeline.cc:620] Registering image #202 (num_reg_frames=349)
I20260930 03:36:07.755922 139229316032320 incremental_pipeline.cc:623] => Image sees 91 / 421 points
I20260930 03:36:07.783436 139229316032320 incremental_pipeline.cc:620] Registering image #204 (num_reg_frames=350)
I20260930 03:36:07.783464 139229316032320 incremental_pipeline.cc:623] => Image sees 125 / 288 points
I20260930 03:36:07.813241 139229316032320 incremental_pipeline.cc:620] Registering image #196 (num_reg_frames=351)
I20260930 03:36:07.813270 139229316032320 incremental_pipeline.cc:623] => Image sees 121 / 335 points
I20260930 03:36:07.843781 139229316032320 incremental_pipeline.cc:113] Creating snapshot
I20260930 03:36:07.883571 139229316032320 incremental_pipeline.cc:620] Registering image #205 (num_reg_frames=352)
I20260930 03:36:07.883590 139229316032320 incremental_pipeline.cc:623] => Image sees 119 / 286 points
I20260930 03:36:07.913472 139229316032320 incremental_pipeline.cc:620] Registering image #197 (num_reg_frames=353)
I20260930 03:36:07.913497 139229316032320 incremental_pipeline.cc:623] => Image sees 124 / 329 points
I20260930 03:36:07.942001 139229316032320 incremental_pipeline.cc:620] Registering image #206 (num_reg_frames=354)
I20260930 03:36:07.942029 139229316032320 incremental_pipeline.cc:623] => Image sees 125 / 345 points
I20260930 03:36:07.976149 139229316032320 incremental_pipeline.cc:620] Registering image #207 (num_reg_frames=355)
I20260930 03:36:07.976174 139229316032320 incremental_pipeline.cc:623] => Image sees 112 / 224 points
I20260930 03:36:08.008587 139229316032320 incremental_pipeline.cc:620] Registering image #198 (num_reg_frames=356)
I20260930 03:36:08.008615 139229316032320 incremental_pipeline.cc:623] => Image sees 75 / 229 points
I20260930 03:36:08.037652 139229316032320 incremental_pipeline.cc:620] Registering image #201 (num_reg_frames=357)
I20260930 03:36:08.037679 139229316032320 incremental_pipeline.cc:623] => Image sees 61 / 124 points
I20260930 03:36:08.069377 139229316032320 incremental_pipeline.cc:620] Registering image #208 (num_reg_frames=358)
I20260930 03:36:08.069417 139229316032320 incremental_pipeline.cc:623] => Image sees 63 / 115 points
I20260930 03:36:08.101599 139229316032320 incremental_pipeline.cc:620] Registering image #199 (num_reg_frames=359)
I20260930 03:36:08.101627 139229316032320 incremental_pipeline.cc:623] => Image sees 56 / 208 points
I20260930 03:36:08.135382 139229316032320 incremental_pipeline.cc:620] Registering image #235 (num_reg_frames=360)
I20260930 03:36:08.135407 139229316032320 incremental_pipeline.cc:623] => Image sees 55 / 81 points
I20260930 03:36:08.209999 139229316032320 incremental_pipeline.cc:620] Registering image #209 (num_reg_frames=361)
I20260930 03:36:08.210036 139229316032320 incremental_pipeline.cc:623] => Image sees 50 / 65 points
I20260930 03:36:08.239452 139229316032320 incremental_pipeline.cc:620] Registering image #153 (num_reg_frames=362)
I20260930 03:36:08.239482 139229316032320 incremental_pipeline.cc:623] => Image sees 55 / 139 points
I20260930 03:36:08.265605 139229316032320 incremental_pipeline.cc:620] Registering image #152 (num_reg_frames=363)
I20260930 03:36:08.265635 139229316032320 incremental_pipeline.cc:623] => Image sees 53 / 92 points
I20260930 03:36:08.290090 139229316032320 incremental_pipeline.cc:620] Registering image #220 (num_reg_frames=364)
I20260930 03:36:08.290119 139229316032320 incremental_pipeline.cc:623] => Image sees 56 / 206 points
I20260930 03:36:08.313773 139229316032320 incremental_pipeline.cc:620] Registering image #146 (num_reg_frames=365)
I20260930 03:36:08.313804 139229316032320 incremental_pipeline.cc:623] => Image sees 49 / 320 points
I20260930 03:36:08.343841 139229316032320 incremental_pipeline.cc:620] Registering image #144 (num_reg_frames=366)
I20260930 03:36:08.343870 139229316032320 incremental_pipeline.cc:623] => Image sees 54 / 406 points
I20260930 03:36:08.370204 139229316032320 incremental_pipeline.cc:88] Retriangulation and Global bundle adjustment
I20260930 03:36:12.067422 139229316032320 incremental_pipeline.cc:620] Registering image #145 (num_reg_frames=367)
I20260930 03:36:12.067457 139229316032320 incremental_pipeline.cc:623] => Image sees 148 / 434 points
I20260930 03:36:12.097690 139229316032320 incremental_pipeline.cc:620] Registering image #143 (num_reg_frames=368)
I20260930 03:36:12.097720 139229316032320 incremental_pipeline.cc:623] => Image sees 81 / 117 points
I20260930 03:36:12.124796 139229316032320 incremental_pipeline.cc:620] Registering image #147 (num_reg_frames=369)
I20260930 03:36:12.124825 139229316032320 incremental_pipeline.cc:623] => Image sees 50 / 281 points
I20260930 03:36:12.159086 139229316032320 incremental_pipeline.cc:620] Registering image #218 (num_reg_frames=370)
I20260930 03:36:12.159115 139229316032320 incremental_pipeline.cc:623] => Image sees 65 / 313 points
I20260930 03:36:12.189846 139229316032320 incremental_pipeline.cc:620] Registering image #219 (num_reg_frames=371)
I20260930 03:36:12.189889 139229316032320 incremental_pipeline.cc:623] => Image sees 86 / 221 points
I20260930 03:36:12.212977 139229316032320 incremental_pipeline.cc:620] Registering image #149 (num_reg_frames=372)
I20260930 03:36:12.213014 139229316032320 incremental_pipeline.cc:623] => Image sees 78 / 514 points
I20260930 03:36:12.246555 139229316032320 incremental_pipeline.cc:620] Registering image #150 (num_reg_frames=373)
I20260930 03:36:12.246583 139229316032320 incremental_pipeline.cc:623] => Image sees 138 / 498 points
I20260930 03:36:12.289349 139229316032320 incremental_pipeline.cc:620] Registering image #148 (num_reg_frames=374)
I20260930 03:36:12.289377 139229316032320 incremental_pipeline.cc:623] => Image sees 191 / 274 points
I20260930 03:36:12.333650 139229316032320 incremental_pipeline.cc:620] Registering image #151 (num_reg_frames=375)
I20260930 03:36:12.333678 139229316032320 incremental_pipeline.cc:623] => Image sees 51 / 79 points
I20260930 03:36:12.364205 139229316032320 incremental_pipeline.cc:620] Registering image #200 (num_reg_frames=376)
I20260930 03:36:12.364230 139229316032320 incremental_pipeline.cc:623] => Image sees 49 / 196 points
I20260930 03:36:12.397230 139229316032320 incremental_pipeline.cc:620] Registering image #395 (num_reg_frames=377)
I20260930 03:36:12.397261 139229316032320 incremental_pipeline.cc:623] => Image sees 52 / 336 points
I20260930 03:36:12.429123 139229316032320 incremental_pipeline.cc:620] Registering image #398 (num_reg_frames=378)
I20260930 03:36:12.429188 139229316032320 incremental_pipeline.cc:623] => Image sees 67 / 450 points
I20260930 03:36:12.457578 139229316032320 incremental_pipeline.cc:620] Registering image #396 (num_reg_frames=379)
I20260930 03:36:12.457612 139229316032320 incremental_pipeline.cc:623] => Image sees 127 / 419 points
I20260930 03:36:12.492739 139229316032320 incremental_pipeline.cc:620] Registering image #397 (num_reg_frames=380)
I20260930 03:36:12.492767 139229316032320 incremental_pipeline.cc:623] => Image sees 164 / 419 points
I20260930 03:36:12.525405 139229316032320 incremental_pipeline.cc:620] Registering image #399 (num_reg_frames=381)
I20260930 03:36:12.525435 139229316032320 incremental_pipeline.cc:623] => Image sees 164 / 374 points
I20260930 03:36:12.556692 139229316032320 incremental_pipeline.cc:620] Registering image #400 (num_reg_frames=382)
I20260930 03:36:12.556721 139229316032320 incremental_pipeline.cc:623] => Image sees 139 / 297 points
I20260930 03:36:12.591477 139229316032320 incremental_pipeline.cc:620] Registering image #556 (num_reg_frames=383)
I20260930 03:36:12.591505 139229316032320 incremental_pipeline.cc:623] => Image sees 96 / 201 points
I20260930 03:36:12.619652 139229316032320 incremental_pipeline.cc:620] Registering image #565 (num_reg_frames=384)
I20260930 03:36:12.619678 139229316032320 incremental_pipeline.cc:623] => Image sees 69 / 126 points
I20260930 03:36:12.647510 139229316032320 incremental_pipeline.cc:620] Registering image #566 (num_reg_frames=385)
I20260930 03:36:12.647552 139229316032320 incremental_pipeline.cc:623] => Image sees 66 / 159 points
I20260930 03:36:12.670821 139229316032320 incremental_pipeline.cc:620] Registering image #567 (num_reg_frames=386)
I20260930 03:36:12.670848 139229316032320 incremental_pipeline.cc:623] => Image sees 71 / 183 points
I20260930 03:36:12.696108 139229316032320 incremental_pipeline.cc:620] Registering image #568 (num_reg_frames=387)
I20260930 03:36:12.696136 139229316032320 incremental_pipeline.cc:623] => Image sees 68 / 190 points
I20260930 03:36:12.719332 139229316032320 incremental_pipeline.cc:620] Registering image #564 (num_reg_frames=388)
I20260930 03:36:12.719359 139229316032320 incremental_pipeline.cc:623] => Image sees 85 / 212 points
I20260930 03:36:12.745768 139229316032320 incremental_pipeline.cc:620] Registering image #402 (num_reg_frames=389)
I20260930 03:36:12.745795 139229316032320 incremental_pipeline.cc:623] => Image sees 79 / 165 points
I20260930 03:36:12.775398 139229316032320 incremental_pipeline.cc:620] Registering image #569 (num_reg_frames=390)
I20260930 03:36:12.775424 139229316032320 incremental_pipeline.cc:623] => Image sees 62 / 178 points
I20260930 03:36:12.800181 139229316032320 incremental_pipeline.cc:620] Registering image #563 (num_reg_frames=391)
I20260930 03:36:12.800209 139229316032320 incremental_pipeline.cc:623] => Image sees 71 / 118 points
I20260930 03:36:12.824823 139229316032320 incremental_pipeline.cc:620] Registering image #574 (num_reg_frames=392)
I20260930 03:36:12.824849 139229316032320 incremental_pipeline.cc:623] => Image sees 58 / 164 points
I20260930 03:36:12.847421 139229316032320 incremental_pipeline.cc:620] Registering image #572 (num_reg_frames=393)
I20260930 03:36:12.847448 139229316032320 incremental_pipeline.cc:623] => Image sees 62 / 157 points
I20260930 03:36:12.870536 139229316032320 incremental_pipeline.cc:620] Registering image #571 (num_reg_frames=394)
I20260930 03:36:12.870561 139229316032320 incremental_pipeline.cc:623] => Image sees 63 / 142 points
I20260930 03:36:12.892543 139229316032320 incremental_pipeline.cc:620] Registering image #570 (num_reg_frames=395)
I20260930 03:36:12.892572 139229316032320 incremental_pipeline.cc:623] => Image sees 54 / 112 points
I20260930 03:36:12.917026 139229316032320 incremental_pipeline.cc:620] Registering image #573 (num_reg_frames=396)
I20260930 03:36:12.917053 139229316032320 incremental_pipeline.cc:623] => Image sees 53 / 97 points
I20260930 03:36:12.939819 139229316032320 incremental_pipeline.cc:620] Registering image #575 (num_reg_frames=397)
I20260930 03:36:12.939858 139229316032320 incremental_pipeline.cc:623] => Image sees 46 / 66 points
I20260930 03:36:12.960770 139229316032320 incremental_pipeline.cc:620] Registering image #555 (num_reg_frames=398)
I20260930 03:36:12.960802 139229316032320 incremental_pipeline.cc:623] => Image sees 58 / 181 points
I20260930 03:36:12.988717 139229316032320 incremental_pipeline.cc:620] Registering image #167 (num_reg_frames=399)
I20260930 03:36:12.988745 139229316032320 incremental_pipeline.cc:623] => Image sees 44 / 529 points
I20260930 03:36:13.014796 139229316032320 incremental_pipeline.cc:620] Registering image #168 (num_reg_frames=400)
I20260930 03:36:13.014834 139229316032320 incremental_pipeline.cc:623] => Image sees 44 / 771 points
I20260930 03:36:13.046051 139229316032320 incremental_pipeline.cc:620] Registering image #169 (num_reg_frames=401)
I20260930 03:36:13.046078 139229316032320 incremental_pipeline.cc:623] => Image sees 282 / 825 points
I20260930 03:36:13.082685 139229316032320 incremental_pipeline.cc:113] Creating snapshot
I20260930 03:36:13.125576 139229316032320 incremental_pipeline.cc:620] Registering image #170 (num_reg_frames=402)
I20260930 03:36:13.125594 139229316032320 incremental_pipeline.cc:623] => Image sees 311 / 531 points
I20260930 03:36:13.173254 139229316032320 incremental_pipeline.cc:620] Registering image #166 (num_reg_frames=403)
I20260930 03:36:13.173280 139229316032320 incremental_pipeline.cc:623] => Image sees 101 / 204 points
I20260930 03:36:13.213815 139229316032320 incremental_pipeline.cc:88] Retriangulation and Global bundle adjustment
I20260930 03:36:17.077063 139229316032320 incremental_pipeline.cc:620] Registering image #165 (num_reg_frames=404)
I20260930 03:36:17.077098 139229316032320 incremental_pipeline.cc:623] => Image sees 73 / 177 points
I20260930 03:36:17.108006 139229316032320 incremental_pipeline.cc:620] Registering image #164 (num_reg_frames=405)
I20260930 03:36:17.108035 139229316032320 incremental_pipeline.cc:623] => Image sees 79 / 271 points
I20260930 03:36:17.139970 139229316032320 incremental_pipeline.cc:620] Registering image #162 (num_reg_frames=406)
I20260930 03:36:17.139999 139229316032320 incremental_pipeline.cc:623] => Image sees 92 / 300 points
I20260930 03:36:17.168382 139229316032320 incremental_pipeline.cc:620] Registering image #163 (num_reg_frames=407)
I20260930 03:36:17.168413 139229316032320 incremental_pipeline.cc:623] => Image sees 129 / 265 points
I20260930 03:36:17.196496 139229316032320 incremental_pipeline.cc:620] Registering image #160 (num_reg_frames=408)
I20260930 03:36:17.196524 139229316032320 incremental_pipeline.cc:623] => Image sees 130 / 227 points
I20260930 03:36:17.223785 139229316032320 incremental_pipeline.cc:620] Registering image #161 (num_reg_frames=409)
I20260930 03:36:17.223814 139229316032320 incremental_pipeline.cc:623] => Image sees 91 / 150 points
I20260930 03:36:17.250733 139229316032320 incremental_pipeline.cc:620] Registering image #158 (num_reg_frames=410)
I20260930 03:36:17.250762 139229316032320 incremental_pipeline.cc:623] => Image sees 116 / 293 points
I20260930 03:36:17.278334 139229316032320 incremental_pipeline.cc:620] Registering image #159 (num_reg_frames=411)
I20260930 03:36:17.278361 139229316032320 incremental_pipeline.cc:623] => Image sees 90 / 155 points
I20260930 03:36:17.304434 139229316032320 incremental_pipeline.cc:620] Registering image #157 (num_reg_frames=412)
I20260930 03:36:17.304463 139229316032320 incremental_pipeline.cc:623] => Image sees 123 / 298 points
I20260930 03:36:17.332587 139229316032320 incremental_pipeline.cc:620] Registering image #156 (num_reg_frames=413)
I20260930 03:36:17.332615 139229316032320 incremental_pipeline.cc:623] => Image sees 103 / 292 points
I20260930 03:36:17.359801 139229316032320 incremental_pipeline.cc:620] Registering image #155 (num_reg_frames=414)
I20260930 03:36:17.359829 139229316032320 incremental_pipeline.cc:623] => Image sees 67 / 216 points
I20260930 03:36:17.385195 139229316032320 incremental_pipeline.cc:620] Registering image #222 (num_reg_frames=415)
I20260930 03:36:17.385224 139229316032320 incremental_pipeline.cc:623] => Image sees 54 / 118 points
I20260930 03:36:17.409512 139229316032320 incremental_pipeline.cc:620] Registering image #154 (num_reg_frames=416)
I20260930 03:36:17.409550 139229316032320 incremental_pipeline.cc:623] => Image sees 53 / 90 points
I20260930 03:36:17.433017 139229316032320 incremental_pipeline.cc:620] Registering image #221 (num_reg_frames=417)
I20260930 03:36:17.433044 139229316032320 incremental_pipeline.cc:623] => Image sees 59 / 128 points
I20260930 03:36:17.461305 139229316032320 incremental_pipeline.cc:620] Registering image #401 (num_reg_frames=418)
I20260930 03:36:17.461332 139229316032320 incremental_pipeline.cc:623] => Image sees 46 / 113 points
I20260930 03:36:17.486315 139229316032320 incremental_pipeline.cc:620] Registering image #762 (num_reg_frames=419)
I20260930 03:36:17.486342 139229316032320 incremental_pipeline.cc:623] => Image sees 38 / 84 points
I20260930 03:36:17.526833 139229316032320 incremental_pipeline.cc:620] Registering image #542 (num_reg_frames=420)
I20260930 03:36:17.526860 139229316032320 incremental_pipeline.cc:623] => Image sees 41 / 53 points
I20260930 03:36:17.598567 139229316032320 incremental_pipeline.cc:620] Registering image #577 (num_reg_frames=421)
I20260930 03:36:17.598596 139229316032320 incremental_pipeline.cc:623] => Image sees 37 / 175 points
I20260930 03:36:17.624354 139229316032320 incremental_pipeline.cc:620] Registering image #964 (num_reg_frames=422)
I20260930 03:36:17.624383 139229316032320 incremental_pipeline.cc:623] => Image sees 38 / 353 points
I20260930 03:36:17.660779 139229316032320 incremental_pipeline.cc:620] Registering image #965 (num_reg_frames=423)
I20260930 03:36:17.660808 139229316032320 incremental_pipeline.cc:623] => Image sees 63 / 803 points
I20260930 03:36:17.692056 139229316032320 incremental_pipeline.cc:620] Registering image #966 (num_reg_frames=424)
I20260930 03:36:17.692084 139229316032320 incremental_pipeline.cc:623] => Image sees 155 / 954 points
I20260930 03:36:17.728348 139229316032320 incremental_pipeline.cc:620] Registering image #971 (num_reg_frames=425)
I20260930 03:36:17.728376 139229316032320 incremental_pipeline.cc:623] => Image sees 270 / 818 points
I20260930 03:36:17.769851 139229316032320 incremental_pipeline.cc:620] Registering image #967 (num_reg_frames=426)
I20260930 03:36:17.769880 139229316032320 incremental_pipeline.cc:623] => Image sees 284 / 801 points
I20260930 03:36:17.815887 139229316032320 incremental_pipeline.cc:620] Registering image #968 (num_reg_frames=427)
I20260930 03:36:17.815915 139229316032320 incremental_pipeline.cc:623] => Image sees 292 / 794 points
I20260930 03:36:17.868063 139229316032320 incremental_pipeline.cc:620] Registering image #969 (num_reg_frames=428)
I20260930 03:36:17.868094 139229316032320 incremental_pipeline.cc:623] => Image sees 341 / 857 points
I20260930 03:36:17.919279 139229316032320 incremental_pipeline.cc:620] Registering image #970 (num_reg_frames=429)
I20260930 03:36:17.919306 139229316032320 incremental_pipeline.cc:623] => Image sees 370 / 581 points
I20260930 03:36:17.975972 139229316032320 incremental_pipeline.cc:620] Registering image #972 (num_reg_frames=430)
I20260930 03:36:17.976000 139229316032320 incremental_pipeline.cc:623] => Image sees 257 / 377 points
I20260930 03:36:18.024464 139229316032320 incremental_pipeline.cc:620] Registering image #135 (num_reg_frames=431)
I20260930 03:36:18.024492 139229316032320 incremental_pipeline.cc:623] => Image sees 41 / 198 points
I20260930 03:36:18.053563 139229316032320 incremental_pipeline.cc:620] Registering image #138 (num_reg_frames=432)
I20260930 03:36:18.053590 139229316032320 incremental_pipeline.cc:623] => Image sees 46 / 414 points
I20260930 03:36:18.084062 139229316032320 incremental_pipeline.cc:620] Registering image #139 (num_reg_frames=433)
I20260930 03:36:18.084090 139229316032320 incremental_pipeline.cc:623] => Image sees 78 / 402 points
I20260930 03:36:18.116082 139229316032320 incremental_pipeline.cc:620] Registering image #140 (num_reg_frames=434)
I20260930 03:36:18.116109 139229316032320 incremental_pipeline.cc:623] => Image sees 129 / 243 points
I20260930 03:36:18.146930 139229316032320 incremental_pipeline.cc:620] Registering image #137 (num_reg_frames=435)
I20260930 03:36:18.146963 139229316032320 incremental_pipeline.cc:623] => Image sees 139 / 272 points
I20260930 03:36:18.178409 139229316032320 incremental_pipeline.cc:620] Registering image #136 (num_reg_frames=436)
I20260930 03:36:18.178436 139229316032320 incremental_pipeline.cc:623] => Image sees 167 / 278 points
I20260930 03:36:18.207575 139229316032320 incremental_pipeline.cc:620] Registering image #134 (num_reg_frames=437)
I20260930 03:36:18.207628 139229316032320 incremental_pipeline.cc:623] => Image sees 54 / 109 points
I20260930 03:36:18.235054 139229316032320 incremental_pipeline.cc:620] Registering image #133 (num_reg_frames=438)
I20260930 03:36:18.235080 139229316032320 incremental_pipeline.cc:623] => Image sees 73 / 115 points
I20260930 03:36:18.265864 139229316032320 incremental_pipeline.cc:620] Registering image #141 (num_reg_frames=439)
I20260930 03:36:18.265891 139229316032320 incremental_pipeline.cc:623] => Image sees 42 / 72 points
I20260930 03:36:18.293240 139229316032320 incremental_pipeline.cc:620] Registering image #393 (num_reg_frames=440)
I20260930 03:36:18.293267 139229316032320 incremental_pipeline.cc:623] => Image sees 34 / 137 points
I20260930 03:36:18.318915 139229316032320 incremental_pipeline.cc:620] Registering image #896 (num_reg_frames=441)
I20260930 03:36:18.318943 139229316032320 incremental_pipeline.cc:623] => Image sees 39 / 68 points
I20260930 03:36:18.349188 139229316032320 incremental_pipeline.cc:620] Registering image #578 (num_reg_frames=442)
I20260930 03:36:18.349218 139229316032320 incremental_pipeline.cc:623] => Image sees 35 / 187 points
I20260930 03:36:18.378484 139229316032320 incremental_pipeline.cc:620] Registering image #579 (num_reg_frames=443)
I20260930 03:36:18.378512 139229316032320 incremental_pipeline.cc:623] => Image sees 34 / 151 points
I20260930 03:36:18.406483 139229316032320 incremental_pipeline.cc:620] Registering image #580 (num_reg_frames=444)
I20260930 03:36:18.406511 139229316032320 incremental_pipeline.cc:623] => Image sees 43 / 107 points
I20260930 03:36:18.428938 139229316032320 incremental_pipeline.cc:88] Retriangulation and Global bundle adjustment
I20260930 03:36:22.551483 139229316032320 incremental_pipeline.cc:620] Registering image #467 (num_reg_frames=445)
I20260930 03:36:22.551511 139229316032320 incremental_pipeline.cc:623] => Image sees 31 / 173 points
I20260930 03:36:22.551968 139229316032320 incremental_pipeline.cc:646] => Could not register, trying another image.
I20260930 03:36:22.551970 139229316032320 incremental_pipeline.cc:620] Registering image #1016 (num_reg_frames=445)
I20260930 03:36:22.551973 139229316032320 incremental_pipeline.cc:623] => Image sees 35 / 48 points
I20260930 03:36:22.552294 139229316032320 incremental_pipeline.cc:646] => Could not register, trying another image.
I20260930 03:36:22.552296 139229316032320 incremental_pipeline.cc:620] Registering image #394 (num_reg_frames=445)
I20260930 03:36:22.552298 139229316032320 incremental_pipeline.cc:623] => Image sees 160 / 287 points
I20260930 03:36:22.597630 139229316032320 incremental_pipeline.cc:620] Registering image #554 (num_reg_frames=446)
I20260930 03:36:22.597658 139229316032320 incremental_pipeline.cc:623] => Image sees 32 / 98 points
I20260930 03:36:22.626817 139229316032320 incremental_pipeline.cc:620] Registering image #467 (num_reg_frames=447)
I20260930 03:36:22.626844 139229316032320 incremental_pipeline.cc:623] => Image sees 31 / 173 points
I20260930 03:36:22.627302 139229316032320 incremental_pipeline.cc:646] => Could not register, trying another image.
I20260930 03:36:22.627320 139229316032320 incremental_pipeline.cc:620] Registering image #1016 (num_reg_frames=447)
I20260930 03:36:22.627323 139229316032320 incremental_pipeline.cc:623] => Image sees 35 / 48 points
I20260930 03:36:22.627642 139229316032320 incremental_pipeline.cc:646] => Could not register, trying another image.
I20260930 03:36:22.627653 139229316032320 incremental_pipeline.cc:620] Registering image #467 (num_reg_frames=447)
I20260930 03:36:22.627655 139229316032320 incremental_pipeline.cc:623] => Image sees 31 / 173 points
I20260930 03:36:22.627661 139229316032320 incremental_pipeline.cc:629] Registering image with structure-less fallback
I20260930 03:36:22.627663 139229316032320 incremental_pipeline.cc:631] => Image sees 146 / 520 correspondences
I20260930 03:36:22.690013 139229316032320 incremental_pipeline.cc:620] Registering image #284 (num_reg_frames=448)
I20260930 03:36:22.690042 139229316032320 incremental_pipeline.cc:623] => Image sees 39 / 322 points
I20260930 03:36:22.727478 139229316032320 incremental_pipeline.cc:620] Registering image #281 (num_reg_frames=449)
I20260930 03:36:22.727508 139229316032320 incremental_pipeline.cc:623] => Image sees 56 / 235 points
I20260930 03:36:22.770281 139229316032320 incremental_pipeline.cc:620] Registering image #283 (num_reg_frames=450)
I20260930 03:36:22.770309 139229316032320 incremental_pipeline.cc:623] => Image sees 102 / 286 points
I20260930 03:36:22.805560 139229316032320 incremental_pipeline.cc:620] Registering image #282 (num_reg_frames=451)
I20260930 03:36:22.805589 139229316032320 incremental_pipeline.cc:623] => Image sees 100 / 559 points
I20260930 03:36:22.842348 139229316032320 incremental_pipeline.cc:113] Creating snapshot
I20260930 03:36:22.894976 139229316032320 incremental_pipeline.cc:620] Registering image #285 (num_reg_frames=452)
I20260930 03:36:22.894999 139229316032320 incremental_pipeline.cc:623] => Image sees 80 / 285 points
I20260930 03:36:22.927764 139229316032320 incremental_pipeline.cc:620] Registering image #276 (num_reg_frames=453)
I20260930 03:36:22.927792 139229316032320 incremental_pipeline.cc:623] => Image sees 78 / 371 points
I20260930 03:36:22.965609 139229316032320 incremental_pipeline.cc:620] Registering image #280 (num_reg_frames=454)
I20260930 03:36:22.965638 139229316032320 incremental_pipeline.cc:623] => Image sees 86 / 213 points
I20260930 03:36:23.004774 139229316032320 incremental_pipeline.cc:620] Registering image #277 (num_reg_frames=455)
I20260930 03:36:23.004807 139229316032320 incremental_pipeline.cc:623] => Image sees 114 / 608 points
I20260930 03:36:23.037493 139229316032320 incremental_pipeline.cc:620] Registering image #278 (num_reg_frames=456)
I20260930 03:36:23.037517 139229316032320 incremental_pipeline.cc:623] => Image sees 127 / 500 points
I20260930 03:36:23.074168 139229316032320 incremental_pipeline.cc:620] Registering image #279 (num_reg_frames=457)
I20260930 03:36:23.074197 139229316032320 incremental_pipeline.cc:623] => Image sees 263 / 492 points
I20260930 03:36:23.113618 139229316032320 incremental_pipeline.cc:620] Registering image #286 (num_reg_frames=458)
I20260930 03:36:23.113650 139229316032320 incremental_pipeline.cc:623] => Image sees 124 / 161 points
I20260930 03:36:23.149840 139229316032320 incremental_pipeline.cc:620] Registering image #275 (num_reg_frames=459)
I20260930 03:36:23.149870 139229316032320 incremental_pipeline.cc:623] => Image sees 95 / 497 points
I20260930 03:36:23.188495 139229316032320 incremental_pipeline.cc:620] Registering image #273 (num_reg_frames=460)
I20260930 03:36:23.188525 139229316032320 incremental_pipeline.cc:623] => Image sees 176 / 2580 points
I20260930 03:36:23.231239 139229316032320 incremental_pipeline.cc:620] Registering image #274 (num_reg_frames=461)
I20260930 03:36:23.231261 139229316032320 incremental_pipeline.cc:623] => Image sees 323 / 2429 points
I20260930 03:36:23.303848 139229316032320 incremental_pipeline.cc:620] Registering image #272 (num_reg_frames=462)
I20260930 03:36:23.303887 139229316032320 incremental_pipeline.cc:623] => Image sees 1171 / 2657 points
I20260930 03:36:23.419806 139229316032320 incremental_pipeline.cc:620] Registering image #271 (num_reg_frames=463)
I20260930 03:36:23.419838 139229316032320 incremental_pipeline.cc:623] => Image sees 1354 / 2443 points
I20260930 03:36:23.562655 139229316032320 incremental_pipeline.cc:620] Registering image #270 (num_reg_frames=464)
I20260930 03:36:23.562686 139229316032320 incremental_pipeline.cc:623] => Image sees 1396 / 2033 points
I20260930 03:36:23.719748 139229316032320 incremental_pipeline.cc:620] Registering image #269 (num_reg_frames=465)
I20260930 03:36:23.719827 139229316032320 incremental_pipeline.cc:623] => Image sees 570 / 793 points
I20260930 03:36:23.837283 139229316032320 incremental_pipeline.cc:620] Registering image #268 (num_reg_frames=466)
I20260930 03:36:23.837325 139229316032320 incremental_pipeline.cc:623] => Image sees 147 / 288 points
I20260930 03:36:23.942656 139229316032320 incremental_pipeline.cc:620] Registering image #466 (num_reg_frames=467)
I20260930 03:36:23.942685 139229316032320 incremental_pipeline.cc:623] => Image sees 60 / 126 points
I20260930 03:36:23.981630 139229316032320 incremental_pipeline.cc:620] Registering image #491 (num_reg_frames=468)
I20260930 03:36:23.981662 139229316032320 incremental_pipeline.cc:623] => Image sees 35 / 254 points
I20260930 03:36:24.020342 139229316032320 incremental_pipeline.cc:620] Registering image #490 (num_reg_frames=469)
I20260930 03:36:24.020371 139229316032320 incremental_pipeline.cc:623] => Image sees 54 / 165 points
I20260930 03:36:24.040399 139229316032320 incremental_pipeline.cc:620] Registering image #267 (num_reg_frames=470)
I20260930 03:36:24.040421 139229316032320 incremental_pipeline.cc:623] => Image sees 31 / 68 points
I20260930 03:36:24.040818 139229316032320 incremental_pipeline.cc:646] => Could not register, trying another image.
I20260930 03:36:24.040820 139229316032320 incremental_pipeline.cc:620] Registering image #468 (num_reg_frames=470)
I20260930 03:36:24.040823 139229316032320 incremental_pipeline.cc:623] => Image sees 31 / 49 points
I20260930 03:36:24.041114 139229316032320 incremental_pipeline.cc:646] => Could not register, trying another image.
I20260930 03:36:24.041116 139229316032320 incremental_pipeline.cc:620] Registering image #1016 (num_reg_frames=470)
I20260930 03:36:24.041118 139229316032320 incremental_pipeline.cc:623] => Image sees 35 / 48 points
I20260930 03:36:24.041443 139229316032320 incremental_pipeline.cc:646] => Could not register, trying another image.
I20260930 03:36:24.041455 139229316032320 incremental_pipeline.cc:620] Registering image #1016 (num_reg_frames=470)
I20260930 03:36:24.041458 139229316032320 incremental_pipeline.cc:623] => Image sees 35 / 48 points
I20260930 03:36:24.041460 139229316032320 incremental_pipeline.cc:629] Registering image with structure-less fallback
I20260930 03:36:24.041462 139229316032320 incremental_pipeline.cc:631] => Image sees 92 / 92 correspondences
I20260930 03:36:24.120403 139229316032320 incremental_pipeline.cc:620] Registering image #267 (num_reg_frames=471)
I20260930 03:36:24.120431 139229316032320 incremental_pipeline.cc:623] => Image sees 31 / 68 points
I20260930 03:36:24.120822 139229316032320 incremental_pipeline.cc:646] => Could not register, trying another image.
I20260930 03:36:24.120824 139229316032320 incremental_pipeline.cc:620] Registering image #468 (num_reg_frames=471)
I20260930 03:36:24.120827 139229316032320 incremental_pipeline.cc:623] => Image sees 31 / 49 points
I20260930 03:36:24.121157 139229316032320 incremental_pipeline.cc:646] => Could not register, trying another image.
I20260930 03:36:24.121174 139229316032320 incremental_pipeline.cc:620] Registering image #468 (num_reg_frames=471)
I20260930 03:36:24.121177 139229316032320 incremental_pipeline.cc:623] => Image sees 31 / 49 points
I20260930 03:36:24.121180 139229316032320 incremental_pipeline.cc:629] Registering image with structure-less fallback
I20260930 03:36:24.121182 139229316032320 incremental_pipeline.cc:631] => Image sees 84 / 84 correspondences
I20260930 03:36:24.188713 139229316032320 incremental_pipeline.cc:620] Registering image #267 (num_reg_frames=472)
I20260930 03:36:24.188743 139229316032320 incremental_pipeline.cc:623] => Image sees 31 / 68 points
I20260930 03:36:24.189158 139229316032320 incremental_pipeline.cc:646] => Could not register, trying another image.
I20260930 03:36:24.189170 139229316032320 incremental_pipeline.cc:620] Registering image #267 (num_reg_frames=472)
I20260930 03:36:24.189172 139229316032320 incremental_pipeline.cc:623] => Image sees 31 / 68 points
I20260930 03:36:24.189181 139229316032320 incremental_pipeline.cc:629] Registering image with structure-less fallback
I20260930 03:36:24.189184 139229316032320 incremental_pipeline.cc:631] => Image sees 78 / 78 correspondences
I20260930 03:36:24.261865 139229316032320 incremental_pipeline.cc:88] Retriangulation and Global bundle adjustment
I20260930 03:36:29.064810 139229316032320 incremental_pipeline.cc:88] Retriangulation and Global bundle adjustment
I20260930 03:36:33.840000 139229316032320 incremental_pipeline.cc:826] Keeping successful reconstruction
I20260930 03:36:33.895567 139229316032320 timer.cc:90] Elapsed time: 1.182 [minutes]
[{"component": 0, "images": 473, "points": 43042, "mean_reprojection_error": 0.6406907934680283}]
