Godot Engine v4.7.2.stable.official.ed1daf0bf - https://godotengine.org

[   0% ] [90m[1mfirst_scan_filesystem[22m | Started Project initialization (5 steps)[39m[0m
[   0% ] [90m[1mfirst_scan_filesystem[22m | Scanning file structure...[39m[0m
[  16% ] [90m[1mfirst_scan_filesystem[22m | Loading global class names...[39m[0m
[  33% ] [90m[1mfirst_scan_filesystem[22m | Verifying GDExtensions...[39m[0m
[  50% ] [90m[1mfirst_scan_filesystem[22m | Creating autoload scripts...[39m[0m
[  66% ] [90m[1mfirst_scan_filesystem[22m | Initializing plugins...[39m[0m
[  83% ] [90m[1mfirst_scan_filesystem[22m | Starting file scan...[39m[0m
[92m[ DONE ][39m [1mfirst_scan_filesystem[22m
[0m
[   0% ] [90m[1mupdate_scripts_classes[22m | Started Registering global classes... (14 steps)[39m[0m
[   0% ] [90m[1mupdate_scripts_classes[22m | [39m[0m
[   6% ] [90m[1mupdate_scripts_classes[22m | [39m[0m
[  13% ] [90m[1mupdate_scripts_classes[22m | [39m[0m
[  20% ] [90m[1mupdate_scripts_classes[22m | [39m[0m
[  26% ] [90m[1mupdate_scripts_classes[22m | [39m[0m
[  33% ] [90m[1mupdate_scripts_classes[22m | [39m[0m
[  40% ] [90m[1mupdate_scripts_classes[22m | [39m[0m
[  46% ] [90m[1mupdate_scripts_classes[22m | [39m[0m
[  53% ] [90m[1mupdate_scripts_classes[22m | [39m[0m
[  60% ] [90m[1mupdate_scripts_classes[22m | [39m[0m
[  66% ] [90m[1mupdate_scripts_classes[22m | [39m[0m
[  73% ] [90m[1mupdate_scripts_classes[22m | [39m[0m
[  80% ] [90m[1mupdate_scripts_classes[22m | [39m[0m
[  86% ] [90m[1mupdate_scripts_classes[22m | [39m[0m
[92m[ DONE ][39m [1mupdate_scripts_classes[22m
[0m
[   0% ] [90m[1msavepack[22m | Started Packing (102 steps)[39m[0m
[   1% ] [90m[1msavepack[22m | Storing File: res://.godot/exported/133200997/export-23fc49cfcbd9338fd9210c0d535accbb-boot_loader.scn[39m[0m
[  33% ] [90m[1msavepack[22m | Storing File: res://modules/shell/boot_loader.gdc[39m[0m
[  66% ] [90m[1msavepack[22m | Storing File: res://modules/shell/tape_screen.gdshader[39m[0m
[  66% ] [90m[1msavepack[22m | Storing File: res://modules/shell/boot_loader.tscn.remap[39m[0m
[  66% ] [90m[1msavepack[22m | Storing File: res://modules/shell/boot_loader.gd.remap[39m[0m
[  66% ] [90m[1msavepack[22m | Storing File: res://.godot/global_script_class_cache.cfg[39m[0m
[  66% ] [90m[1msavepack[22m | Storing File: res://.godot/uid_cache.bin[39m[0m
[  66% ] [90m[1msavepack[22m | Storing File: res://project.binary[39m[0m
[92m[ DONE ][39m [1msavepack[22m
[0m
Godot Engine v4.7.2.stable.official.ed1daf0bf - https://godotengine.org

[   0% ] [90m[1mfirst_scan_filesystem[22m | Started Project initialization (5 steps)[39m[0m
[   0% ] [90m[1mfirst_scan_filesystem[22m | Scanning file structure...[39m[0m
[  16% ] [90m[1mfirst_scan_filesystem[22m | Loading global class names...[39m[0m
[  33% ] [90m[1mfirst_scan_filesystem[22m | Verifying GDExtensions...[39m[0m
[  50% ] [90m[1mfirst_scan_filesystem[22m | Creating autoload scripts...[39m[0m
[  66% ] [90m[1mfirst_scan_filesystem[22m | Initializing plugins...[39m[0m
[  83% ] [90m[1mfirst_scan_filesystem[22m | Starting file scan...[39m[0m
[92m[ DONE ][39m [1mfirst_scan_filesystem[22m
[0m
ERROR: Condition "split.size() < 9" is true. Continuing.
   at: _scan_filesystem (editor/file_system/editor_file_system.cpp:459)
[   0% ] [90m[1mupdate_scripts_classes[22m | Started Registering global classes... (35 steps)[39m[0m
[   0% ] [90m[1mupdate_scripts_classes[22m | [39m[0m
[   2% ] [90m[1mupdate_scripts_classes[22m | [39m[0m
[   5% ] [90m[1mupdate_scripts_classes[22m | [39m[0m
[   8% ] [90m[1mupdate_scripts_classes[22m | [39m[0m
[  11% ] [90m[1mupdate_scripts_classes[22m | [39m[0m
[  13% ] [90m[1mupdate_scripts_classes[22m | [39m[0m
[  16% ] [90m[1mupdate_scripts_classes[22m | [39m[0m
[  19% ] [90m[1mupdate_scripts_classes[22m | SketchbookErrors[39m[0m
[  22% ] [90m[1mupdate_scripts_classes[22m | [39m[0m
[  25% ] [90m[1mupdate_scripts_classes[22m | [39m[0m
[  27% ] [90m[1mupdate_scripts_classes[22m | SketchbookInterface[39m[0m
[  30% ] [90m[1mupdate_scripts_classes[22m | [39m[0m
[  33% ] [90m[1mupdate_scripts_classes[22m | [39m[0m
[  36% ] [90m[1mupdate_scripts_classes[22m | [39m[0m
[  38% ] [90m[1mupdate_scripts_classes[22m | [39m[0m
[  41% ] [90m[1mupdate_scripts_classes[22m | [39m[0m
[  44% ] [90m[1mupdate_scripts_classes[22m | [39m[0m
[  47% ] [90m[1mupdate_scripts_classes[22m | SoundCuesErrors[39m[0m
[  50% ] [90m[1mupdate_scripts_classes[22m | SoundCuesInterface[39m[0m
[  52% ] [90m[1mupdate_scripts_classes[22m | [39m[0m
[  55% ] [90m[1mupdate_scripts_classes[22m | [39m[0m
[  58% ] [90m[1mupdate_scripts_classes[22m | [39m[0m
[  61% ] [90m[1mupdate_scripts_classes[22m | TabStripErrors[39m[0m
[  63% ] [90m[1mupdate_scripts_classes[22m | TabStripInterface[39m[0m
[  66% ] [90m[1mupdate_scripts_classes[22m | [39m[0m
[  69% ] [90m[1mupdate_scripts_classes[22m | [39m[0m
[  72% ] [90m[1mupdate_scripts_classes[22m | VideoPlayerErrors[39m[0m
[  75% ] [90m[1mupdate_scripts_classes[22m | VideoPlayerInterface[39m[0m
[  77% ] [90m[1mupdate_scripts_classes[22m | [39m[0m
[  80% ] [90m[1mupdate_scripts_classes[22m | [39m[0m
[  83% ] [90m[1mupdate_scripts_classes[22m | [39m[0m
[  86% ] [90m[1mupdate_scripts_classes[22m | [39m[0m
[  88% ] [90m[1mupdate_scripts_classes[22m | [39m[0m
[  91% ] [90m[1mupdate_scripts_classes[22m | [39m[0m
[  94% ] [90m[1mupdate_scripts_classes[22m | [39m[0m
[92m[ DONE ][39m [1mupdate_scripts_classes[22m
[0m
[   0% ] [90m[1m_update_scan_actions[22m | Started Scanning actions... (288 steps)[39m[0m
[   0% ] [90m[1m_update_scan_actions[22m | look-10.png[39m[0m
[   0% ] [90m[1m_update_scan_actions[22m | look-11.png[39m[0m
[   0% ] [90m[1m_update_scan_actions[22m | look-12.png[39m[0m
[   1% ] [90m[1m_update_scan_actions[22m | look-13.png[39m[0m
[   1% ] [90m[1m_update_scan_actions[22m | look-14.png[39m[0m
[   1% ] [90m[1m_update_scan_actions[22m | look-15.png[39m[0m
[   2% ] [90m[1m_update_scan_actions[22m | look-16.png[39m[0m
[   2% ] [90m[1m_update_scan_actions[22m | look-17.png[39m[0m
[   2% ] [90m[1m_update_scan_actions[22m | look-18.png[39m[0m
[   3% ] [90m[1m_update_scan_actions[22m | walk-01.png[39m[0m
[   3% ] [90m[1m_update_scan_actions[22m | walk-02.png[39m[0m
[   3% ] [90m[1m_update_scan_actions[22m | walk-03.png[39m[0m
[   4% ] [90m[1m_update_scan_actions[22m | walk-04.png[39m[0m
[   4% ] [90m[1m_update_scan_actions[22m | walk-05.png[39m[0m
[   4% ] [90m[1m_update_scan_actions[22m | walk-06.png[39m[0m
[   5% ] [90m[1m_update_scan_actions[22m | walk-07.png[39m[0m
[   5% ] [90m[1m_update_scan_actions[22m | walk-08.png[39m[0m
[   5% ] [90m[1m_update_scan_actions[22m | walk-09.png[39m[0m
[   6% ] [90m[1m_update_scan_actions[22m | walk-10.png[39m[0m
[   6% ] [90m[1m_update_scan_actions[22m | walk-11.png[39m[0m
[   6% ] [90m[1m_update_scan_actions[22m | walk-12.png[39m[0m
[   7% ] [90m[1m_update_scan_actions[22m | walk-13.png[39m[0m
[   7% ] [90m[1m_update_scan_actions[22m | walk-14.png[39m[0m
[   7% ] [90m[1m_update_scan_actions[22m | walk-15.png[39m[0m
[   8% ] [90m[1m_update_scan_actions[22m | walk-16.png[39m[0m
[   8% ] [90m[1m_update_scan_actions[22m | walk-17.png[39m[0m
[   8% ] [90m[1m_update_scan_actions[22m | walk-18.png[39m[0m
[   9% ] [90m[1m_update_scan_actions[22m | walk-19.png[39m[0m
[   9% ] [90m[1m_update_scan_actions[22m | walk-20.png[39m[0m
[  10% ] [90m[1m_update_scan_actions[22m | walk-21.png[39m[0m
[  10% ] [90m[1m_update_scan_actions[22m | wave-01.png[39m[0m
[  10% ] [90m[1m_update_scan_actions[22m | wave-02.png[39m[0m
[  11% ] [90m[1m_update_scan_actions[22m | wave-03.png[39m[0m
[  11% ] [90m[1m_update_scan_actions[22m | wave-04.png[39m[0m
[  11% ] [90m[1m_update_scan_actions[22m | wave-05.png[39m[0m
[  12% ] [90m[1m_update_scan_actions[22m | wave-06.png[39m[0m
[  12% ] [90m[1m_update_scan_actions[22m | wave-07.png[39m[0m
[  12% ] [90m[1m_update_scan_actions[22m | wave-08.png[39m[0m
[  13% ] [90m[1m_update_scan_actions[22m | wave-09.png[39m[0m
[  13% ] [90m[1m_update_scan_actions[22m | wave-10.png[39m[0m
[  13% ] [90m[1m_update_scan_actions[22m | wave-11.png[39m[0m
[  14% ] [90m[1m_update_scan_actions[22m | wave-12.png[39m[0m
[  14% ] [90m[1m_update_scan_actions[22m | wave-13.png[39m[0m
[  14% ] [90m[1m_update_scan_actions[22m | wave-14.png[39m[0m
[  15% ] [90m[1m_update_scan_actions[22m | wave-15.png[39m[0m
[  15% ] [90m[1m_update_scan_actions[22m | wave-16.png[39m[0m
[  15% ] [90m[1m_update_scan_actions[22m | wave-17.png[39m[0m
[  16% ] [90m[1m_update_scan_actions[22m | wave-18.png[39m[0m
[  16% ] [90m[1m_update_scan_actions[22m | wave-19.png[39m[0m
[  16% ] [90m[1m_update_scan_actions[22m | wave-20.png[39m[0m
[  17% ] [90m[1m_update_scan_actions[22m | wave-21.png[39m[0m
[  17% ] [90m[1m_update_scan_actions[22m | wave-22.png[39m[0m
[  17% ] [90m[1m_update_scan_actions[22m | wave-23.png[39m[0m
[  18% ] [90m[1m_update_scan_actions[22m | wave-24.png[39m[0m
[  18% ] [90m[1m_update_scan_actions[22m | character.glb[39m[0m
[  19% ] [90m[1m_update_scan_actions[22m | character_risd-163-eye-baked.png[39m[0m
[  19% ] [90m[1m_update_scan_actions[22m | character_risd-163-hair36-source-tinted.png[39m[0m
[  19% ] [90m[1m_update_scan_actions[22m | character_risd-163-mouth-baked.png[39m[0m
[  20% ] [90m[1m_update_scan_actions[22m | character_risd-163-shirt-baked.png[39m[0m
[  20% ] [90m[1m_update_scan_actions[22m | donor.glb[39m[0m
[  20% ] [90m[1m_update_scan_actions[22m | donor_rogue_texture.png[39m[0m
[  21% ] [90m[1m_update_scan_actions[22m | chat.png[39m[0m
[  21% ] [90m[1m_update_scan_actions[22m | PixelMplus12-Regular.ttf[39m[0m
[  21% ] [90m[1m_update_scan_actions[22m | frame.png[39m[0m
[  22% ] [90m[1m_update_scan_actions[22m | anri-interior-muse.webp[39m[0m
[  22% ] [90m[1m_update_scan_actions[22m | anri-title-reference.png[39m[0m
[  22% ] [90m[1m_update_scan_actions[22m | cat-brush-rest.png[39m[0m
[  23% ] [90m[1m_update_scan_actions[22m | palette-white.png[39m[0m
[  23% ] [90m[1m_update_scan_actions[22m | palette-window-v7.png[39m[0m
[  23% ] [90m[1m_update_scan_actions[22m | tool-reference.png[39m[0m
[  24% ] [90m[1m_update_scan_actions[22m | watercolor-brush.png[39m[0m
[  24% ] [90m[1m_update_scan_actions[22m | button-hover-muse.png[39m[0m
[  24% ] [90m[1m_update_scan_actions[22m | button-normal-muse.png[39m[0m
[  25% ] [90m[1m_update_scan_actions[22m | button-selected-muse.png[39m[0m
[  25% ] [90m[1m_update_scan_actions[22m | muse-controls-sheet.webp[39m[0m
[  25% ] [90m[1m_update_scan_actions[22m | titlebar-muse.png[39m[0m
[  26% ] [90m[1m_update_scan_actions[22m | monet-reference.png[39m[0m
[  26% ] [90m[1m_update_scan_actions[22m | ro-bottom-left.png[39m[0m
[  26% ] [90m[1m_update_scan_actions[22m | ro-bottom-mid.png[39m[0m
[  27% ] [90m[1m_update_scan_actions[22m | ro-bottom-right.png[39m[0m
[  27% ] [90m[1m_update_scan_actions[22m | ro-btn-next.png[39m[0m
[  28% ] [90m[1m_update_scan_actions[22m | ro-btn-prev-disabled.png[39m[0m
[  28% ] [90m[1m_update_scan_actions[22m | ro-btn-prev.png[39m[0m
[  28% ] [90m[1m_update_scan_actions[22m | ro-left.png[39m[0m
[  29% ] [90m[1m_update_scan_actions[22m | ro-right.png[39m[0m
[  29% ] [90m[1m_update_scan_actions[22m | ro-top-left.png[39m[0m
[  29% ] [90m[1m_update_scan_actions[22m | ro-top-mid.png[39m[0m
[  30% ] [90m[1m_update_scan_actions[22m | ro-top-right.png[39m[0m
[  30% ] [90m[1m_update_scan_actions[22m | sketchbook-page-v005-soft-384.png[39m[0m
[  30% ] [90m[1m_update_scan_actions[22m | bar_stripes.png[39m[0m
[  31% ] [90m[1m_update_scan_actions[22m | icon_3d_viewer.png[39m[0m
[  31% ] [90m[1m_update_scan_actions[22m | icon_collection.png[39m[0m
[  31% ] [90m[1m_update_scan_actions[22m | icon_flowers.png[39m[0m
[  32% ] [90m[1m_update_scan_actions[22m | icon_map.png[39m[0m
[  32% ] [90m[1m_update_scan_actions[22m | icon_playground.png[39m[0m
[  32% ] [90m[1m_update_scan_actions[22m | icon_sketchbook.png[39m[0m
[  33% ] [90m[1m_update_scan_actions[22m | icon_video_player.png[39m[0m
[  33% ] [90m[1m_update_scan_actions[22m | label_3d_viewer.png[39m[0m
[  33% ] [90m[1m_update_scan_actions[22m | label_collection.png[39m[0m
[  34% ] [90m[1m_update_scan_actions[22m | label_flowers.png[39m[0m
[  34% ] [90m[1m_update_scan_actions[22m | label_map.png[39m[0m
[  34% ] [90m[1m_update_scan_actions[22m | label_playground.png[39m[0m
[  35% ] [90m[1m_update_scan_actions[22m | label_sketchbook.png[39m[0m
[  35% ] [90m[1m_update_scan_actions[22m | label_video_player.png[39m[0m
[  35% ] [90m[1m_update_scan_actions[22m | right_cluster.png[39m[0m
[  36% ] [90m[1m_update_scan_actions[22m | stars.png[39m[0m
[  36% ] [90m[1m_update_scan_actions[22m | stub_idle.png[39m[0m
[  37% ] [90m[1m_update_scan_actions[22m | stub_pressed.png[39m[0m
[  37% ] [90m[1m_update_scan_actions[22m | tab_left.png[39m[0m
[  37% ] [90m[1m_update_scan_actions[22m | tab_mid.png[39m[0m
[  38% ] [90m[1m_update_scan_actions[22m | tab_right.png[39m[0m
[  38% ] [90m[1m_update_scan_actions[22m | bar_background.png[39m[0m
[  38% ] [90m[1m_update_scan_actions[22m | bar_stripes.png[39m[0m
[  39% ] [90m[1m_update_scan_actions[22m | icon_close.png[39m[0m
[  39% ] [90m[1m_update_scan_actions[22m | icon_close_pressed.png[39m[0m
[  39% ] [90m[1m_update_scan_actions[22m | icon_page.png[39m[0m
[  40% ] [90m[1m_update_scan_actions[22m | icon_windows_flag.png[39m[0m
[  40% ] [90m[1m_update_scan_actions[22m | label_3d_viewer.png[39m[0m
[  40% ] [90m[1m_update_scan_actions[22m | label_blank_page.png[39m[0m
[  41% ] [90m[1m_update_scan_actions[22m | label_collection.png[39m[0m
[  41% ] [90m[1m_update_scan_actions[22m | label_connecting.png[39m[0m
[  41% ] [90m[1m_update_scan_actions[22m | label_dots.png[39m[0m
[  42% ] [90m[1m_update_scan_actions[22m | label_map.png[39m[0m
[  42% ] [90m[1m_update_scan_actions[22m | label_phone.png[39m[0m
[  42% ] [90m[1m_update_scan_actions[22m | label_playground.png[39m[0m
[  43% ] [90m[1m_update_scan_actions[22m | label_sketchbook.png[39m[0m
[  43% ] [90m[1m_update_scan_actions[22m | label_video_player.png[39m[0m
[  43% ] [90m[1m_update_scan_actions[22m | label_windows_live.png[39m[0m
[  44% ] [90m[1m_update_scan_actions[22m | right_cluster.png[39m[0m
[  44% ] [90m[1m_update_scan_actions[22m | stars.png[39m[0m
[  44% ] [90m[1m_update_scan_actions[22m | stub_idle.png[39m[0m
[  45% ] [90m[1m_update_scan_actions[22m | stub_pressed.png[39m[0m
[  45% ] [90m[1m_update_scan_actions[22m | tab_left.png[39m[0m
[  46% ] [90m[1m_update_scan_actions[22m | tab_mid.png[39m[0m
[  46% ] [90m[1m_update_scan_actions[22m | tab_right.png[39m[0m
[  46% ] [90m[1m_update_scan_actions[22m | hover.png[39m[0m
[  47% ] [90m[1m_update_scan_actions[22m | idle.png[39m[0m
[  47% ] [90m[1m_update_scan_actions[22m | pressed.png[39m[0m
[  47% ] [90m[1m_update_scan_actions[22m | settled.png[39m[0m
[  48% ] [90m[1m_update_scan_actions[22m | fullscreen-hover-0.png[39m[0m
[  48% ] [90m[1m_update_scan_actions[22m | fullscreen-hover-1.png[39m[0m
[  48% ] [90m[1m_update_scan_actions[22m | fullscreen-hover-2.png[39m[0m
[  49% ] [90m[1m_update_scan_actions[22m | fullscreen-hover-3.png[39m[0m
[  49% ] [90m[1m_update_scan_actions[22m | fullscreen-pressed-0.png[39m[0m
[  49% ] [90m[1m_update_scan_actions[22m | fullscreen-pressed-1.png[39m[0m
[  50% ] [90m[1m_update_scan_actions[22m | fullscreen-pressed-2.png[39m[0m
[  50% ] [90m[1m_update_scan_actions[22m | fullscreen-pressed-3.png[39m[0m
[  50% ] [90m[1m_update_scan_actions[22m | fullscreen-settled-0.png[39m[0m
[  51% ] [90m[1m_update_scan_actions[22m | fullscreen-settled-1.png[39m[0m
[  51% ] [90m[1m_update_scan_actions[22m | fullscreen-settled-2.png[39m[0m
[  51% ] [90m[1m_update_scan_actions[22m | fullscreen-settled-3.png[39m[0m
[  52% ] [90m[1m_update_scan_actions[22m | minimize-hover-0.png[39m[0m
[  52% ] [90m[1m_update_scan_actions[22m | minimize-hover-1.png[39m[0m
[  52% ] [90m[1m_update_scan_actions[22m | minimize-hover-2.png[39m[0m
[  53% ] [90m[1m_update_scan_actions[22m | minimize-hover-3.png[39m[0m
[  53% ] [90m[1m_update_scan_actions[22m | minimize-pressed-0.png[39m[0m
[  53% ] [90m[1m_update_scan_actions[22m | minimize-pressed-1.png[39m[0m
[  54% ] [90m[1m_update_scan_actions[22m | minimize-pressed-2.png[39m[0m
[  54% ] [90m[1m_update_scan_actions[22m | minimize-pressed-3.png[39m[0m
[  55% ] [90m[1m_update_scan_actions[22m | minimize-settled-0.png[39m[0m
[  55% ] [90m[1m_update_scan_actions[22m | minimize-settled-1.png[39m[0m
[  55% ] [90m[1m_update_scan_actions[22m | minimize-settled-2.png[39m[0m
[  56% ] [90m[1m_update_scan_actions[22m | minimize-settled-3.png[39m[0m
[  56% ] [90m[1m_update_scan_actions[22m | mute-hover-0.png[39m[0m
[  56% ] [90m[1m_update_scan_actions[22m | mute-hover-1.png[39m[0m
[  57% ] [90m[1m_update_scan_actions[22m | mute-hover-2.png[39m[0m
[  57% ] [90m[1m_update_scan_actions[22m | mute-hover-3.png[39m[0m
[  57% ] [90m[1m_update_scan_actions[22m | mute-pressed-0.png[39m[0m
[  58% ] [90m[1m_update_scan_actions[22m | mute-pressed-1.png[39m[0m
[  58% ] [90m[1m_update_scan_actions[22m | mute-pressed-2.png[39m[0m
[  58% ] [90m[1m_update_scan_actions[22m | mute-pressed-3.png[39m[0m
[  59% ] [90m[1m_update_scan_actions[22m | mute-settled-0.png[39m[0m
[  59% ] [90m[1m_update_scan_actions[22m | mute-settled-1.png[39m[0m
[  59% ] [90m[1m_update_scan_actions[22m | mute-settled-2.png[39m[0m
[  60% ] [90m[1m_update_scan_actions[22m | mute-settled-3.png[39m[0m
[  60% ] [90m[1m_update_scan_actions[22m | pause-hover-0.png[39m[0m
[  60% ] [90m[1m_update_scan_actions[22m | pause-hover-1.png[39m[0m
[  61% ] [90m[1m_update_scan_actions[22m | pause-hover-2.png[39m[0m
[  61% ] [90m[1m_update_scan_actions[22m | pause-hover-3.png[39m[0m
[  61% ] [90m[1m_update_scan_actions[22m | pause-pressed-0.png[39m[0m
[  62% ] [90m[1m_update_scan_actions[22m | pause-pressed-1.png[39m[0m
[  62% ] [90m[1m_update_scan_actions[22m | pause-pressed-2.png[39m[0m
[  62% ] [90m[1m_update_scan_actions[22m | pause-pressed-3.png[39m[0m
[  63% ] [90m[1m_update_scan_actions[22m | pause-settled-0.png[39m[0m
[  63% ] [90m[1m_update_scan_actions[22m | pause-settled-1.png[39m[0m
[  64% ] [90m[1m_update_scan_actions[22m | pause-settled-2.png[39m[0m
[  64% ] [90m[1m_update_scan_actions[22m | pause-settled-3.png[39m[0m
[  64% ] [90m[1m_update_scan_actions[22m | play-hover-0.png[39m[0m
[  65% ] [90m[1m_update_scan_actions[22m | play-hover-1.png[39m[0m
[  65% ] [90m[1m_update_scan_actions[22m | play-hover-2.png[39m[0m
[  65% ] [90m[1m_update_scan_actions[22m | play-hover-3.png[39m[0m
[  66% ] [90m[1m_update_scan_actions[22m | play-pressed-0.png[39m[0m
[  66% ] [90m[1m_update_scan_actions[22m | play-pressed-1.png[39m[0m
[  66% ] [90m[1m_update_scan_actions[22m | play-pressed-2.png[39m[0m
[  67% ] [90m[1m_update_scan_actions[22m | play-pressed-3.png[39m[0m
[  67% ] [90m[1m_update_scan_actions[22m | play-settled-0.png[39m[0m
[  67% ] [90m[1m_update_scan_actions[22m | play-settled-1.png[39m[0m
[  68% ] [90m[1m_update_scan_actions[22m | play-settled-2.png[39m[0m
[  68% ] [90m[1m_update_scan_actions[22m | play-settled-3.png[39m[0m
[  68% ] [90m[1m_update_scan_actions[22m | save-hover-0.png[39m[0m
[  69% ] [90m[1m_update_scan_actions[22m | save-hover-1.png[39m[0m
[  69% ] [90m[1m_update_scan_actions[22m | save-hover-2.png[39m[0m
[  69% ] [90m[1m_update_scan_actions[22m | save-hover-3.png[39m[0m
[  70% ] [90m[1m_update_scan_actions[22m | save-pressed-0.png[39m[0m
[  70% ] [90m[1m_update_scan_actions[22m | save-pressed-1.png[39m[0m
[  70% ] [90m[1m_update_scan_actions[22m | save-pressed-2.png[39m[0m
[  71% ] [90m[1m_update_scan_actions[22m | save-pressed-3.png[39m[0m
[  71% ] [90m[1m_update_scan_actions[22m | save-settled-0.png[39m[0m
[  71% ] [90m[1m_update_scan_actions[22m | save-settled-1.png[39m[0m
[  72% ] [90m[1m_update_scan_actions[22m | save-settled-2.png[39m[0m
[  72% ] [90m[1m_update_scan_actions[22m | save-settled-3.png[39m[0m
[  73% ] [90m[1m_update_scan_actions[22m | seek-hover-0.png[39m[0m
[  73% ] [90m[1m_update_scan_actions[22m | seek-hover-1.png[39m[0m
[  73% ] [90m[1m_update_scan_actions[22m | seek-hover-2.png[39m[0m
[  74% ] [90m[1m_update_scan_actions[22m | seek-hover-3.png[39m[0m
[  74% ] [90m[1m_update_scan_actions[22m | seek-pressed-0.png[39m[0m
[  74% ] [90m[1m_update_scan_actions[22m | seek-pressed-1.png[39m[0m
[  75% ] [90m[1m_update_scan_actions[22m | seek-pressed-2.png[39m[0m
[  75% ] [90m[1m_update_scan_actions[22m | seek-pressed-3.png[39m[0m
[  75% ] [90m[1m_update_scan_actions[22m | seek-settled-0.png[39m[0m
[  76% ] [90m[1m_update_scan_actions[22m | seek-settled-1.png[39m[0m
[  76% ] [90m[1m_update_scan_actions[22m | seek-settled-2.png[39m[0m
[  76% ] [90m[1m_update_scan_actions[22m | seek-settled-3.png[39m[0m
[  77% ] [90m[1m_update_scan_actions[22m | speaker-hover-0.png[39m[0m
[  77% ] [90m[1m_update_scan_actions[22m | speaker-hover-1.png[39m[0m
[  77% ] [90m[1m_update_scan_actions[22m | speaker-hover-2.png[39m[0m
[  78% ] [90m[1m_update_scan_actions[22m | speaker-hover-3.png[39m[0m
[  78% ] [90m[1m_update_scan_actions[22m | speaker-pressed-0.png[39m[0m
[  78% ] [90m[1m_update_scan_actions[22m | speaker-pressed-1.png[39m[0m
[  79% ] [90m[1m_update_scan_actions[22m | speaker-pressed-2.png[39m[0m
[  79% ] [90m[1m_update_scan_actions[22m | speaker-pressed-3.png[39m[0m
[  79% ] [90m[1m_update_scan_actions[22m | speaker-settled-0.png[39m[0m
[  80% ] [90m[1m_update_scan_actions[22m | speaker-settled-1.png[39m[0m
[  80% ] [90m[1m_update_scan_actions[22m | speaker-settled-2.png[39m[0m
[  80% ] [90m[1m_update_scan_actions[22m | speaker-settled-3.png[39m[0m
[  81% ] [90m[1m_update_scan_actions[22m | volume-hover-0.png[39m[0m
[  81% ] [90m[1m_update_scan_actions[22m | volume-hover-1.png[39m[0m
[  82% ] [90m[1m_update_scan_actions[22m | volume-hover-2.png[39m[0m
[  82% ] [90m[1m_update_scan_actions[22m | volume-hover-3.png[39m[0m
[  82% ] [90m[1m_update_scan_actions[22m | volume-pressed-0.png[39m[0m
[  83% ] [90m[1m_update_scan_actions[22m | volume-pressed-1.png[39m[0m
[  83% ] [90m[1m_update_scan_actions[22m | volume-pressed-2.png[39m[0m
[  83% ] [90m[1m_update_scan_actions[22m | volume-pressed-3.png[39m[0m
[  84% ] [90m[1m_update_scan_actions[22m | volume-settled-0.png[39m[0m
[  84% ] [90m[1m_update_scan_actions[22m | volume-settled-1.png[39m[0m
[  84% ] [90m[1m_update_scan_actions[22m | volume-settled-2.png[39m[0m
[  85% ] [90m[1m_update_scan_actions[22m | volume-settled-3.png[39m[0m
[  85% ] [90m[1m_update_scan_actions[22m | fullscreen.png[39m[0m
[  85% ] [90m[1m_update_scan_actions[22m | minimize.png[39m[0m
[  86% ] [90m[1m_update_scan_actions[22m | mute.png[39m[0m
[  86% ] [90m[1m_update_scan_actions[22m | pause.png[39m[0m
[  86% ] [90m[1m_update_scan_actions[22m | play.png[39m[0m
[  87% ] [90m[1m_update_scan_actions[22m | save.png[39m[0m
[  87% ] [90m[1m_update_scan_actions[22m | scroll.png[39m[0m
[  87% ] [90m[1m_update_scan_actions[22m | seek-clean.png[39m[0m
[  88% ] [90m[1m_update_scan_actions[22m | seek.png[39m[0m
[  88% ] [90m[1m_update_scan_actions[22m | speaker.png[39m[0m
[  88% ] [90m[1m_update_scan_actions[22m | thumbnail.png[39m[0m
[  89% ] [90m[1m_update_scan_actions[22m | timer-clean.png[39m[0m
[  89% ] [90m[1m_update_scan_actions[22m | volume-clean.png[39m[0m
[  89% ] [90m[1m_update_scan_actions[22m | volume.png[39m[0m
[  90% ] [90m[1m_update_scan_actions[22m | fly-through-v7.png[39m[0m
[  90% ] [90m[1m_update_scan_actions[22m | book-and-viewer.png[39m[0m
[  91% ] [90m[1m_update_scan_actions[22m | book-shadow-overlap.png[39m[0m
[  91% ] [90m[1m_update_scan_actions[22m | compact.png[39m[0m
[  91% ] [90m[1m_update_scan_actions[22m | desktop.png[39m[0m
[  92% ] [90m[1m_update_scan_actions[22m | enlarged.png[39m[0m
[  92% ] [90m[1m_update_scan_actions[22m | gallery-launch.png[39m[0m
[  92% ] [90m[1m_update_scan_actions[22m | loading-a.png[39m[0m
[  93% ] [90m[1m_update_scan_actions[22m | loading-b.png[39m[0m
[  93% ] [90m[1m_update_scan_actions[22m | book-and-viewer.png[39m[0m
[  93% ] [90m[1m_update_scan_actions[22m | book-shadow-overlap.png[39m[0m
[  94% ] [90m[1m_update_scan_actions[22m | compact.png[39m[0m
[  94% ] [90m[1m_update_scan_actions[22m | desktop.png[39m[0m
[  94% ] [90m[1m_update_scan_actions[22m | enlarged.png[39m[0m
[  95% ] [90m[1m_update_scan_actions[22m | coverflow.png[39m[0m
[  95% ] [90m[1m_update_scan_actions[22m | desktop.png[39m[0m
[  95% ] [90m[1m_update_scan_actions[22m | detail.png[39m[0m
[  96% ] [90m[1m_update_scan_actions[22m | mobile.png[39m[0m
[  96% ] [90m[1m_update_scan_actions[22m | touch.png[39m[0m
[  96% ] [90m[1m_update_scan_actions[22m | 39-025.jpg[39m[0m
[  97% ] [90m[1m_update_scan_actions[22m | 42-214.jpg[39m[0m
[  97% ] [90m[1m_update_scan_actions[22m | 42-219.jpg[39m[0m
[  97% ] [90m[1m_update_scan_actions[22m | 44-541.jpg[39m[0m
[  98% ] [90m[1m_update_scan_actions[22m | 1998-107.jpg[39m[0m
[  98% ] [90m[1m_update_scan_actions[22m | 2020-3.jpg[39m[0m
[  98% ] [90m[1m_update_scan_actions[22m | window.png[39m[0m
[  99% ] [90m[1m_update_scan_actions[22m | collection-image.webp[39m[0m
[92m[ DONE ][39m [1m_update_scan_actions[22m
[0m
[   0% ] [90m[1msavepack[22m | Started Packing (102 steps)[39m[0m
[   1% ] [90m[1msavepack[22m | Storing File: res://.godot/imported/anchor-1-filter.png-fcdbf9b5547f0ccda9017b37ac2f8bb5.ctex[39m[0m
[   1% ] [90m[1msavepack[22m | Storing File: res://assets/icons/anchors/anchor-1-filter.png.import[39m[0m
[   1% ] [90m[1msavepack[22m | Storing File: res://.godot/imported/anchor-2-highlights.png-f8389a3dff3972968bc95f95cefef9cb.ctex[39m[0m
[   1% ] [90m[1msavepack[22m | Storing File: res://assets/icons/anchors/anchor-2-highlights.png.import[39m[0m
[   1% ] [90m[1msavepack[22m | Storing File: res://.godot/imported/anchor-3-sculpture.png-ddac3f35deab66c4fbd2a85644f756c5.ctex[39m[0m
[   1% ] [90m[1msavepack[22m | Storing File: res://assets/icons/anchors/anchor-3-sculpture.png.import[39m[0m
[   1% ] [90m[1msavepack[22m | Storing File: res://.godot/imported/anchor-4-has-image.png-d2d4f013b29e3479e42a3fbe5e27c06b.ctex[39m[0m
[   1% ] [90m[1msavepack[22m | Storing File: res://assets/icons/anchors/anchor-4-has-image.png.import[39m[0m
[   1% ] [90m[1msavepack[22m | Storing File: res://.godot/imported/anchor-5-view-3d.png-112064aac5c0ea3dfd0e1e6318e28246.ctex[39m[0m
[   1% ] [90m[1msavepack[22m | Storing File: res://assets/icons/anchors/anchor-5-view-3d.png.import[39m[0m
[   1% ] [90m[1msavepack[22m | Storing File: res://.godot/imported/anchors-all-five.png-1ff5f4009dcc182df00ee92515c18225.ctex[39m[0m
[   1% ] [90m[1msavepack[22m | Storing File: res://assets/icons/anchors/anchors-all-five.png.import[39m[0m
[   1% ] [90m[1msavepack[22m | Storing File: res://.godot/imported/ui01-search-64.png-ff121ce75e633e4925c834316ae0d16c.ctex[39m[0m
[   1% ] [90m[1msavepack[22m | Storing File: res://assets/icons/anchors/ui01-search-64.png.import[39m[0m
[   1% ] [90m[1msavepack[22m | Storing File: res://.godot/imported/ui01-search-motion-anchor.png-f2b58d602714b3736b4ea417d6e65771.ctex[39m[0m
[   1% ] [90m[1msavepack[22m | Storing File: res://assets/icons/anchors/ui01-search-motion-anchor.png.import[39m[0m
[   1% ] [90m[1msavepack[22m | Storing File: res://.godot/imported/ACT-01-favourite.png-57fd47c359078710f717cc691592fe91.ctex[39m[0m
[   1% ] [90m[1msavepack[22m | Storing File: res://assets/icons/set/ACT-01-favourite.png.import[39m[0m
[   1% ] [90m[1msavepack[22m | Storing File: res://.godot/imported/ACT-02-compare.png-16e51ff8714b2f34a482f626f35de12b.ctex[39m[0m
[   1% ] [90m[1msavepack[22m | Storing File: res://assets/icons/set/ACT-02-compare.png.import[39m[0m
[   2% ] [90m[1msavepack[22m | Storing File: res://.godot/imported/ACT-03-sketchbook.png-beaffd51c0493a3eaaee8a3cea43f925.ctex[39m[0m
[   2% ] [90m[1msavepack[22m | Storing File: res://assets/icons/set/ACT-03-sketchbook.png.import[39m[0m
[   2% ] [90m[1msavepack[22m | Storing File: res://.godot/imported/ACT-04-more-like-this.png-bccfe264e38e83cd6c50feb652606831.ctex[39m[0m
[   2% ] [90m[1msavepack[22m | Storing File: res://assets/icons/set/ACT-04-more-like-this.png.import[39m[0m
[   2% ] [90m[1msavepack[22m | Storing File: res://.godot/imported/ACT-05-random-object.png-81c33c91130fac56eaba565fb4f33048.ctex[39m[0m
[   2% ] [90m[1msavepack[22m | Storing File: res://assets/icons/set/ACT-05-random-object.png.import[39m[0m
[   2% ] [90m[1msavepack[22m | Storing File: res://.godot/imported/ACT-06-send-a-postcard.png-3ed824ce489110fc3a3a90aac154c71a.ctex[39m[0m
[   2% ] [90m[1msavepack[22m | Storing File: res://assets/icons/set/ACT-06-send-a-postcard.png.import[39m[0m
[   2% ] [90m[1msavepack[22m | Storing File: res://.godot/imported/ACT-07-visit-stamps.png-ae2a3f4ae45530335a026cdb59662c36.ctex[39m[0m
[   2% ] [90m[1msavepack[22m | Storing File: res://assets/icons/set/ACT-07-visit-stamps.png.import[39m[0m
[   2% ] [90m[1msavepack[22m | Storing File: res://.godot/imported/DEP-01-painting.png-27b827887b242a9d65a2040b2b85d599.ctex[39m[0m
[   2% ] [90m[1msavepack[22m | Storing File: res://assets/icons/set/DEP-01-painting.png.import[39m[0m
[   2% ] [90m[1msavepack[22m | Storing File: res://.godot/imported/DEP-02-prints-and-drawings.png-6bad4427e7b5f2b6ab1d989a4a19bd7e.ctex[39m[0m
[   2% ] [90m[1msavepack[22m | Storing File: res://assets/icons/set/DEP-02-prints-and-drawings.png.import[39m[0m
[   2% ] [90m[1msavepack[22m | Storing File: res://.godot/imported/DEP-03-costume-and-textiles.png-8fe94e3d8b24131f0aab063a2753f7b8.ctex[39m[0m
[   2% ] [90m[1msavepack[22m | Storing File: res://assets/icons/set/DEP-03-costume-and-textiles.png.import[39m[0m
[   2% ] [90m[1msavepack[22m | Storing File: res://.godot/imported/DEP-04-silver-and-decorative-arts.png-687a8be12ea4900ec3a2ab551665cf9e.ctex[39m[0m
[   2% ] [90m[1msavepack[22m | Storing File: res://assets/icons/set/DEP-04-silver-and-decorative-arts.png.import[39m[0m
[   2% ] [90m[1msavepack[22m | Storing File: res://.godot/imported/DEP-05-ancient-egypt.png-999e7fcb3eaee248ccd7790237938e4a.ctex[39m[0m
[   2% ] [90m[1msavepack[22m | Storing File: res://assets/icons/set/DEP-05-ancient-egypt.png.import[39m[0m
[   3% ] [90m[1msavepack[22m | Storing File: res://.godot/imported/DEP-06-asian-art.png-14e25bf90fbc8161dd867af416042cce.ctex[39m[0m
[   3% ] [90m[1msavepack[22m | Storing File: res://assets/icons/set/DEP-06-asian-art.png.import[39m[0m
[   3% ] [90m[1msavepack[22m | Storing File: res://.godot/imported/DEP-07-photography.png-df9b7a57c832cf9bf6f7dd97aa5a99b7.ctex[39m[0m
[   3% ] [90m[1msavepack[22m | Storing File: res://assets/icons/set/DEP-07-photography.png.import[39m[0m
[   3% ] [90m[1msavepack[22m | Storing File: res://.godot/imported/DEP-08-furniture.png-beaa87aa52129b218220937eaa4ae618.ctex[39m[0m
[   3% ] [90m[1msavepack[22m | Storing File: res://assets/icons/set/DEP-08-furniture.png.import[39m[0m
[   3% ] [90m[1msavepack[22m | Storing File: res://.godot/imported/MED-01-has-video.png-62825fb2709f0157bc6b9d11e64dc3c5.ctex[39m[0m
[   3% ] [90m[1msavepack[22m | Storing File: res://assets/icons/set/MED-01-has-video.png.import[39m[0m
[   3% ] [90m[1msavepack[22m | Storing File: res://.godot/imported/MED-02-has-audio.png-c32370b25d506623d028914a0465efd4.ctex[39m[0m
[   3% ] [90m[1msavepack[22m | Storing File: res://assets/icons/set/MED-02-has-audio.png.import[39m[0m
[   3% ] [90m[1msavepack[22m | Storing File: res://.godot/imported/MED-03-multiple-views.png-1dd271fdb264e1d14f02acccbf5168a7.ctex[39m[0m
[   3% ] [90m[1msavepack[22m | Storing File: res://assets/icons/set/MED-03-multiple-views.png.import[39m[0m
[   3% ] [90m[1msavepack[22m | Storing File: res://.godot/imported/MED-06-point-cloud.png-8fbece9101b79947d3fc7958f359f4d1.ctex[39m[0m
[   3% ] [90m[1msavepack[22m | Storing File: res://assets/icons/set/MED-06-point-cloud.png.import[39m[0m
[   3% ] [90m[1msavepack[22m | Storing File: res://.godot/imported/MED-07-conservation-view.png-642244e3573ae188b07542ba94095740.ctex[39m[0m
[   3% ] [90m[1msavepack[22m | Storing File: res://assets/icons/set/MED-07-conservation-view.png.import[39m[0m
[   3% ] [90m[1msavepack[22m | Storing File: res://.godot/imported/MED-08-verso.png-91d4a89cca02fc63e23b90c7c7eeccad.ctex[39m[0m
[   3% ] [90m[1msavepack[22m | Storing File: res://assets/icons/set/MED-08-verso.png.import[39m[0m
[   4% ] [90m[1msavepack[22m | Storing File: res://.godot/imported/MED-09-detail-crops.png-f71609f2d155052b77be19036128f644.ctex[39m[0m
[   4% ] [90m[1msavepack[22m | Storing File: res://assets/icons/set/MED-09-detail-crops.png.import[39m[0m
[   4% ] [90m[1msavepack[22m | Storing File: res://.godot/imported/NAV-01-on-view-now.png-bc525bbcc37c3d07735893d11f6ba68b.ctex[39m[0m
[   4% ] [90m[1msavepack[22m | Storing File: res://assets/icons/set/NAV-01-on-view-now.png.import[39m[0m
[   4% ] [90m[1msavepack[22m | Storing File: res://.godot/imported/NAV-02-in-storage.png-8193735263764c5632ffcb51e561ad7a.ctex[39m[0m
[   4% ] [90m[1msavepack[22m | Storing File: res://assets/icons/set/NAV-02-in-storage.png.import[39m[0m
[   4% ] [90m[1msavepack[22m | Storing File: res://.godot/imported/NAV-03-gallery-map.png-440c136362c7cd275ff9c24f2b00dadd.ctex[39m[0m
[   4% ] [90m[1msavepack[22m | Storing File: res://assets/icons/set/NAV-03-gallery-map.png.import[39m[0m
[   4% ] [90m[1msavepack[22m | Storing File: res://.godot/imported/NAV-04-wing-dial.png-87ab2b3ddf4a379520a629ae3874d6bb.ctex[39m[0m
[   4% ] [90m[1msavepack[22m | Storing File: res://assets/icons/set/NAV-04-wing-dial.png.import[39m[0m
[   4% ] [90m[1msavepack[22m | Storing File: res://.godot/imported/NAV-05-in-this-room.png-4e587dfe973041a105ade2e6a10aacd6.ctex[39m[0m
[   4% ] [90m[1msavepack[22m | Storing File: res://assets/icons/set/NAV-05-in-this-room.png.import[39m[0m
[   4% ] [90m[1msavepack[22m | Storing File: res://.godot/imported/NAV-06-not-accessible.png-ea845857e15904fee2c2cd03f730b79a.ctex[39m[0m
[   4% ] [90m[1msavepack[22m | Storing File: res://assets/icons/set/NAV-06-not-accessible.png.import[39m[0m
[   4% ] [90m[1msavepack[22m | Storing File: res://.godot/imported/NAV-07-sit-with-it.png-60dfcb21bbb21b92e236ea06134902f7.ctex[39m[0m
[   4% ] [90m[1msavepack[22m | Storing File: res://assets/icons/set/NAV-07-sit-with-it.png.import[39m[0m
[   4% ] [90m[1msavepack[22m | Storing File: res://.godot/imported/REC-01-provenance.png-3193ab0f2eb3606d30a12ddfd1933d15.ctex[39m[0m
[   4% ] [90m[1msavepack[22m | Storing File: res://assets/icons/set/REC-01-provenance.png.import[39m[0m
[   4% ] [90m[1msavepack[22m | Storing File: res://.godot/imported/REC-02-date-and-era.png-3d3be9118c328003119b7302433401e0.ctex[39m[0m
[   4% ] [90m[1msavepack[22m | Storing File: res://assets/icons/set/REC-02-date-and-era.png.import[39m[0m
[   5% ] [90m[1msavepack[22m | Storing File: res://.godot/imported/REC-03-maker.png-a900e67bb3533da50e0e30167de19dc1.ctex[39m[0m
[   5% ] [90m[1msavepack[22m | Storing File: res://assets/icons/set/REC-03-maker.png.import[39m[0m
[   5% ] [90m[1msavepack[22m | Storing File: res://.godot/imported/REC-04-materials-and-technique.png-d2b14ea66c324dca337d04269b93181d.ctex[39m[0m
[   5% ] [90m[1msavepack[22m | Storing File: res://assets/icons/set/REC-04-materials-and-technique.png.import[39m[0m
[   5% ] [90m[1msavepack[22m | Storing File: res://.godot/imported/REC-05-dimensions.png-17a87bf9f41f7dac25890e1d7b54ab3e.ctex[39m[0m
[   5% ] [90m[1msavepack[22m | Storing File: res://assets/icons/set/REC-05-dimensions.png.import[39m[0m
[   5% ] [90m[1msavepack[22m | Storing File: res://.godot/imported/REC-06-accession-number.png-898333778fb188385222e138a3b64049.ctex[39m[0m
[   5% ] [90m[1msavepack[22m | Storing File: res://assets/icons/set/REC-06-accession-number.png.import[39m[0m
[   5% ] [90m[1msavepack[22m | Storing File: res://.godot/imported/UI-02-clear-filters.png-68fbd135caf67edf9196fa2b547c3f91.ctex[39m[0m
[   5% ] [90m[1msavepack[22m | Storing File: res://assets/icons/set/UI-02-clear-filters.png.import[39m[0m
[   5% ] [90m[1msavepack[22m | Storing File: res://.godot/imported/UI-03-view-toggle.png-0da94b19354afdeb9f8315dae0a44f75.ctex[39m[0m
[   5% ] [90m[1msavepack[22m | Storing File: res://assets/icons/set/UI-03-view-toggle.png.import[39m[0m
[   5% ] [90m[1msavepack[22m | Storing File: res://.godot/imported/UI-04-sort-order.png-daa7d32a945e63843c9750b54ce81e99.ctex[39m[0m
[   5% ] [90m[1msavepack[22m | Storing File: res://assets/icons/set/UI-04-sort-order.png.import[39m[0m
[   5% ] [90m[1msavepack[22m | Storing File: res://.godot/imported/UI-05-visitor-badge.png-b80ae9db126ca104690ac1feb05325ab.ctex[39m[0m
[   5% ] [90m[1msavepack[22m | Storing File: res://assets/icons/set/UI-05-visitor-badge.png.import[39m[0m
[   5% ] [90m[1msavepack[22m | Storing File: res://.godot/imported/volume-settled-1.png-9ce35ec4b080041a22486f45b61015f0.ctex[39m[0m
[   5% ] [90m[1msavepack[22m | Storing File: res://modules/video_player/assets/seedance-motion/volume-settled-1.png.import[39m[0m
[   6% ] [90m[1msavepack[22m | Storing File: res://testing/errors.gdc[39m[0m
[   6% ] [90m[1msavepack[22m | Storing File: res://testing/collection_page_adapter.gdc[39m[0m
[   6% ] [90m[1msavepack[22m | Storing File: res://testing/collection_data_test.gdc[39m[0m
[   6% ] [90m[1msavepack[22m | Storing File: res://.godot/imported/minimize.png-785e6e5401ead64e759f3532e6ae35c8.ctex[39m[0m
[   6% ] [90m[1msavepack[22m | Storing File: res://modules/video_player/assets/source-controls/minimize.png.import[39m[0m
[   6% ] [90m[1msavepack[22m | Storing File: res://.godot/imported/volume-settled-3.png-6299d0c8150d5945284cbe0fb51febe4.ctex[39m[0m
[   6% ] [90m[1msavepack[22m | Storing File: res://modules/video_player/assets/seedance-motion/volume-settled-3.png.import[39m[0m
[   6% ] [90m[1msavepack[22m | Storing File: res://.godot/imported/mute.png-7414cff69bb5d7ade6693ed59b4adb3f.ctex[39m[0m
[   6% ] [90m[1msavepack[22m | Storing File: res://modules/video_player/assets/source-controls/mute.png.import[39m[0m
[   6% ] [90m[1msavepack[22m | Storing File: res://.godot/imported/pause.png-c2cce45b79bb567da8a82b5919f622a0.ctex[39m[0m
[   6% ] [90m[1msavepack[22m | Storing File: res://modules/video_player/assets/source-controls/pause.png.import[39m[0m
[   6% ] [90m[1msavepack[22m | Storing File: res://.godot/imported/fullscreen.png-3ad079d7cc83bd09853ced685a12226d.ctex[39m[0m
[   6% ] [90m[1msavepack[22m | Storing File: res://modules/video_player/assets/source-controls/fullscreen.png.import[39m[0m
[   6% ] [90m[1msavepack[22m | Storing File: res://modules/video_player/assets/source-controls/manifest.json[39m[0m
[   6% ] [90m[1msavepack[22m | Storing File: res://.godot/imported/play.png-39e3530d89425ef32966593a850b45f2.ctex[39m[0m
[   6% ] [90m[1msavepack[22m | Storing File: res://modules/video_player/assets/source-controls/play.png.import[39m[0m
[   7% ] [90m[1msavepack[22m | Storing File: res://.godot/imported/volume-settled-2.png-845cd705d2510e0ec8f3f58508a894f8.ctex[39m[0m
[   7% ] [90m[1msavepack[22m | Storing File: res://modules/video_player/assets/seedance-motion/volume-settled-2.png.import[39m[0m
[   7% ] [90m[1msavepack[22m | Storing File: res://testing/harness_base.gdc[39m[0m
[   7% ] [90m[1msavepack[22m | Storing File: res://.godot/imported/42-219.jpg-d6a8c9d2db6ce085d435f793b820963b.ctex[39m[0m
[   7% ] [90m[1msavepack[22m | Storing File: res://prototypes/painting-coverflow/web/assets/42-219.jpg.import[39m[0m
[   7% ] [90m[1msavepack[22m | Storing File: res://.godot/imported/1998-107.jpg-dcbaf4d6e968b75cc76af3d07c5fb61e.ctex[39m[0m
[   7% ] [90m[1msavepack[22m | Storing File: res://prototypes/painting-coverflow/web/assets/1998-107.jpg.import[39m[0m
[   7% ] [90m[1msavepack[22m | Storing File: res://.godot/imported/collection-image.webp-c618a52f35ae0dd3f4d050e3b90ab2f9.ctex[39m[0m
[   7% ] [90m[1msavepack[22m | Storing File: res://testing/fixtures/collection-image.webp.import[39m[0m
[   7% ] [90m[1msavepack[22m | Storing File: res://prototypes/painting-coverflow/PROVENANCE.json[39m[0m
[   7% ] [90m[1msavepack[22m | Storing File: res://.godot/imported/window.png-42092cff0da8e9655e8cbe96208c005e.ctex[39m[0m
[   7% ] [90m[1msavepack[22m | Storing File: res://prototypes/painting-coverflow/web/assets/window.png.import[39m[0m
[   7% ] [90m[1msavepack[22m | Storing File: res://.godot/imported/42-214.jpg-ff109439db8e7d85c415bc62798e7a10.ctex[39m[0m
[   7% ] [90m[1msavepack[22m | Storing File: res://prototypes/painting-coverflow/web/assets/42-214.jpg.import[39m[0m
[   7% ] [90m[1msavepack[22m | Storing File: res://.godot/imported/2020-3.jpg-27a7589a095a1057d34f2d5492e2f426.ctex[39m[0m
[   7% ] [90m[1msavepack[22m | Storing File: res://prototypes/painting-coverflow/web/assets/2020-3.jpg.import[39m[0m
[   8% ] [90m[1msavepack[22m | Storing File: res://.godot/imported/All-Blocks.png-c1f20d2a764ba54909d8edf94849973d.ctex[39m[0m
[   8% ] [90m[1msavepack[22m | Storing File: res://All-Blocks.png.import[39m[0m
[   8% ] [90m[1msavepack[22m | Storing File: res://modules/video_player/errors.gdc[39m[0m
[   8% ] [90m[1msavepack[22m | Storing File: res://modules/video_player/loading.gdshader[39m[0m
[   8% ] [90m[1msavepack[22m | Storing File: res://modules/video_player/playtest/harness.gdc[39m[0m
[   8% ] [90m[1msavepack[22m | Storing File: res://.godot/imported/Channels.png-d10a83bb01e40a675d87af46b47c576b.ctex[39m[0m
[   8% ] [90m[1msavepack[22m | Storing File: res://Channels.png.import[39m[0m
[   8% ] [90m[1msavepack[22m | Storing File: res://package-lock.json[39m[0m
[   8% ] [90m[1msavepack[22m | Storing File: res://modules/video_player/video_player.gdc[39m[0m
[   8% ] [90m[1msavepack[22m | Storing File: res://.godot/imported/Explore.png-8d8581f4d208a67f558e1259812ed77e.ctex[39m[0m
[   8% ] [90m[1msavepack[22m | Storing File: res://Explore.png.import[39m[0m
[   8% ] [90m[1msavepack[22m | Storing File: res://testing/interface.gdc[39m[0m
[   8% ] [90m[1msavepack[22m | Storing File: res://.godot/imported/39-025.jpg-2e1653596390b8fb6b821b9e18728325.ctex[39m[0m
[   8% ] [90m[1msavepack[22m | Storing File: res://prototypes/painting-coverflow/web/assets/39-025.jpg.import[39m[0m
[   9% ] [90m[1msavepack[22m | Storing File: res://testing/saved_destinations_test.gdc[39m[0m
[   9% ] [90m[1msavepack[22m | Storing File: res://modules/video_player/interface.gdc[39m[0m
[   9% ] [90m[1msavepack[22m | Storing File: res://.godot/imported/fly-through-v7.png-088ffed9dc161a511fb15554d201a22b.ctex[39m[0m
[   9% ] [90m[1msavepack[22m | Storing File: res://modules/video_player/assets/fly-through-v7.png.import[39m[0m
[   9% ] [90m[1msavepack[22m | Storing File: res://.godot/imported/volume.png-db4ed3061119fd87b2a13d5cee83db8e.ctex[39m[0m
[   9% ] [90m[1msavepack[22m | Storing File: res://modules/video_player/assets/source-controls/volume.png.import[39m[0m
[   9% ] [90m[1msavepack[22m | Storing File: res://prototypes/painting-coverflow/web/paintings.json[39m[0m
[   9% ] [90m[1msavepack[22m | Storing File: res://.godot/imported/44-541.jpg-5494e061f940a97b069b4546fbb248d2.ctex[39m[0m
[   9% ] [90m[1msavepack[22m | Storing File: res://prototypes/painting-coverflow/web/assets/44-541.jpg.import[39m[0m
[   9% ] [90m[1msavepack[22m | Storing File: res://.godot/imported/speaker.png-c082ba6b7e8ef64b687a223e78977e51.ctex[39m[0m
[   9% ] [90m[1msavepack[22m | Storing File: res://modules/video_player/assets/source-controls/speaker.png.import[39m[0m
[   9% ] [90m[1msavepack[22m | Storing File: res://.godot/imported/seek-clean.png-4cd18321b30212b5509bde582578fb18.ctex[39m[0m
[   9% ] [90m[1msavepack[22m | Storing File: res://modules/video_player/assets/source-controls/seek-clean.png.import[39m[0m
[   9% ] [90m[1msavepack[22m | Storing File: res://.godot/imported/thumbnail.png-6af346b6f5e0090349245ce25823a006.ctex[39m[0m
[   9% ] [90m[1msavepack[22m | Storing File: res://modules/video_player/assets/source-controls/thumbnail.png.import[39m[0m
[  10% ] [90m[1msavepack[22m | Storing File: res://.godot/imported/seek.png-28ad81435b52aff53bc99133b7f18813.ctex[39m[0m
[  10% ] [90m[1msavepack[22m | Storing File: res://modules/video_player/assets/source-controls/seek.png.import[39m[0m
[  10% ] [90m[1msavepack[22m | Storing File: res://.godot/imported/volume-clean.png-1d6b93f321d2d25016b0e68f114779b6.ctex[39m[0m
[  10% ] [90m[1msavepack[22m | Storing File: res://modules/video_player/assets/source-controls/volume-clean.png.import[39m[0m
[  10% ] [90m[1msavepack[22m | Storing File: res://.godot/imported/save.png-460eb400418b4e30bdd2901ee1627072.ctex[39m[0m
[  10% ] [90m[1msavepack[22m | Storing File: res://modules/video_player/assets/source-controls/save.png.import[39m[0m
[  10% ] [90m[1msavepack[22m | Storing File: res://.godot/imported/timer-clean.png-d2af3cdb499df83bca3b56a82b0e5bef.ctex[39m[0m
[  10% ] [90m[1msavepack[22m | Storing File: res://modules/video_player/assets/source-controls/timer-clean.png.import[39m[0m
[  10% ] [90m[1msavepack[22m | Storing File: res://.godot/imported/scroll.png-fb2adb647f2a349d0fdee4c9060294ab.ctex[39m[0m
[  10% ] [90m[1msavepack[22m | Storing File: res://modules/video_player/assets/source-controls/scroll.png.import[39m[0m
[  10% ] [90m[1msavepack[22m | Storing File: res://.godot/imported/chat.png-69ad4bcec4f74069509c5c35aeda2ab5.ctex[39m[0m
[  10% ] [90m[1msavepack[22m | Storing File: res://modules/atlas/assets/desktop/chat.png.import[39m[0m
[  10% ] [90m[1msavepack[22m | Storing File: res://.godot/imported/itinerary.png-1ec0752e47b54fae4734850a54abe60b.ctex[39m[0m
[  10% ] [90m[1msavepack[22m | Storing File: res://modules/atlas/assets/desktop/itinerary.png.import[39m[0m
[  10% ] [90m[1msavepack[22m | Storing File: res://.godot/imported/minimap.png-374327233a138c106ccbae2513326447.ctex[39m[0m
[  10% ] [90m[1msavepack[22m | Storing File: res://modules/atlas/assets/desktop/minimap.png.import[39m[0m
[  10% ] [90m[1msavepack[22m | Storing File: res://.godot/imported/notification.png-0b64a8dc8de44366cc08002221f6c85a.ctex[39m[0m
[  10% ] [90m[1msavepack[22m | Storing File: res://modules/atlas/assets/desktop/notification.png.import[39m[0m
[  10% ] [90m[1msavepack[22m | Storing File: res://.godot/imported/0-0-field.png-8a6c0f3722fc323e4a1c17234d34ae60.ctex[39m[0m
[  10% ] [90m[1msavepack[22m | Storing File: res://modules/atlas/assets/geography/0-0-field.png.import[39m[0m
[  11% ] [90m[1msavepack[22m | Storing File: res://.godot/imported/0-1-field.png-ed1ece376433f44422523f01240fbab7.ctex[39m[0m
[  11% ] [90m[1msavepack[22m | Storing File: res://modules/atlas/assets/geography/0-1-field.png.import[39m[0m
[  11% ] [90m[1msavepack[22m | Storing File: res://.godot/imported/0-2-field.png-93dce681de00ba3764c03a971aa4b290.ctex[39m[0m
[  11% ] [90m[1msavepack[22m | Storing File: res://modules/atlas/assets/geography/0-2-field.png.import[39m[0m
[  11% ] [90m[1msavepack[22m | Storing File: res://.godot/imported/0-3-field.png-ff9a207c232d0cfb95d341500ff7a0fe.ctex[39m[0m
[  11% ] [90m[1msavepack[22m | Storing File: res://modules/atlas/assets/geography/0-3-field.png.import[39m[0m
[  11% ] [90m[1msavepack[22m | Storing File: res://.godot/imported/0-4-field.png-a575b6b3a91827a00186da332a543737.ctex[39m[0m
[  11% ] [90m[1msavepack[22m | Storing File: res://modules/atlas/assets/geography/0-4-field.png.import[39m[0m
[  11% ] [90m[1msavepack[22m | Storing File: res://.godot/imported/0-5-field.png-d21979657db939aaa7b1a72f765b0972.ctex[39m[0m
[  11% ] [90m[1msavepack[22m | Storing File: res://modules/atlas/assets/geography/0-5-field.png.import[39m[0m
[  11% ] [90m[1msavepack[22m | Storing File: res://.godot/imported/1-0-field.png-11e6fc260b5bde0505793b28dd388755.ctex[39m[0m
[  11% ] [90m[1msavepack[22m | Storing File: res://modules/atlas/assets/geography/1-0-field.png.import[39m[0m
[  11% ] [90m[1msavepack[22m | Storing File: res://.godot/imported/1-1-field.png-95fa3520847f2d0596b24a8dbdd97782.ctex[39m[0m
[  11% ] [90m[1msavepack[22m | Storing File: res://modules/atlas/assets/geography/1-1-field.png.import[39m[0m
[  11% ] [90m[1msavepack[22m | Storing File: res://.godot/imported/1-2-field.png-1afcb2e88cc0524fc0c25d106fd5a2f1.ctex[39m[0m
[  11% ] [90m[1msavepack[22m | Storing File: res://modules/atlas/assets/geography/1-2-field.png.import[39m[0m
[  11% ] [90m[1msavepack[22m | Storing File: res://.godot/imported/1-3-field.png-9ff4a44967ae6573b1aa1c8d21d914c6.ctex[39m[0m
[  11% ] [90m[1msavepack[22m | Storing File: res://modules/atlas/assets/geography/1-3-field.png.import[39m[0m
[  11% ] [90m[1msavepack[22m | Storing File: res://.godot/imported/1-4-field.png-6432efdee82cf2df2e0503e13afe6333.ctex[39m[0m
[  11% ] [90m[1msavepack[22m | Storing File: res://modules/atlas/assets/geography/1-4-field.png.import[39m[0m
[  12% ] [90m[1msavepack[22m | Storing File: res://.godot/imported/1-5-field.png-5fdd41cdcf52598d5407a2a094baeebb.ctex[39m[0m
[  12% ] [90m[1msavepack[22m | Storing File: res://modules/atlas/assets/geography/1-5-field.png.import[39m[0m
[  12% ] [90m[1msavepack[22m | Storing File: res://.godot/imported/2-0-field.png-561897269e71d99fb0901560a34cf993.ctex[39m[0m
[  12% ] [90m[1msavepack[22m | Storing File: res://modules/atlas/assets/geography/2-0-field.png.import[39m[0m
[  12% ] [90m[1msavepack[22m | Storing File: res://.godot/imported/2-1-field.png-6fc0d2a1d51e6cc1807c5d4051bacae9.ctex[39m[0m
[  12% ] [90m[1msavepack[22m | Storing File: res://modules/atlas/assets/geography/2-1-field.png.import[39m[0m
[  12% ] [90m[1msavepack[22m | Storing File: res://.godot/imported/2-2-field.png-386d9430950c8cebd24a268cd7132366.ctex[39m[0m
[  12% ] [90m[1msavepack[22m | Storing File: res://modules/atlas/assets/geography/2-2-field.png.import[39m[0m
[  12% ] [90m[1msavepack[22m | Storing File: res://.godot/imported/2-3-field.png-ed33c7128f5d56191866927fd88c0f17.ctex[39m[0m
[  12% ] [90m[1msavepack[22m | Storing File: res://modules/atlas/assets/geography/2-3-field.png.import[39m[0m
[  12% ] [90m[1msavepack[22m | Storing File: res://.godot/imported/2-4-field.png-cfe6bba37be77e644f2cf2966e66d047.ctex[39m[0m
[  12% ] [90m[1msavepack[22m | Storing File: res://modules/atlas/assets/geography/2-4-field.png.import[39m[0m
[  12% ] [90m[1msavepack[22m | Storing File: res://.godot/imported/2-5-field.png-f30c5d9472b357527fdc09a90ae98ccd.ctex[39m[0m
[  12% ] [90m[1msavepack[22m | Storing File: res://modules/atlas/assets/geography/2-5-field.png.import[39m[0m
[  12% ] [90m[1msavepack[22m | Storing File: res://.godot/imported/3-0-field.png-1bc235df2492f52608057a3cec1e4ce1.ctex[39m[0m
[  12% ] [90m[1msavepack[22m | Storing File: res://modules/atlas/assets/geography/3-0-field.png.import[39m[0m
[  12% ] [90m[1msavepack[22m | Storing File: res://.godot/imported/3-1-field.png-1dfd4eb5bc7d1027bfc70a76fcfb4317.ctex[39m[0m
[  12% ] [90m[1msavepack[22m | Storing File: res://modules/atlas/assets/geography/3-1-field.png.import[39m[0m
[  13% ] [90m[1msavepack[22m | Storing File: res://.godot/imported/3-2-field.png-0f5dd50b052685fd173f86e7d367780a.ctex[39m[0m
[  13% ] [90m[1msavepack[22m | Storing File: res://modules/atlas/assets/geography/3-2-field.png.import[39m[0m
[  13% ] [90m[1msavepack[22m | Storing File: res://.godot/imported/3-3-field.png-cf782b107844f5b65ab9921540709ef3.ctex[39m[0m
[  13% ] [90m[1msavepack[22m | Storing File: res://modules/atlas/assets/geography/3-3-field.png.import[39m[0m
[  13% ] [90m[1msavepack[22m | Storing File: res://.godot/imported/3-4-field.png-c67e0387d701ba0fa410772462f964d8.ctex[39m[0m
[  13% ] [90m[1msavepack[22m | Storing File: res://modules/atlas/assets/geography/3-4-field.png.import[39m[0m
[  13% ] [90m[1msavepack[22m | Storing File: res://.godot/imported/3-5-field.png-a7c39b8f6bd8dec866c64115ec35500b.ctex[39m[0m
[  13% ] [90m[1msavepack[22m | Storing File: res://modules/atlas/assets/geography/3-5-field.png.import[39m[0m
[  13% ] [90m[1msavepack[22m | Storing File: res://.godot/imported/4-0-field.png-38debff6e341305c0c911efa1eb83eb4.ctex[39m[0m
[  13% ] [90m[1msavepack[22m | Storing File: res://modules/atlas/assets/geography/4-0-field.png.import[39m[0m
[  13% ] [90m[1msavepack[22m | Storing File: res://.godot/imported/4-1-field.png-6d221d3c07b542f9ecf451e63c49fdbc.ctex[39m[0m
[  13% ] [90m[1msavepack[22m | Storing File: res://modules/atlas/assets/geography/4-1-field.png.import[39m[0m
[  13% ] [90m[1msavepack[22m | Storing File: res://.godot/imported/4-2-field.png-65f434a6ba1bec78c90204fe3a0989a5.ctex[39m[0m
[  13% ] [90m[1msavepack[22m | Storing File: res://modules/atlas/assets/geography/4-2-field.png.import[39m[0m
[  13% ] [90m[1msavepack[22m | Storing File: res://.godot/imported/4-3-field.png-99200b01ffe668279c83fabbae7041d9.ctex[39m[0m
[  13% ] [90m[1msavepack[22m | Storing File: res://modules/atlas/assets/geography/4-3-field.png.import[39m[0m
[  13% ] [90m[1msavepack[22m | Storing File: res://.godot/imported/4-4-field.png-07fab98c98bffc83fd371044c36391f3.ctex[39m[0m
[  13% ] [90m[1msavepack[22m | Storing File: res://modules/atlas/assets/geography/4-4-field.png.import[39m[0m
[  13% ] [90m[1msavepack[22m | Storing File: res://.godot/imported/4-5-field.png-3fdfc8925eb6cf7a8af330be1d710fe6.ctex[39m[0m
[  13% ] [90m[1msavepack[22m | Storing File: res://modules/atlas/assets/geography/4-5-field.png.import[39m[0m
[  14% ] [90m[1msavepack[22m | Storing File: res://.godot/imported/5-0-field.png-67f24e125cea46e654cb60a97daf58cb.ctex[39m[0m
[  14% ] [90m[1msavepack[22m | Storing File: res://modules/atlas/assets/geography/5-0-field.png.import[39m[0m
[  14% ] [90m[1msavepack[22m | Storing File: res://.godot/imported/5-1-field.png-69e77a4990f25dcfe048d0e4f9074d43.ctex[39m[0m
[  14% ] [90m[1msavepack[22m | Storing File: res://modules/atlas/assets/geography/5-1-field.png.import[39m[0m
[  14% ] [90m[1msavepack[22m | Storing File: res://.godot/imported/5-2-field.png-e6926170b7350969f5aff0b5f785a72f.ctex[39m[0m
[  14% ] [90m[1msavepack[22m | Storing File: res://modules/atlas/assets/geography/5-2-field.png.import[39m[0m
[  14% ] [90m[1msavepack[22m | Storing File: res://.godot/imported/5-3-field.png-e0f44d3210f0ad5f2f89eec8cf3ceab7.ctex[39m[0m
[  14% ] [90m[1msavepack[22m | Storing File: res://modules/atlas/assets/geography/5-3-field.png.import[39m[0m
[  14% ] [90m[1msavepack[22m | Storing File: res://.godot/imported/5-4-field.png-34f7a8e7e9b2b47460a37e6c4ee778a8.ctex[39m[0m
[  14% ] [90m[1msavepack[22m | Storing File: res://modules/atlas/assets/geography/5-4-field.png.import[39m[0m
[  14% ] [90m[1msavepack[22m | Storing File: res://.godot/imported/5-5-field.png-3aeba6bc6d35f21e899cbef9590463d3.ctex[39m[0m
[  14% ] [90m[1msavepack[22m | Storing File: res://modules/atlas/assets/geography/5-5-field.png.import[39m[0m
[  14% ] [90m[1msavepack[22m | Storing File: res://.godot/imported/6-0-field.png-be3f87f97aaa61bf173d5205c61a76f2.ctex[39m[0m
[  14% ] [90m[1msavepack[22m | Storing File: res://modules/atlas/assets/geography/6-0-field.png.import[39m[0m
[  14% ] [90m[1msavepack[22m | Storing File: res://.godot/imported/6-1-field.png-5f01eea027977486b2b4d608dd5370d4.ctex[39m[0m
[  14% ] [90m[1msavepack[22m | Storing File: res://modules/atlas/assets/geography/6-1-field.png.import[39m[0m
[  14% ] [90m[1msavepack[22m | Storing File: res://.godot/imported/6-2-field.png-1e45025a2e0157c57ddefb2ae0f50587.ctex[39m[0m
[  14% ] [90m[1msavepack[22m | Storing File: res://modules/atlas/assets/geography/6-2-field.png.import[39m[0m
[  15% ] [90m[1msavepack[22m | Storing File: res://.godot/imported/6-3-field.png-5eacf4c485195af943a56a2a231304c2.ctex[39m[0m
[  15% ] [90m[1msavepack[22m | Storing File: res://modules/atlas/assets/geography/6-3-field.png.import[39m[0m
[  15% ] [90m[1msavepack[22m | Storing File: res://.godot/imported/6-4-field.png-c029d74fde539cc4e58e32bbcedf73aa.ctex[39m[0m
[  15% ] [90m[1msavepack[22m | Storing File: res://modules/atlas/assets/geography/6-4-field.png.import[39m[0m
[  15% ] [90m[1msavepack[22m | Storing File: res://.godot/imported/6-5-field.png-b30bb336d3325894dd1b4c84902dfb7e.ctex[39m[0m
[  15% ] [90m[1msavepack[22m | Storing File: res://modules/atlas/assets/geography/6-5-field.png.import[39m[0m
[  15% ] [90m[1msavepack[22m | Storing File: res://.godot/imported/7-0-field.png-981439b9179d519f4b93ce1dd2281331.ctex[39m[0m
[  15% ] [90m[1msavepack[22m | Storing File: res://modules/atlas/assets/geography/7-0-field.png.import[39m[0m
[  15% ] [90m[1msavepack[22m | Storing File: res://.godot/imported/7-1-field.png-6a237c8ee46657052093522bd65bc174.ctex[39m[0m
[  15% ] [90m[1msavepack[22m | Storing File: res://modules/atlas/assets/geography/7-1-field.png.import[39m[0m
[  15% ] [90m[1msavepack[22m | Storing File: res://.godot/imported/7-2-field.png-5cdc7c0d946b9bd1e59162bf737c651d.ctex[39m[0m
[  15% ] [90m[1msavepack[22m | Storing File: res://modules/atlas/assets/geography/7-2-field.png.import[39m[0m
[  15% ] [90m[1msavepack[22m | Storing File: res://.godot/imported/7-3-field.png-e46af701c39bc97383f94934fc52a256.ctex[39m[0m
[  15% ] [90m[1msavepack[22m | Storing File: res://modules/atlas/assets/geography/7-3-field.png.import[39m[0m
[  15% ] [90m[1msavepack[22m | Storing File: res://.godot/imported/7-4-field.png-8612fe62747a60f3eae57c4cfa82b794.ctex[39m[0m
[  15% ] [90m[1msavepack[22m | Storing File: res://modules/atlas/assets/geography/7-4-field.png.import[39m[0m
[  15% ] [90m[1msavepack[22m | Storing File: res://.godot/imported/7-5-field.png-7f90fcdd24548973f83e53b90474fade.ctex[39m[0m
[  15% ] [90m[1msavepack[22m | Storing File: res://modules/atlas/assets/geography/7-5-field.png.import[39m[0m
[  15% ] [90m[1msavepack[22m | Storing File: res://.godot/imported/africa-annotations.png-0b4d871a56264abaeedaa17fc9dc9b96.ctex[39m[0m
[  15% ] [90m[1msavepack[22m | Storing File: res://modules/atlas/assets/africa-annotations.png.import[39m[0m
[  16% ] [90m[1msavepack[22m | Storing File: res://.godot/imported/africa-labels.png-22f68cbc94b0dc1a124beaab3d00aa85.ctex[39m[0m
[  16% ] [90m[1msavepack[22m | Storing File: res://modules/atlas/assets/africa-labels.png.import[39m[0m
[  16% ] [90m[1msavepack[22m | Storing File: res://.godot/imported/africa.png-989c71c14cd49cabd50aaaee7266529a.ctex[39m[0m
[  16% ] [90m[1msavepack[22m | Storing File: res://modules/atlas/assets/africa.png.import[39m[0m
[  16% ] [90m[1msavepack[22m | Storing File: res://.godot/imported/asia-annotations.png-7b114b9f73e0316d79c703a354b631ac.ctex[39m[0m
[  16% ] [90m[1msavepack[22m | Storing File: res://modules/atlas/assets/asia-annotations.png.import[39m[0m
[  16% ] [90m[1msavepack[22m | Storing File: res://.godot/imported/asia-labels.png-245281fa477e12f83c9a232cca7dcdcb.ctex[39m[0m
[  16% ] [90m[1msavepack[22m | Storing File: res://modules/atlas/assets/asia-labels.png.import[39m[0m
[  16% ] [90m[1msavepack[22m | Storing File: res://.godot/imported/asia.png-59ccedfe06449d325db86b5cd46d252f.ctex[39m[0m
[  16% ] [90m[1msavepack[22m | Storing File: res://modules/atlas/assets/asia.png.import[39m[0m
[  16% ] [90m[1msavepack[22m | Storing File: res://.godot/imported/australia-annotations.png-d6434c5584901f9ebae237c1b9533dc7.ctex[39m[0m
[  16% ] [90m[1msavepack[22m | Storing File: res://modules/atlas/assets/australia-annotations.png.import[39m[0m
[  16% ] [90m[1msavepack[22m | Storing File: res://.godot/imported/australia-labels.png-f71212e1706fc2da50e3cd895aa78890.ctex[39m[0m
[  16% ] [90m[1msavepack[22m | Storing File: res://modules/atlas/assets/australia-labels.png.import[39m[0m
[  16% ] [90m[1msavepack[22m | Storing File: res://.godot/imported/australia.png-af4745a8064b96fc8f5b046dde601d50.ctex[39m[0m
[  16% ] [90m[1msavepack[22m | Storing File: res://modules/atlas/assets/australia.png.import[39m[0m
[  16% ] [90m[1msavepack[22m | Storing File: res://.godot/imported/canada-annotations.png-cf4f6c5f33f0e66f2f9121661dc9ece9.ctex[39m[0m
[  16% ] [90m[1msavepack[22m | Storing File: res://modules/atlas/assets/canada-annotations.png.import[39m[0m
[  17% ] [90m[1msavepack[22m | Storing File: res://.godot/imported/canada-labels.png-7ad856d554ac089e31716c7866c93365.ctex[39m[0m
[  17% ] [90m[1msavepack[22m | Storing File: res://modules/atlas/assets/canada-labels.png.import[39m[0m
[  17% ] [90m[1msavepack[22m | Storing File: res://.godot/imported/canada.png-de33ba9685045ae96c5e8511c3c727e1.ctex[39m[0m
[  17% ] [90m[1msavepack[22m | Storing File: res://modules/atlas/assets/canada.png.import[39m[0m
[  17% ] [90m[1msavepack[22m | Storing File: res://.godot/imported/caribbean-annotations.png-268fc033fed4994ceb8b7c740523604e.ctex[39m[0m
[  17% ] [90m[1msavepack[22m | Storing File: res://modules/atlas/assets/caribbean-annotations.png.import[39m[0m
[  17% ] [90m[1msavepack[22m | Storing File: res://.godot/imported/caribbean-labels.png-ea82ac11fc12b3a37370aca6b6f22da2.ctex[39m[0m
[  17% ] [90m[1msavepack[22m | Storing File: res://modules/atlas/assets/caribbean-labels.png.import[39m[0m
[  17% ] [90m[1msavepack[22m | Storing File: res://.godot/imported/caribbean.png-cc0a7016b3efd432783a832a01aed038.ctex[39m[0m
[  17% ] [90m[1msavepack[22m | Storing File: res://modules/atlas/assets/caribbean.png.import[39m[0m
[  17% ] [90m[1msavepack[22m | Storing File: res://.godot/imported/demo-marker-8.jpg-b7078dafe26e4ea629d6ef87ba8a678a.ctex[39m[0m
[  17% ] [90m[1msavepack[22m | Storing File: res://modules/atlas/assets/demo-marker-8.jpg.import[39m[0m
[  17% ] [90m[1msavepack[22m | Storing File: res://.godot/imported/demo-marker-14.jpg-8f8a58a88963a279503e9e402a67f2a8.ctex[39m[0m
[  17% ] [90m[1msavepack[22m | Storing File: res://modules/atlas/assets/demo-marker-14.jpg.import[39m[0m
[  17% ] [90m[1msavepack[22m | Storing File: res://.godot/imported/europe-annotations.png-889f8699503f16dd10035bf7f79816d6.ctex[39m[0m
[  17% ] [90m[1msavepack[22m | Storing File: res://modules/atlas/assets/europe-annotations.png.import[39m[0m
[  17% ] [90m[1msavepack[22m | Storing File: res://.godot/imported/europe-labels.png-86345a4be525a8f89f99501497648a0b.ctex[39m[0m
[  17% ] [90m[1msavepack[22m | Storing File: res://modules/atlas/assets/europe-labels.png.import[39m[0m
[  17% ] [90m[1msavepack[22m | Storing File: res://.godot/imported/europe.png-998f7331827bc95491e78ca1863b956f.ctex[39m[0m
[  17% ] [90m[1msavepack[22m | Storing File: res://modules/atlas/assets/europe.png.import[39m[0m
[  18% ] [90m[1msavepack[22m | Storing File: res://.godot/imported/middle-east-annotations.png-3c73a1d682df6ba24fd81b2a80e23873.ctex[39m[0m
[  18% ] [90m[1msavepack[22m | Storing File: res://modules/atlas/assets/middle-east-annotations.png.import[39m[0m
[  18% ] [90m[1msavepack[22m | Storing File: res://.godot/imported/middle-east-labels.png-3e012245adb0745d92681faf07bbe064.ctex[39m[0m
[  18% ] [90m[1msavepack[22m | Storing File: res://modules/atlas/assets/middle-east-labels.png.import[39m[0m
[  18% ] [90m[1msavepack[22m | Storing File: res://.godot/imported/middle-east.png-63ec8d80e49af5bb7a5a475b1ae6e3f5.ctex[39m[0m
[  18% ] [90m[1msavepack[22m | Storing File: res://modules/atlas/assets/middle-east.png.import[39m[0m
[  18% ] [90m[1msavepack[22m | Storing File: res://.godot/imported/russia-annotations.png-e5c9150966d0b864b6dc571d57f55e57.ctex[39m[0m
[  18% ] [90m[1msavepack[22m | Storing File: res://modules/atlas/assets/russia-annotations.png.import[39m[0m
[  18% ] [90m[1msavepack[22m | Storing File: res://.godot/imported/russia-labels.png-92c93ebb1b710c32b4539ee400b2b89e.ctex[39m[0m
[  18% ] [90m[1msavepack[22m | Storing File: res://modules/atlas/assets/russia-labels.png.import[39m[0m
[  18% ] [90m[1msavepack[22m | Storing File: res://.godot/imported/russia.png-d904c898c32b9ad98aaab93d7c330277.ctex[39m[0m
[  18% ] [90m[1msavepack[22m | Storing File: res://modules/atlas/assets/russia.png.import[39m[0m
[  18% ] [90m[1msavepack[22m | Storing File: res://.godot/imported/south-america-annotations.png-131ec2fa2feaba5abd75b6a36bc543df.ctex[39m[0m
[  18% ] [90m[1msavepack[22m | Storing File: res://modules/atlas/assets/south-america-annotations.png.import[39m[0m
[  18% ] [90m[1msavepack[22m | Storing File: res://.godot/imported/south-america-labels.png-01eeaef8de5270872383bd95c6ece102.ctex[39m[0m
[  18% ] [90m[1msavepack[22m | Storing File: res://modules/atlas/assets/south-america-labels.png.import[39m[0m
[  18% ] [90m[1msavepack[22m | Storing File: res://.godot/imported/south-america.png-149db2b1f493f05b4520a07591dd3c6e.ctex[39m[0m
[  18% ] [90m[1msavepack[22m | Storing File: res://modules/atlas/assets/south-america.png.import[39m[0m
[  19% ] [90m[1msavepack[22m | Storing File: res://.godot/imported/terrain.png-d21b10e61c1a8f6b0f9646742f9a88db.ctex[39m[0m
[  19% ] [90m[1msavepack[22m | Storing File: res://modules/atlas/assets/terrain.png.import[39m[0m
[  19% ] [90m[1msavepack[22m | Storing File: res://.godot/imported/usa-annotations.png-32beb9f20e3a728f6db7bc4edf76341b.ctex[39m[0m
[  19% ] [90m[1msavepack[22m | Storing File: res://modules/atlas/assets/usa-annotations.png.import[39m[0m
[  19% ] [90m[1msavepack[22m | Storing File: res://.godot/imported/usa-labels.png-347cc1b3aced3024a3f78c7c0354d3cb.ctex[39m[0m
[  19% ] [90m[1msavepack[22m | Storing File: res://modules/atlas/assets/usa-labels.png.import[39m[0m
[  19% ] [90m[1msavepack[22m | Storing File: res://.godot/imported/usa.png-39d8a7aed2cf2259b01e6340aef0326c.ctex[39m[0m
[  19% ] [90m[1msavepack[22m | Storing File: res://modules/atlas/assets/usa.png.import[39m[0m
[  19% ] [90m[1msavepack[22m | Storing File: res://.godot/imported/window-frame.png-028a6b782064f6ea1d30e52daa27551e.ctex[39m[0m
[  19% ] [90m[1msavepack[22m | Storing File: res://modules/atlas/assets/window-frame.png.import[39m[0m
[  19% ] [90m[1msavepack[22m | Storing File: res://.godot/imported/world-badges.png-211b84c92bcd7309eb0a69425555cb63.ctex[39m[0m
[  19% ] [90m[1msavepack[22m | Storing File: res://modules/atlas/assets/world-badges.png.import[39m[0m
[  19% ] [90m[1msavepack[22m | Storing File: res://.godot/imported/PixelMplus12-Regular.ttf-3838751642b657a6b87aee0579e88df6.fontdata[39m[0m
[  19% ] [90m[1msavepack[22m | Storing File: res://modules/atlas/fonts/PixelMplus12-Regular.ttf.import[39m[0m
[  19% ] [90m[1msavepack[22m | Storing File: res://modules/atlas/playtest/harness.gdc[39m[0m
[  19% ] [90m[1msavepack[22m | Storing File: res://modules/atlas/atlas.gdc[39m[0m
[  19% ] [90m[1msavepack[22m | Storing File: res://modules/atlas/atlas.json[39m[0m
[  20% ] [90m[1msavepack[22m | Storing File: res://modules/atlas/atlas_window.gdc[39m[0m
[  20% ] [90m[1msavepack[22m | Storing File: res://modules/atlas/close-cities.json[39m[0m
[  20% ] [90m[1msavepack[22m | Storing File: res://modules/atlas/errors.gdc[39m[0m
[  20% ] [90m[1msavepack[22m | Storing File: res://modules/atlas/geography.gdshader[39m[0m
[  20% ] [90m[1msavepack[22m | Storing File: res://modules/atlas/interface.gdc[39m[0m
[  20% ] [90m[1msavepack[22m | Storing File: res://modules/collection_data/playtest/completion_regression.gdc[39m[0m
[  20% ] [90m[1msavepack[22m | Storing File: res://modules/collection_data/playtest/harness.gdc[39m[0m
[  20% ] [90m[1msavepack[22m | Storing File: res://modules/collection_data/playtest/probe.gdc[39m[0m
[  20% ] [90m[1msavepack[22m | Storing File: res://.godot/exported/133200997/export-8499216367dfacb2f5cf6a02055b8bfe-probe.scn[39m[0m
[  21% ] [90m[1msavepack[22m | Storing File: res://modules/collection_data/data.gdc[39m[0m
[  21% ] [90m[1msavepack[22m | Storing File: res://modules/collection_data/errors.gdc[39m[0m
[  21% ] [90m[1msavepack[22m | Storing File: res://modules/collection_data/http_adapter.gdc[39m[0m
[  21% ] [90m[1msavepack[22m | Storing File: res://modules/collection_data/interface.gdc[39m[0m
[  21% ] [90m[1msavepack[22m | Storing File: res://modules/collection_data/storage_adapter.gdc[39m[0m
[  21% ] [90m[1msavepack[22m | Storing File: res://.godot/imported/title.png-35282aaba61c7215b976e7c60c5306df.ctex[39m[0m
[  21% ] [90m[1msavepack[22m | Storing File: res://modules/flowers_page/assets/title.png.import[39m[0m
[  21% ] [90m[1msavepack[22m | Storing File: res://modules/flowers_page/errors.gdc[39m[0m
[  21% ] [90m[1msavepack[22m | Storing File: res://modules/flowers_page/flowers_embed.gdc[39m[0m
[  21% ] [90m[1msavepack[22m | Storing File: res://modules/flowers_page/flowers_page.gdc[39m[0m
[  21% ] [90m[1msavepack[22m | Storing File: res://modules/flowers_page/interface.gdc[39m[0m
[  22% ] [90m[1msavepack[22m | Storing File: res://.godot/imported/LiberationSans-Regular.ttf-198d0af58827a85c38e02a0fc6de20a2.fontdata[39m[0m
[  22% ] [90m[1msavepack[22m | Storing File: res://modules/playground_page/assets/fonts/LiberationSans-Regular.ttf.import[39m[0m
[  22% ] [90m[1msavepack[22m | Storing File: res://.godot/imported/PixelMplus12-Regular.ttf-f2246afd13073ead9dc46ef315e6c308.fontdata[39m[0m
[  22% ] [90m[1msavepack[22m | Storing File: res://modules/playground_page/assets/fonts/PixelMplus12-Regular.ttf.import[39m[0m
[  22% ] [90m[1msavepack[22m | Storing File: res://.godot/imported/WenQuanYi-Hangul.ttf-1351a3ff5d958ac798c6ea3bb4a6a7a9.fontdata[39m[0m
[  22% ] [90m[1msavepack[22m | Storing File: res://modules/playground_page/assets/fonts/WenQuanYi-Hangul.ttf.import[39m[0m
[  22% ] [90m[1msavepack[22m | Storing File: res://.godot/imported/3d9f131a30f625218a2916da95044aaebd6b6e2855238e5382c0e7cab314df56.jpg-fbb8b553eb3cd77bea7ce24c5eb21620.ctex[39m[0m
[  22% ] [90m[1msavepack[22m | Storing File: res://modules/playground_page/assets/square/3d9f131a30f625218a2916da95044aaebd6b6e2855238e5382c0e7cab314df56.jpg.import[39m[0m
[  22% ] [90m[1msavepack[22m | Storing File: res://.godot/imported/4bd8ca167dac068b90d487ff88e661a49c0a99936597c4d80dd9d05dcbe095a1.jpg-9f334f636a63bc64303f133d224341fe.ctex[39m[0m
[  22% ] [90m[1msavepack[22m | Storing File: res://modules/playground_page/assets/square/4bd8ca167dac068b90d487ff88e661a49c0a99936597c4d80dd9d05dcbe095a1.jpg.import[39m[0m
[  22% ] [90m[1msavepack[22m | Storing File: res://.godot/imported/4cf81dbe259d011496c63773d202b71f9031c1a9e6b6f055eebd43fca2f5e8fb.jpg-8fcaace42f7faadba107ecdfab69d235.ctex[39m[0m
[  22% ] [90m[1msavepack[22m | Storing File: res://modules/playground_page/assets/square/4cf81dbe259d011496c63773d202b71f9031c1a9e6b6f055eebd43fca2f5e8fb.jpg.import[39m[0m
[  22% ] [90m[1msavepack[22m | Storing File: res://.godot/imported/5cbc1f879d1d1aaeb3c29f6df3d63af59547b4755dba993c6288bf6af4d62e8c.jpg-a95f7f9618586687c205b4947988e66a.ctex[39m[0m
[  22% ] [90m[1msavepack[22m | Storing File: res://modules/playground_page/assets/square/5cbc1f879d1d1aaeb3c29f6df3d63af59547b4755dba993c6288bf6af4d62e8c.jpg.import[39m[0m
[  22% ] [90m[1msavepack[22m | Storing File: res://.godot/imported/5efac9ed8dcff848e3406ea7b97472c92d2d863502a76b0af5f268768acaacea.jpg-12831c0d38738bc8462f7975f4e654b6.ctex[39m[0m
[  22% ] [90m[1msavepack[22m | Storing File: res://modules/playground_page/assets/square/5efac9ed8dcff848e3406ea7b97472c92d2d863502a76b0af5f268768acaacea.jpg.import[39m[0m
[  22% ] [90m[1msavepack[22m | Storing File: res://.godot/imported/6b71815d35e53282fefd515bde647b3e56277515c1c5e67d2f5b179de6761e0f.jpg-095b847ce492aa717c25d03e43949cd7.ctex[39m[0m
[  22% ] [90m[1msavepack[22m | Storing File: res://modules/playground_page/assets/square/6b71815d35e53282fefd515bde647b3e56277515c1c5e67d2f5b179de6761e0f.jpg.import[39m[0m
[  22% ] [90m[1msavepack[22m | Storing File: res://.godot/imported/8ea22adc261ccf80ee6c27c74b9f7324509f79b41adca8594de0d31739ec7ee8.jpg-635b37d17aeb56e6f7231ac35ed70c1b.ctex[39m[0m
[  22% ] [90m[1msavepack[22m | Storing File: res://modules/playground_page/assets/square/8ea22adc261ccf80ee6c27c74b9f7324509f79b41adca8594de0d31739ec7ee8.jpg.import[39m[0m
[  23% ] [90m[1msavepack[22m | Storing File: res://.godot/imported/18d3d71d4df68ed67f69bcc16e9fcd477ee43089a5fe4811ae1a1669cc73e2cb.jpg-a8ff76ae8e448651791c9daa51ad694b.ctex[39m[0m
[  23% ] [90m[1msavepack[22m | Storing File: res://modules/playground_page/assets/square/18d3d71d4df68ed67f69bcc16e9fcd477ee43089a5fe4811ae1a1669cc73e2cb.jpg.import[39m[0m
[  23% ] [90m[1msavepack[22m | Storing File: res://.godot/imported/24d1df97ce2d46431fef361b8c64be5931f752c3a553f43f2554fdcc25eb39ca.jpg-ae9e4993006d61d6a1f0532a1be1eff6.ctex[39m[0m
[  23% ] [90m[1msavepack[22m | Storing File: res://modules/playground_page/assets/square/24d1df97ce2d46431fef361b8c64be5931f752c3a553f43f2554fdcc25eb39ca.jpg.import[39m[0m
[  23% ] [90m[1msavepack[22m | Storing File: res://.godot/imported/031b205006f5a0190e4472fcf6b8a5738ea79d4fb28150b37f4c60a126be680e.jpg-43aa5431ffc396f943a31e3a51e27e8f.ctex[39m[0m
[  23% ] [90m[1msavepack[22m | Storing File: res://modules/playground_page/assets/square/031b205006f5a0190e4472fcf6b8a5738ea79d4fb28150b37f4c60a126be680e.jpg.import[39m[0m
[  23% ] [90m[1msavepack[22m | Storing File: res://.godot/imported/50cab9dffb58bf40a1509b7188faf64255ec2e63adc96f0f644e3e4446f242fd.jpg-c4be9ca01e58342b4a761223a3945f0d.ctex[39m[0m
[  23% ] [90m[1msavepack[22m | Storing File: res://modules/playground_page/assets/square/50cab9dffb58bf40a1509b7188faf64255ec2e63adc96f0f644e3e4446f242fd.jpg.import[39m[0m
[  23% ] [90m[1msavepack[22m | Storing File: res://.godot/imported/822cd46ceab55723737147c7defdcd27442a7ed98be5ecc07307e2876d047fb4.jpg-640d4c54e8d38d0423dea44e04bb1aa6.ctex[39m[0m
[  23% ] [90m[1msavepack[22m | Storing File: res://modules/playground_page/assets/square/822cd46ceab55723737147c7defdcd27442a7ed98be5ecc07307e2876d047fb4.jpg.import[39m[0m
[  23% ] [90m[1msavepack[22m | Storing File: res://.godot/imported/790312c2a73943efbe8dbbb68d6f7dcd6ce841ad6a09499bc29282c5f4264d0c.jpg-6843dc75c9487b9636154c0197bede29.ctex[39m[0m
[  23% ] [90m[1msavepack[22m | Storing File: res://modules/playground_page/assets/square/790312c2a73943efbe8dbbb68d6f7dcd6ce841ad6a09499bc29282c5f4264d0c.jpg.import[39m[0m
[  23% ] [90m[1msavepack[22m | Storing File: res://.godot/imported/1482094.jpg-f28fbff61c8f613e3410aaa54dc6c44f.ctex[39m[0m
[  23% ] [90m[1msavepack[22m | Storing File: res://modules/playground_page/assets/square/1482094.jpg.import[39m[0m
[  23% ] [90m[1msavepack[22m | Storing File: res://.godot/imported/6651120af8f52875e77e78c49ca914ca05ef84762ae9d6017c19f47d1367215c.jpg-c9ee03627d2afa0e28590ac1a3e067dc.ctex[39m[0m
[  23% ] [90m[1msavepack[22m | Storing File: res://modules/playground_page/assets/square/6651120af8f52875e77e78c49ca914ca05ef84762ae9d6017c19f47d1367215c.jpg.import[39m[0m
[  23% ] [90m[1msavepack[22m | Storing File: res://.godot/imported/7740876.jpg-c1196f2ceefd77acf4c14c1652cecf1a.ctex[39m[0m
[  23% ] [90m[1msavepack[22m | Storing File: res://modules/playground_page/assets/square/7740876.jpg.import[39m[0m
[  24% ] [90m[1msavepack[22m | Storing File: res://.godot/imported/15578699.jpg-367204059ede5ebe7f146577e7f82df3.ctex[39m[0m
[  24% ] [90m[1msavepack[22m | Storing File: res://modules/playground_page/assets/square/15578699.jpg.import[39m[0m
[  24% ] [90m[1msavepack[22m | Storing File: res://.godot/imported/19876412.jpg-67ce32ee9914b108faed75bb1d5765c3.ctex[39m[0m
[  24% ] [90m[1msavepack[22m | Storing File: res://modules/playground_page/assets/square/19876412.jpg.import[39m[0m
[  24% ] [90m[1msavepack[22m | Storing File: res://.godot/imported/22279292.jpg-7274bf591b5c9a48d9117bb99e18961d.ctex[39m[0m
[  24% ] [90m[1msavepack[22m | Storing File: res://modules/playground_page/assets/square/22279292.jpg.import[39m[0m
[  24% ] [90m[1msavepack[22m | Storing File: res://.godot/imported/27905250.jpg-b65118414233e95417be940f69621c77.ctex[39m[0m
[  24% ] [90m[1msavepack[22m | Storing File: res://modules/playground_page/assets/square/27905250.jpg.import[39m[0m
[  24% ] [90m[1msavepack[22m | Storing File: res://.godot/imported/31148360.jpg-cecf46e46c8da767bf974b509c2c99a8.ctex[39m[0m
[  24% ] [90m[1msavepack[22m | Storing File: res://modules/playground_page/assets/square/31148360.jpg.import[39m[0m
[  24% ] [90m[1msavepack[22m | Storing File: res://.godot/imported/50672783.jpg-3e79d3aa9f55f13bd13f3f378f8cab41.ctex[39m[0m
[  24% ] [90m[1msavepack[22m | Storing File: res://modules/playground_page/assets/square/50672783.jpg.import[39m[0m
[  24% ] [90m[1msavepack[22m | Storing File: res://.godot/imported/50674477.jpg-91f5052f5399ba41dbd19ed7f3ce7a50.ctex[39m[0m
[  24% ] [90m[1msavepack[22m | Storing File: res://modules/playground_page/assets/square/50674477.jpg.import[39m[0m
[  24% ] [90m[1msavepack[22m | Storing File: res://.godot/imported/50674559.jpg-914d13b24e15a56e550f0555f1e09755.ctex[39m[0m
[  24% ] [90m[1msavepack[22m | Storing File: res://modules/playground_page/assets/square/50674559.jpg.import[39m[0m
[  24% ] [90m[1msavepack[22m | Storing File: res://.godot/imported/50674566.jpg-7215554af9363325548186886d626540.ctex[39m[0m
[  24% ] [90m[1msavepack[22m | Storing File: res://modules/playground_page/assets/square/50674566.jpg.import[39m[0m
[  24% ] [90m[1msavepack[22m | Storing File: res://.godot/imported/50674575.jpg-c4797d08b0d62c7d71d63ce1f3defb57.ctex[39m[0m
[  24% ] [90m[1msavepack[22m | Storing File: res://modules/playground_page/assets/square/50674575.jpg.import[39m[0m
[  25% ] [90m[1msavepack[22m | Storing File: res://.godot/imported/a0f1b6a4339c276b3d2884d8881d8f71ae9a0cd7e7b8f5bce2b1e5c6a2540265.jpg-7c6bf7cb765528a187c63cbd863d9297.ctex[39m[0m
[  25% ] [90m[1msavepack[22m | Storing File: res://modules/playground_page/assets/square/a0f1b6a4339c276b3d2884d8881d8f71ae9a0cd7e7b8f5bce2b1e5c6a2540265.jpg.import[39m[0m
[  25% ] [90m[1msavepack[22m | Storing File: res://.godot/imported/ac49959b6009654c6b1787b725a75613e0ce2fcaacf4740215609c2a5d186513.jpg-79f9200f721617ae2940f41a2e34dc3d.ctex[39m[0m
[  25% ] [90m[1msavepack[22m | Storing File: res://modules/playground_page/assets/square/ac49959b6009654c6b1787b725a75613e0ce2fcaacf4740215609c2a5d186513.jpg.import[39m[0m
[  25% ] [90m[1msavepack[22m | Storing File: res://.godot/imported/c6c7910711892384a9f5d8f46fa9b602df7a92e9be7990014ecda7af0e89fb67.jpg-4147ebd38cc5cf69e29f91003c28924c.ctex[39m[0m
[  25% ] [90m[1msavepack[22m | Storing File: res://modules/playground_page/assets/square/c6c7910711892384a9f5d8f46fa9b602df7a92e9be7990014ecda7af0e89fb67.jpg.import[39m[0m
[  25% ] [90m[1msavepack[22m | Storing File: res://modules/playground_page/assets/square/catalog.json[39m[0m
[  25% ] [90m[1msavepack[22m | Storing File: res://.godot/imported/cc0cd6ddd93b488486121781f6a26b3b60cc871cdb010c775a806b3db401d0d1.jpg-773c09faefe4690c44bf9c7b5db5ed40.ctex[39m[0m
[  25% ] [90m[1msavepack[22m | Storing File: res://modules/playground_page/assets/square/cc0cd6ddd93b488486121781f6a26b3b60cc871cdb010c775a806b3db401d0d1.jpg.import[39m[0m
[  25% ] [90m[1msavepack[22m | Storing File: res://.godot/imported/ce5c2f8a0e385b7e0b27ebc846501aace2878965e735a655ee86d1f9dde2ec8a.jpg-c98c1eefc9e92dc0dd434359e77310ce.ctex[39m[0m
[  25% ] [90m[1msavepack[22m | Storing File: res://modules/playground_page/assets/square/ce5c2f8a0e385b7e0b27ebc846501aace2878965e735a655ee86d1f9dde2ec8a.jpg.import[39m[0m
[  25% ] [90m[1msavepack[22m | Storing File: res://.godot/imported/d9f1f7bc2846d94a025f6e6657419bc575528a1715dd94a97e091a18254e5af2.jpg-557a70ad83743d69443c7301700b42a5.ctex[39m[0m
[  25% ] [90m[1msavepack[22m | Storing File: res://modules/playground_page/assets/square/d9f1f7bc2846d94a025f6e6657419bc575528a1715dd94a97e091a18254e5af2.jpg.import[39m[0m
[  25% ] [90m[1msavepack[22m | Storing File: res://.godot/imported/d76d010ba6ca651f5a1e310c7e1ffab9071c1de7d88a0c37102c4a3e081a3324.jpg-cc0cbab5fb15eb88f6dddc4104d38645.ctex[39m[0m
[  25% ] [90m[1msavepack[22m | Storing File: res://modules/playground_page/assets/square/d76d010ba6ca651f5a1e310c7e1ffab9071c1de7d88a0c37102c4a3e081a3324.jpg.import[39m[0m
[  25% ] [90m[1msavepack[22m | Storing File: res://.godot/imported/f89dbc7091c2ec722d6ceac3037d27e90827c7849a62789aafdcd913fc5ae2ce.jpg-983922ff65a9b6c80b02a779b1b2dfff.ctex[39m[0m
[  25% ] [90m[1msavepack[22m | Storing File: res://modules/playground_page/assets/square/f89dbc7091c2ec722d6ceac3037d27e90827c7849a62789aafdcd913fc5ae2ce.jpg.import[39m[0m
[  26% ] [90m[1msavepack[22m | Storing File: res://.godot/imported/f9573b011318f634958183f6f68b7c86a8850624d42d1b2366bea79a983f0ee3.jpg-d2d3d1ea224b7e9a373a03bd3f060989.ctex[39m[0m
[  26% ] [90m[1msavepack[22m | Storing File: res://modules/playground_page/assets/square/f9573b011318f634958183f6f68b7c86a8850624d42d1b2366bea79a983f0ee3.jpg.import[39m[0m
[  26% ] [90m[1msavepack[22m | Storing File: res://.godot/imported/f14316795c64a158c56d8f25be455d7ba2a816b3ebd4fe2c26f4d74e31c82097.jpg-7d0a6d80ce94efd36edb294118de85bd.ctex[39m[0m
[  26% ] [90m[1msavepack[22m | Storing File: res://modules/playground_page/assets/square/f14316795c64a158c56d8f25be455d7ba2a816b3ebd4fe2c26f4d74e31c82097.jpg.import[39m[0m
[  26% ] [90m[1msavepack[22m | Storing File: res://.godot/imported/fc5f62367ffdf01e52b6dc3662f5c763c1c13ca3d1f841bfba8ef909f070edf0.jpg-140c9a405ed23963059f1aa737a479ae.ctex[39m[0m
[  26% ] [90m[1msavepack[22m | Storing File: res://modules/playground_page/assets/square/fc5f62367ffdf01e52b6dc3662f5c763c1c13ca3d1f841bfba8ef909f070edf0.jpg.import[39m[0m
[  26% ] [90m[1msavepack[22m | Storing File: res://modules/playground_page/assets/square/provenance.json[39m[0m
[  26% ] [90m[1msavepack[22m | Storing File: res://.godot/imported/chat.png-8c515aeee31ad39264b526ad89174b7a.ctex[39m[0m
[  26% ] [90m[1msavepack[22m | Storing File: res://modules/playground_page/assets/chat.png.import[39m[0m
[  26% ] [90m[1msavepack[22m | Storing File: res://.godot/imported/fengshui.png-44aa34b8df1bb11c44857a185036cc1e.ctex[39m[0m
[  26% ] [90m[1msavepack[22m | Storing File: res://modules/playground_page/assets/fengshui.png.import[39m[0m
[  26% ] [90m[1msavepack[22m | Storing File: res://.godot/imported/filters.png-f44acc9249fe86e31092a603be95ce10.ctex[39m[0m
[  26% ] [90m[1msavepack[22m | Storing File: res://modules/playground_page/assets/filters.png.import[39m[0m
[  26% ] [90m[1msavepack[22m | Storing File: res://.godot/imported/options.png-b06301bb0ac4469d20f89028d4a31df1.ctex[39m[0m
[  26% ] [90m[1msavepack[22m | Storing File: res://modules/playground_page/assets/options.png.import[39m[0m
[  26% ] [90m[1msavepack[22m | Storing File: res://.godot/imported/phone.png-0ad0714726f9159cf325962dce4ed8d3.ctex[39m[0m
[  26% ] [90m[1msavepack[22m | Storing File: res://modules/playground_page/assets/phone.png.import[39m[0m
[  26% ] [90m[1msavepack[22m | Storing File: res://.godot/imported/postpet.png-75ee940da36d5022ed7b6b6e524ef8a9.ctex[39m[0m
[  26% ] [90m[1msavepack[22m | Storing File: res://modules/playground_page/assets/postpet.png.import[39m[0m
[  27% ] [90m[1msavepack[22m | Storing File: res://.godot/imported/sketchbook-journal.png-b84ee459de46b0df497e675cf92097bf.ctex[39m[0m
[  27% ] [90m[1msavepack[22m | Storing File: res://modules/playground_page/assets/sketchbook-journal.png.import[39m[0m
[  27% ] [90m[1msavepack[22m | Storing File: res://.godot/imported/trade.png-1920b641f5ccc0502c47afd38fbd158d.ctex[39m[0m
[  27% ] [90m[1msavepack[22m | Storing File: res://modules/playground_page/assets/trade.png.import[39m[0m
[  27% ] [90m[1msavepack[22m | Storing File: res://.godot/imported/websurfer-window.webp-0c26d1a6f9b2851992af12ae75949b3d.ctex[39m[0m
[  27% ] [90m[1msavepack[22m | Storing File: res://modules/playground_page/assets/websurfer-window.webp.import[39m[0m
[  27% ] [90m[1msavepack[22m | Storing File: res://modules/playground_page/playtest/harness.gdc[39m[0m
[  27% ] [90m[1msavepack[22m | Storing File: res://modules/playground_page/playtest/square_harness.gdc[39m[0m
[  27% ] [90m[1msavepack[22m | Storing File: res://modules/playground_page/arena_embed.gdc[39m[0m
[  27% ] [90m[1msavepack[22m | Storing File: res://modules/playground_page/embedded_check.gdc[39m[0m
[  27% ] [90m[1msavepack[22m | Storing File: res://modules/playground_page/errors.gdc[39m[0m
[  27% ] [90m[1msavepack[22m | Storing File: res://modules/playground_page/interface.gdc[39m[0m
[  28% ] [90m[1msavepack[22m | Storing File: res://modules/playground_page/journal_paper_turn.gdc[39m[0m
[  28% ] [90m[1msavepack[22m | Storing File: res://modules/playground_page/journal_window.gdc[39m[0m
[  28% ] [90m[1msavepack[22m | Storing File: res://modules/playground_page/playground_page.gdc[39m[0m
[  28% ] [90m[1msavepack[22m | Storing File: res://modules/playground_page/remove-pink.gdshader[39m[0m
[  28% ] [90m[1msavepack[22m | Storing File: res://modules/playground_page/square_pages.gdc[39m[0m
[  28% ] [90m[1msavepack[22m | Storing File: res://modules/playground_page/websurfer_window.gdc[39m[0m
[  28% ] [90m[1msavepack[22m | Storing File: res://.godot/imported/sidebar.png-496ef5f0ae13bd5864c604399cdb908c.ctex[39m[0m
[  28% ] [90m[1msavepack[22m | Storing File: res://modules/sculpture_viewer/assets/catalogue/sidebar.png.import[39m[0m
[  28% ] [90m[1msavepack[22m | Storing File: res://.godot/imported/background.png-cacbf554b371f8568a8b3c59db178b69.ctex[39m[0m
[  28% ] [90m[1msavepack[22m | Storing File: res://modules/sculpture_viewer/assets/clean-ui/background.png.import[39m[0m
[  28% ] [90m[1msavepack[22m | Storing File: res://.godot/imported/timer-source.png-c6fec9ebe465873afd3bdc6fb3745d0c.ctex[39m[0m
[  28% ] [90m[1msavepack[22m | Storing File: res://modules/sculpture_viewer/assets/clean-ui/timer-source.png.import[39m[0m
[  28% ] [90m[1msavepack[22m | Storing File: res://.godot/imported/audio.png-f161c45ee15f7bbf93cd5e62525d192d.ctex[39m[0m
[  28% ] [90m[1msavepack[22m | Storing File: res://modules/sculpture_viewer/assets/control-motion/audio.png.import[39m[0m
[  29% ] [90m[1msavepack[22m | Storing File: res://modules/sculpture_viewer/assets/control-motion/extraction.json[39m[0m
[  29% ] [90m[1msavepack[22m | Storing File: res://.godot/imported/menu.png-2c1abd9e12d42202106f8b29b4093b75.ctex[39m[0m
[  29% ] [90m[1msavepack[22m | Storing File: res://modules/sculpture_viewer/assets/control-motion/menu.png.import[39m[0m
[  29% ] [90m[1msavepack[22m | Storing File: res://.godot/imported/next.png-5f35853823303a9c87688fc5c3c01fa4.ctex[39m[0m
[  29% ] [90m[1msavepack[22m | Storing File: res://modules/sculpture_viewer/assets/control-motion/next.png.import[39m[0m
[  29% ] [90m[1msavepack[22m | Storing File: res://.godot/imported/play-pause.png-6b49ddb896ee7919b927ff89261177b0.ctex[39m[0m
[  29% ] [90m[1msavepack[22m | Storing File: res://modules/sculpture_viewer/assets/control-motion/play-pause.png.import[39m[0m
[  29% ] [90m[1msavepack[22m | Storing File: res://.godot/imported/previous.png-40131a5ef8e049435e29589868f27b9c.ctex[39m[0m
[  29% ] [90m[1msavepack[22m | Storing File: res://modules/sculpture_viewer/assets/control-motion/previous.png.import[39m[0m
[  29% ] [90m[1msavepack[22m | Storing File: res://.godot/imported/scrubber.png-3f4e74c6f8175255479b5d3aa1ef7c03.ctex[39m[0m
[  29% ] [90m[1msavepack[22m | Storing File: res://modules/sculpture_viewer/assets/control-motion/scrubber.png.import[39m[0m
[  29% ] [90m[1msavepack[22m | Storing File: res://.godot/imported/track-empty.png-79951b628c673e63bd0a804ec3a99b8d.ctex[39m[0m
[  29% ] [90m[1msavepack[22m | Storing File: res://modules/sculpture_viewer/assets/control-motion/track-empty.png.import[39m[0m
[  29% ] [90m[1msavepack[22m | Storing File: res://.godot/imported/track-fill.png-bc3d48acb3fbf288a78a265ff2aa944f.ctex[39m[0m
[  29% ] [90m[1msavepack[22m | Storing File: res://modules/sculpture_viewer/assets/control-motion/track-fill.png.import[39m[0m
[  29% ] [90m[1msavepack[22m | Storing File: res://.godot/imported/3124123123.jpg-909b91463aaf8bce92397db8c50b9d9f.ctex[39m[0m
[  29% ] [90m[1msavepack[22m | Storing File: res://modules/sculpture_viewer/assets/models/3124123123.jpg.import[39m[0m
[  30% ] [90m[1msavepack[22m | Storing File: res://.godot/imported/proton-buddha-3124123123.glb-977de87d3ef8ac77925f0bb3a474dd92.scn[39m[0m
[  30% ] [90m[1msavepack[22m | Storing File: res://modules/sculpture_viewer/assets/models/proton-buddha-3124123123.glb.import[39m[0m
[  30% ] [90m[1msavepack[22m | Storing File: res://.godot/imported/proton-scan-20260811121459.glb-3a3285904fd6535b7bf8f22ede01e4f1.scn[39m[0m
[  30% ] [90m[1msavepack[22m | Storing File: res://modules/sculpture_viewer/assets/models/proton-scan-20260811121459.glb.import[39m[0m
[  30% ] [90m[1msavepack[22m | Storing File: res://.godot/imported/proton-scan-20260811121459_20260811121459.jpg-7eec8b12fe687e36fab6e61281f0d729.ctex[39m[0m
[  30% ] [90m[1msavepack[22m | Storing File: res://modules/sculpture_viewer/assets/models/proton-scan-20260811121459_20260811121459.jpg.import[39m[0m
[  30% ] [90m[1msavepack[22m | Storing File: res://.godot/imported/proton-scan-20260811122415.glb-c418329a401c52f98620222234511f76.scn[39m[0m
[  30% ] [90m[1msavepack[22m | Storing File: res://modules/sculpture_viewer/assets/models/proton-scan-20260811122415.glb.import[39m[0m
[  30% ] [90m[1msavepack[22m | Storing File: res://.godot/imported/proton-scan-20260811122415_20260811122415.jpg-48d06347aba8ea22041e61c355de0d54.ctex[39m[0m
[  30% ] [90m[1msavepack[22m | Storing File: res://modules/sculpture_viewer/assets/models/proton-scan-20260811122415_20260811122415.jpg.import[39m[0m
[  30% ] [90m[1msavepack[22m | Storing File: res://.godot/imported/proton-scan-20260811123051.glb-b08f56f8453f7c948c4ed06b5bd5da8d.scn[39m[0m
[  30% ] [90m[1msavepack[22m | Storing File: res://modules/sculpture_viewer/assets/models/proton-scan-20260811123051.glb.import[39m[0m
[  30% ] [90m[1msavepack[22m | Storing File: res://.godot/imported/proton-scan-20260811123051_20260811123051.jpg-4fd4a516a6b7d934877e456b0a6e33d9.ctex[39m[0m
[  30% ] [90m[1msavepack[22m | Storing File: res://modules/sculpture_viewer/assets/models/proton-scan-20260811123051_20260811123051.jpg.import[39m[0m
[  30% ] [90m[1msavepack[22m | Storing File: res://.godot/imported/proton-scan-20260820133334.glb-93b74a90674ae3450344c8a5f589c165.scn[39m[0m
[  30% ] [90m[1msavepack[22m | Storing File: res://modules/sculpture_viewer/assets/models/proton-scan-20260820133334.glb.import[39m[0m
[  30% ] [90m[1msavepack[22m | Storing File: res://.godot/imported/proton-scan-20260820133334_20260820133334.jpg-8b653382681c4c6f3da3de3257c918cd.ctex[39m[0m
[  30% ] [90m[1msavepack[22m | Storing File: res://modules/sculpture_viewer/assets/models/proton-scan-20260820133334_20260820133334.jpg.import[39m[0m
[  30% ] [90m[1msavepack[22m | Storing File: res://.godot/imported/20260811121459-front.png-08ebc877d47280e8b0510c3cc201a1eb.ctex[39m[0m
[  30% ] [90m[1msavepack[22m | Storing File: res://modules/sculpture_viewer/assets/scans/20260811121459-front.png.import[39m[0m
[  31% ] [90m[1msavepack[22m | Storing File: res://.godot/imported/20260811122415-front.png-f11ed201cd4b3bd3dd23b69a88ffa8a1.ctex[39m[0m
[  31% ] [90m[1msavepack[22m | Storing File: res://modules/sculpture_viewer/assets/scans/20260811122415-front.png.import[39m[0m
[  31% ] [90m[1msavepack[22m | Storing File: res://.godot/imported/20260811123051-front.png-5dc62ee1e04faf92740d0ffbef9fa17c.ctex[39m[0m
[  31% ] [90m[1msavepack[22m | Storing File: res://modules/sculpture_viewer/assets/scans/20260811123051-front.png.import[39m[0m
[  31% ] [90m[1msavepack[22m | Storing File: res://.godot/imported/20260820133334-front.png-9c8e55816c4c7b7a858e804111646b09.ctex[39m[0m
[  31% ] [90m[1msavepack[22m | Storing File: res://modules/sculpture_viewer/assets/scans/20260820133334-front.png.import[39m[0m
[  31% ] [90m[1msavepack[22m | Storing File: res://.godot/imported/01-staff.png-06f6ed04426bb89661ab9e8d14ffe455.ctex[39m[0m
[  31% ] [90m[1msavepack[22m | Storing File: res://modules/sculpture_viewer/assets/setup/turn/01-staff.png.import[39m[0m
[  31% ] [90m[1msavepack[22m | Storing File: res://.godot/imported/02-green-sculpture.png-afd3df3245031e9b2cfaf6f845a027df.ctex[39m[0m
[  31% ] [90m[1msavepack[22m | Storing File: res://modules/sculpture_viewer/assets/setup/turn/02-green-sculpture.png.import[39m[0m
[  31% ] [90m[1msavepack[22m | Storing File: res://.godot/imported/03-horse-rider.png-4fb31a81807d077327025f4ec13feb9b.ctex[39m[0m
[  31% ] [90m[1msavepack[22m | Storing File: res://modules/sculpture_viewer/assets/setup/turn/03-horse-rider.png.import[39m[0m
[  31% ] [90m[1msavepack[22m | Storing File: res://.godot/imported/04-gold-couch.png-a3bda016992c8d4573e5234fc864c4be.ctex[39m[0m
[  31% ] [90m[1msavepack[22m | Storing File: res://modules/sculpture_viewer/assets/setup/turn/04-gold-couch.png.import[39m[0m
[  31% ] [90m[1msavepack[22m | Storing File: res://.godot/imported/05-bust.png-99ea0f7f3753e7d8850d0433b77e5a87.ctex[39m[0m
[  31% ] [90m[1msavepack[22m | Storing File: res://modules/sculpture_viewer/assets/setup/turn/05-bust.png.import[39m[0m
[  31% ] [90m[1msavepack[22m | Storing File: res://.godot/imported/06-bowl.png-1f9213575a632cf5a5740f96e2c70011.ctex[39m[0m
[  31% ] [90m[1msavepack[22m | Storing File: res://modules/sculpture_viewer/assets/setup/turn/06-bowl.png.import[39m[0m
[  31% ] [90m[1msavepack[22m | Storing File: res://.godot/imported/07-bull.png-6bfa4aa51f894403f6a5af79d2f933b2.ctex[39m[0m
[  31% ] [90m[1msavepack[22m | Storing File: res://modules/sculpture_viewer/assets/setup/turn/07-bull.png.import[39m[0m
[  32% ] [90m[1msavepack[22m | Storing File: res://.godot/imported/08-dog.png-236ea3763e5edd47626e631ac28c5f66.ctex[39m[0m
[  32% ] [90m[1msavepack[22m | Storing File: res://modules/sculpture_viewer/assets/setup/turn/08-dog.png.import[39m[0m
[  32% ] [90m[1msavepack[22m | Storing File: res://.godot/imported/1264886.png-17496a0ad677bfb188402be86e7b432e.ctex[39m[0m
[  32% ] [90m[1msavepack[22m | Storing File: res://modules/sculpture_viewer/assets/setup/turn/1264886.png.import[39m[0m
[  32% ] [90m[1msavepack[22m | Storing File: res://.godot/imported/1344456.png-6557a7dad7144f2a8262599b1efa1bd3.ctex[39m[0m
[  32% ] [90m[1msavepack[22m | Storing File: res://modules/sculpture_viewer/assets/setup/turn/1344456.png.import[39m[0m
[  32% ] [90m[1msavepack[22m | Storing File: res://.godot/imported/1487831.png-d3f70b58b14400761ad4e72001d9cba1.ctex[39m[0m
[  32% ] [90m[1msavepack[22m | Storing File: res://modules/sculpture_viewer/assets/setup/turn/1487831.png.import[39m[0m
[  32% ] [90m[1msavepack[22m | Storing File: res://.godot/imported/1532371.png-e386fb9ac43663cfa6e94b688a04f465.ctex[39m[0m
[  32% ] [90m[1msavepack[22m | Storing File: res://modules/sculpture_viewer/assets/setup/turn/1532371.png.import[39m[0m
[  32% ] [90m[1msavepack[22m | Storing File: res://.godot/imported/1548171.png-35980ea8de25561e6a100e8cfae6d221.ctex[39m[0m
[  32% ] [90m[1msavepack[22m | Storing File: res://modules/sculpture_viewer/assets/setup/turn/1548171.png.import[39m[0m
[  32% ] [90m[1msavepack[22m | Storing File: res://.godot/imported/1552311.png-7b9fe335f44857b6f7e7c9146c07f826.ctex[39m[0m
[  32% ] [90m[1msavepack[22m | Storing File: res://modules/sculpture_viewer/assets/setup/turn/1552311.png.import[39m[0m
[  32% ] [90m[1msavepack[22m | Storing File: res://.godot/imported/1554066.png-3f64cfc1a0e61827727eb2f28ef687a8.ctex[39m[0m
[  32% ] [90m[1msavepack[22m | Storing File: res://modules/sculpture_viewer/assets/setup/turn/1554066.png.import[39m[0m
[  32% ] [90m[1msavepack[22m | Storing File: res://.godot/imported/1557236.png-dc44dd48449c0fe95bf1306808eb491d.ctex[39m[0m
[  32% ] [90m[1msavepack[22m | Storing File: res://modules/sculpture_viewer/assets/setup/turn/1557236.png.import[39m[0m
[  33% ] [90m[1msavepack[22m | Storing File: res://.godot/imported/1573591.png-8d5f8d11268882806352ab6bedb46db2.ctex[39m[0m
[  33% ] [90m[1msavepack[22m | Storing File: res://modules/sculpture_viewer/assets/setup/turn/1573591.png.import[39m[0m
[  33% ] [90m[1msavepack[22m | Storing File: res://.godot/imported/1581601.png-7aeb844adb811b7bbd7aa9f103c46357.ctex[39m[0m
[  33% ] [90m[1msavepack[22m | Storing File: res://modules/sculpture_viewer/assets/setup/turn/1581601.png.import[39m[0m
[  33% ] [90m[1msavepack[22m | Storing File: res://.godot/imported/panel-2x.png-f3ef1c42e7bee4213099dd71a86c1657.ctex[39m[0m
[  33% ] [90m[1msavepack[22m | Storing File: res://modules/sculpture_viewer/assets/setup/panel-2x.png.import[39m[0m
[  33% ] [90m[1msavepack[22m | Storing File: res://modules/sculpture_viewer/playtest/close_zoom.gdc[39m[0m
[  33% ] [90m[1msavepack[22m | Storing File: res://modules/sculpture_viewer/playtest/harness.gdc[39m[0m
[  33% ] [90m[1msavepack[22m | Storing File: res://modules/sculpture_viewer/playtest/hover_turn.gdc[39m[0m
[  33% ] [90m[1msavepack[22m | Storing File: res://modules/sculpture_viewer/playtest/record_selection.gdc[39m[0m
[  33% ] [90m[1msavepack[22m | Storing File: res://modules/sculpture_viewer/playtest/window_resize_check.gdc[39m[0m
[  33% ] [90m[1msavepack[22m | Storing File: res://modules/sculpture_viewer/shaders/control_face.gdshader[39m[0m
[  33% ] [90m[1msavepack[22m | Storing File: res://modules/sculpture_viewer/shaders/player_base.gdshader[39m[0m
[  33% ] [90m[1msavepack[22m | Storing File: res://modules/sculpture_viewer/catalogue.gdc[39m[0m
[  33% ] [90m[1msavepack[22m | Storing File: res://modules/sculpture_viewer/desktop.gdc[39m[0m
[  33% ] [90m[1msavepack[22m | Storing File: res://modules/sculpture_viewer/errors.gdc[39m[0m
[  33% ] [90m[1msavepack[22m | Storing File: res://modules/sculpture_viewer/interface.gdc[39m[0m
[  33% ] [90m[1msavepack[22m | Storing File: res://modules/sculpture_viewer/turn_cell.gdc[39m[0m
[  33% ] [90m[1msavepack[22m | Storing File: res://modules/sculpture_viewer/viewer.gdc[39m[0m
[  33% ] [90m[1msavepack[22m | Storing File: res://.godot/imported/page.png-a50cf96e8330342d4fa7faf3b522ffbc.ctex[39m[0m
[  33% ] [90m[1msavepack[22m | Storing File: res://modules/shell/assets/collection_frame/page.png.import[39m[0m
[  33% ] [90m[1msavepack[22m | Storing File: res://.godot/imported/documents.png-0bd1c5e2707ca8431f6aefe7eeafd48b.ctex[39m[0m
[  33% ] [90m[1msavepack[22m | Storing File: res://modules/shell/assets/desktop_icons/documents.png.import[39m[0m
[  33% ] [90m[1msavepack[22m | Storing File: res://.godot/imported/downloads.png-2283a460119f48c8fa488ba4e8f1f092.ctex[39m[0m
[  33% ] [90m[1msavepack[22m | Storing File: res://modules/shell/assets/desktop_icons/downloads.png.import[39m[0m
[  34% ] [90m[1msavepack[22m | Storing File: res://.godot/imported/do_not_open.png-db6eaa333051e818301d9470a62b4151.ctex[39m[0m
[  34% ] [90m[1msavepack[22m | Storing File: res://modules/shell/assets/desktop_icons/do_not_open.png.import[39m[0m
[  34% ] [90m[1msavepack[22m | Storing File: res://.godot/imported/nextrooms.png-1594429e8e997dd8ce34bf2afafe301d.ctex[39m[0m
[  34% ] [90m[1msavepack[22m | Storing File: res://modules/shell/assets/desktop_icons/nextrooms.png.import[39m[0m
[  34% ] [90m[1msavepack[22m | Storing File: res://.godot/imported/screensavers.png-617ecb650d90e61f217b14369c758d44.ctex[39m[0m
[  34% ] [90m[1msavepack[22m | Storing File: res://modules/shell/assets/desktop_icons/screensavers.png.import[39m[0m
[  34% ] [90m[1msavepack[22m | Storing File: res://.godot/imported/wastebin.png-dab0c5f85454b09ea6a67a2b953fb7d4.ctex[39m[0m
[  34% ] [90m[1msavepack[22m | Storing File: res://modules/shell/assets/desktop_icons/wastebin.png.import[39m[0m
[  34% ] [90m[1msavepack[22m | Storing File: res://.godot/imported/websurfer2.png-7633996878ec0563e346eae30e4eaf80.ctex[39m[0m
[  34% ] [90m[1msavepack[22m | Storing File: res://modules/shell/assets/desktop_icons/websurfer2.png.import[39m[0m
[  34% ] [90m[1msavepack[22m | Storing File: res://.godot/imported/3d_viewer.png-efcea41dcb19865bcb0db5a5dac8727a.ctex[39m[0m
[  34% ] [90m[1msavepack[22m | Storing File: res://modules/shell/assets/square_chrome/3d_viewer.png.import[39m[0m
[  34% ] [90m[1msavepack[22m | Storing File: res://.godot/imported/bar_stripes.png-111204b22b9d98b106fff3c012d68a1f.ctex[39m[0m
[  34% ] [90m[1msavepack[22m | Storing File: res://modules/shell/assets/square_chrome/bar_stripes.png.import[39m[0m
[  34% ] [90m[1msavepack[22m | Storing File: res://.godot/imported/collection.png-a035ecc16f7b60ce73c452939359b3ef.ctex[39m[0m
[  34% ] [90m[1msavepack[22m | Storing File: res://modules/shell/assets/square_chrome/collection.png.import[39m[0m
[  34% ] [90m[1msavepack[22m | Storing File: res://.godot/imported/flowers.png-2f3317db9d81902a60186a589d448297.ctex[39m[0m
[  34% ] [90m[1msavepack[22m | Storing File: res://modules/shell/assets/square_chrome/flowers.png.import[39m[0m
[  34% ] [90m[1msavepack[22m | Storing File: res://.godot/imported/home.png-997bdd4d685d7fa793e0ff3f26a25642.ctex[39m[0m
[  34% ] [90m[1msavepack[22m | Storing File: res://modules/shell/assets/square_chrome/home.png.import[39m[0m
[  35% ] [90m[1msavepack[22m | Storing File: res://.godot/imported/map.png-33257517d3d81b9766aba8fed0b1b3e3.ctex[39m[0m
[  35% ] [90m[1msavepack[22m | Storing File: res://modules/shell/assets/square_chrome/map.png.import[39m[0m
[  35% ] [90m[1msavepack[22m | Storing File: res://.godot/imported/playground.png-015981515b2552cdca2ca213b31d53f5.ctex[39m[0m
[  35% ] [90m[1msavepack[22m | Storing File: res://modules/shell/assets/square_chrome/playground.png.import[39m[0m
[  35% ] [90m[1msavepack[22m | Storing File: res://modules/shell/assets/square_chrome/provenance.json[39m[0m
[  35% ] [90m[1msavepack[22m | Storing File: res://.godot/imported/search.png-1437649f2351b8b7c28d073bbdac5e57.ctex[39m[0m
[  35% ] [90m[1msavepack[22m | Storing File: res://modules/shell/assets/square_chrome/search.png.import[39m[0m
[  35% ] [90m[1msavepack[22m | Storing File: res://.godot/imported/selected-face.png-3370317b28f4d1d5a6e3d6b0c883e67b.ctex[39m[0m
[  35% ] [90m[1msavepack[22m | Storing File: res://modules/shell/assets/square_chrome/selected-face.png.import[39m[0m
[  35% ] [90m[1msavepack[22m | Storing File: res://.godot/imported/sketchbook.png-f83c118924a927dc3ee0bfc6fe2fee69.ctex[39m[0m
[  35% ] [90m[1msavepack[22m | Storing File: res://modules/shell/assets/square_chrome/sketchbook.png.import[39m[0m
[  35% ] [90m[1msavepack[22m | Storing File: res://.godot/imported/start.png-a79af50b387e436e9943ddb34acd5c61.ctex[39m[0m
[  35% ] [90m[1msavepack[22m | Storing File: res://modules/shell/assets/square_chrome/start.png.import[39m[0m
[  35% ] [90m[1msavepack[22m | Storing File: res://.godot/imported/stripe-face.png-fe88eaafa72cdd20b126c6f116c5740e.ctex[39m[0m
[  35% ] [90m[1msavepack[22m | Storing File: res://modules/shell/assets/square_chrome/stripe-face.png.import[39m[0m
[  35% ] [90m[1msavepack[22m | Storing File: res://.godot/imported/video_player.png-f5a393d868117cea09ffaa08e9ce3bdc.ctex[39m[0m
[  35% ] [90m[1msavepack[22m | Storing File: res://modules/shell/assets/square_chrome/video_player.png.import[39m[0m
[  36% ] [90m[1msavepack[22m | Storing File: res://.godot/imported/top-header-placeholder.png-85ceebf5c1a753ed2380a9913bdfcb8c.ctex[39m[0m
[  36% ] [90m[1msavepack[22m | Storing File: res://modules/shell/assets/top-header-placeholder.png.import[39m[0m
[  36% ] [90m[1msavepack[22m | Storing File: res://modules/shell/playtest/collection_fit_check.gdc[39m[0m
[  36% ] [90m[1msavepack[22m | Storing File: res://modules/shell/playtest/collection_preview_check.gdc[39m[0m
[  36% ] [90m[1msavepack[22m | Storing File: res://modules/shell/playtest/containment.gdc[39m[0m
[  36% ] [90m[1msavepack[22m | Storing File: res://modules/shell/playtest/dummy_tenant.gdc[39m[0m
[  36% ] [90m[1msavepack[22m | Storing File: res://modules/shell/playtest/harness.gdc[39m[0m
[  36% ] [90m[1msavepack[22m | Storing File: res://modules/shell/playtest/icon_rail_capture.gdc[39m[0m
[  36% ] [90m[1msavepack[22m | Storing File: res://modules/shell/playtest/square_capture.gdc[39m[0m
[  36% ] [90m[1msavepack[22m | Storing File: res://modules/shell/playtest/visitor174_capture.gdc[39m[0m
[  36% ] [90m[1msavepack[22m | Storing File: res://modules/shell/playtest/visitor174_check.gdc[39m[0m
[  37% ] [90m[1msavepack[22m | Storing File: res://modules/shell/prototype/gallery_walk4/bake/plugin.gdc[39m[0m
[  37% ] [90m[1msavepack[22m | Storing File: res://modules/shell/prototype/gallery_walk4/bake/prepare.gdc[39m[0m
[  37% ] [90m[1msavepack[22m | Storing File: res://modules/shell/prototype/gallery_walk4/bake/white_prepare.gdc[39m[0m
[  37% ] [90m[1msavepack[22m | Storing File: res://.godot/imported/room.exr-5510312a4ecf7ead78330478c6c0ad75.bptc.ctexarray[39m[0m
[  37% ] [90m[1msavepack[22m | Storing File: res://.godot/imported/room.exr-5510312a4ecf7ead78330478c6c0ad75.astc.ctexarray[39m[0m
[  37% ] [90m[1msavepack[22m | Storing File: res://modules/shell/prototype/gallery_walk4/baked/room.exr.import[39m[0m
[  37% ] [90m[1msavepack[22m | Storing File: res://modules/shell/prototype/gallery_walk4/baked/room.lmbake[39m[0m
ERROR: Unable to save export scene file to: res://.godot/exported/133200997/export-c3e3c5173d5ab415c4f0d2133f7a793e-room.scn
   at: _export_customize (editor/export/editor_export_platform.cpp:1096)
[  37% ] [90m[1msavepack[22m | Storing File: res://modules/shell/prototype/gallery_walk4/baked/room.tscn[39m[0m
[  37% ] [90m[1msavepack[22m | Storing File: res://.godot/imported/white.exr-9f370a679bdf4f524e882d28edf2c601.bptc.ctexarray[39m[0m
[  37% ] [90m[1msavepack[22m | Storing File: res://.godot/imported/white.exr-9f370a679bdf4f524e882d28edf2c601.astc.ctexarray[39m[0m
[  37% ] [90m[1msavepack[22m | Storing File: res://modules/shell/prototype/gallery_walk4/baked/white.exr.import[39m[0m
[  37% ] [90m[1msavepack[22m | Storing File: res://modules/shell/prototype/gallery_walk4/baked/white.lmbake[39m[0m
[  37% ] [90m[1msavepack[22m | Storing File: res://.godot/exported/133200997/export-ad86e771563b062ad6cb90d755ce6ce4-white.scn[39m[0m
[  38% ] [90m[1msavepack[22m | Storing File: res://.godot/imported/E1.jpg-b486284ea2d4890f7cb33a36037e9976.s3tc.ctex[39m[0m
[  38% ] [90m[1msavepack[22m | Storing File: res://.godot/imported/E1.jpg-b486284ea2d4890f7cb33a36037e9976.etc2.ctex[39m[0m
[  38% ] [90m[1msavepack[22m | Storing File: res://modules/shell/prototype/gallery_walk4/canvas/E1.jpg.import[39m[0m
[  38% ] [90m[1msavepack[22m | Storing File: res://.godot/imported/E2.jpg-4e60336ccfd9806b072eb503e4dd1d7c.s3tc.ctex[39m[0m
[  38% ] [90m[1msavepack[22m | Storing File: res://.godot/imported/E2.jpg-4e60336ccfd9806b072eb503e4dd1d7c.etc2.ctex[39m[0m
[  38% ] [90m[1msavepack[22m | Storing File: res://modules/shell/prototype/gallery_walk4/canvas/E2.jpg.import[39m[0m
[  38% ] [90m[1msavepack[22m | Storing File: res://.godot/imported/E3.jpg-f8a461190775844501075ec736bdf8c4.s3tc.ctex[39m[0m
[  38% ] [90m[1msavepack[22m | Storing File: res://.godot/imported/E3.jpg-f8a461190775844501075ec736bdf8c4.etc2.ctex[39m[0m
[  38% ] [90m[1msavepack[22m | Storing File: res://modules/shell/prototype/gallery_walk4/canvas/E3.jpg.import[39m[0m
[  38% ] [90m[1msavepack[22m | Storing File: res://.godot/imported/E4.jpg-04e766f9caa3d7bee21ca465f73f5c7b.s3tc.ctex[39m[0m
[  38% ] [90m[1msavepack[22m | Storing File: res://.godot/imported/E4.jpg-04e766f9caa3d7bee21ca465f73f5c7b.etc2.ctex[39m[0m
[  38% ] [90m[1msavepack[22m | Storing File: res://modules/shell/prototype/gallery_walk4/canvas/E4.jpg.import[39m[0m
[  38% ] [90m[1msavepack[22m | Storing File: res://.godot/imported/E5.jpg-3e9d50436d4ca6b91b164a824108a77f.s3tc.ctex[39m[0m
[  38% ] [90m[1msavepack[22m | Storing File: res://.godot/imported/E5.jpg-3e9d50436d4ca6b91b164a824108a77f.etc2.ctex[39m[0m
[  38% ] [90m[1msavepack[22m | Storing File: res://modules/shell/prototype/gallery_walk4/canvas/E5.jpg.import[39m[0m
[  38% ] [90m[1msavepack[22m | Storing File: res://.godot/imported/E6.jpg-c3d7bda6d9628e0dcac6e8a0de38bb73.s3tc.ctex[39m[0m
[  38% ] [90m[1msavepack[22m | Storing File: res://.godot/imported/E6.jpg-c3d7bda6d9628e0dcac6e8a0de38bb73.etc2.ctex[39m[0m
[  38% ] [90m[1msavepack[22m | Storing File: res://modules/shell/prototype/gallery_walk4/canvas/E6.jpg.import[39m[0m
[  38% ] [90m[1msavepack[22m | Storing File: res://.godot/imported/E7.jpg-e39febefd43278d6d093e1ed869f619b.s3tc.ctex[39m[0m
[  38% ] [90m[1msavepack[22m | Storing File: res://.godot/imported/E7.jpg-e39febefd43278d6d093e1ed869f619b.etc2.ctex[39m[0m
[  38% ] [90m[1msavepack[22m | Storing File: res://modules/shell/prototype/gallery_walk4/canvas/E7.jpg.import[39m[0m
[  38% ] [90m[1msavepack[22m | Storing File: res://.godot/imported/E8.jpg-d916aaaf70507fd95bc50b187737b824.s3tc.ctex[39m[0m
[  38% ] [90m[1msavepack[22m | Storing File: res://.godot/imported/E8.jpg-d916aaaf70507fd95bc50b187737b824.etc2.ctex[39m[0m
[  38% ] [90m[1msavepack[22m | Storing File: res://modules/shell/prototype/gallery_walk4/canvas/E8.jpg.import[39m[0m
[  38% ] [90m[1msavepack[22m | Storing File: res://.godot/imported/E9.jpg-fab4fb5caca648067cedda4cd62b82fa.s3tc.ctex[39m[0m
[  38% ] [90m[1msavepack[22m | Storing File: res://.godot/imported/E9.jpg-fab4fb5caca648067cedda4cd62b82fa.etc2.ctex[39m[0m
[  38% ] [90m[1msavepack[22m | Storing File: res://modules/shell/prototype/gallery_walk4/canvas/E9.jpg.import[39m[0m
[  38% ] [90m[1msavepack[22m | Storing File: res://.godot/imported/N1.jpg-d45addc852aff56d48f736da1699ea03.s3tc.ctex[39m[0m
[  38% ] [90m[1msavepack[22m | Storing File: res://.godot/imported/N1.jpg-d45addc852aff56d48f736da1699ea03.etc2.ctex[39m[0m
[  38% ] [90m[1msavepack[22m | Storing File: res://modules/shell/prototype/gallery_walk4/canvas/N1.jpg.import[39m[0m
[  39% ] [90m[1msavepack[22m | Storing File: res://.godot/imported/N2.jpg-584a8a46e3c786b60f08dad04ee7fff0.s3tc.ctex[39m[0m
[  39% ] [90m[1msavepack[22m | Storing File: res://.godot/imported/N2.jpg-584a8a46e3c786b60f08dad04ee7fff0.etc2.ctex[39m[0m
[  39% ] [90m[1msavepack[22m | Storing File: res://modules/shell/prototype/gallery_walk4/canvas/N2.jpg.import[39m[0m
[  39% ] [90m[1msavepack[22m | Storing File: res://.godot/imported/S1.jpg-5de8cff95e6e84a6ac334ed8e473dc9a.s3tc.ctex[39m[0m
[  39% ] [90m[1msavepack[22m | Storing File: res://.godot/imported/S1.jpg-5de8cff95e6e84a6ac334ed8e473dc9a.etc2.ctex[39m[0m
[  39% ] [90m[1msavepack[22m | Storing File: res://modules/shell/prototype/gallery_walk4/canvas/S1.jpg.import[39m[0m
[  39% ] [90m[1msavepack[22m | Storing File: res://.godot/imported/S2.jpg-42d359fa68135f9394c173b8253b3481.s3tc.ctex[39m[0m
[  39% ] [90m[1msavepack[22m | Storing File: res://.godot/imported/S2.jpg-42d359fa68135f9394c173b8253b3481.etc2.ctex[39m[0m
[  39% ] [90m[1msavepack[22m | Storing File: res://modules/shell/prototype/gallery_walk4/canvas/S2.jpg.import[39m[0m
[  39% ] [90m[1msavepack[22m | Storing File: res://.godot/imported/W1.jpg-839637172a083a2dd609d0007fb4a2ef.s3tc.ctex[39m[0m
[  39% ] [90m[1msavepack[22m | Storing File: res://.godot/imported/W1.jpg-839637172a083a2dd609d0007fb4a2ef.etc2.ctex[39m[0m
[  39% ] [90m[1msavepack[22m | Storing File: res://modules/shell/prototype/gallery_walk4/canvas/W1.jpg.import[39m[0m
[  39% ] [90m[1msavepack[22m | Storing File: res://.godot/imported/W2.jpg-3d2b1066e11aed9b7029fa640f011dae.s3tc.ctex[39m[0m
[  39% ] [90m[1msavepack[22m | Storing File: res://.godot/imported/W2.jpg-3d2b1066e11aed9b7029fa640f011dae.etc2.ctex[39m[0m
[  39% ] [90m[1msavepack[22m | Storing File: res://modules/shell/prototype/gallery_walk4/canvas/W2.jpg.import[39m[0m
[  39% ] [90m[1msavepack[22m | Storing File: res://.godot/imported/W3.jpg-110d65ed16e824fdfd97faea2a987ac2.s3tc.ctex[39m[0m
[  39% ] [90m[1msavepack[22m | Storing File: res://.godot/imported/W3.jpg-110d65ed16e824fdfd97faea2a987ac2.etc2.ctex[39m[0m
[  39% ] [90m[1msavepack[22m | Storing File: res://modules/shell/prototype/gallery_walk4/canvas/W3.jpg.import[39m[0m
[  39% ] [90m[1msavepack[22m | Storing File: res://.godot/imported/W4.jpg-80382ff55a2b3353c9de3318fbdd3cca.s3tc.ctex[39m[0m
[  39% ] [90m[1msavepack[22m | Storing File: res://.godot/imported/W4.jpg-80382ff55a2b3353c9de3318fbdd3cca.etc2.ctex[39m[0m
[  39% ] [90m[1msavepack[22m | Storing File: res://modules/shell/prototype/gallery_walk4/canvas/W4.jpg.import[39m[0m
[  39% ] [90m[1msavepack[22m | Storing File: res://.godot/imported/W5.jpg-1c2deb33d22eb0ca56622ad9e2eef339.s3tc.ctex[39m[0m
[  39% ] [90m[1msavepack[22m | Storing File: res://.godot/imported/W5.jpg-1c2deb33d22eb0ca56622ad9e2eef339.etc2.ctex[39m[0m
[  39% ] [90m[1msavepack[22m | Storing File: res://modules/shell/prototype/gallery_walk4/canvas/W5.jpg.import[39m[0m
[  39% ] [90m[1msavepack[22m | Storing File: res://.godot/imported/W6.jpg-98f866b9e5c12611c48f2dc90b7d2db2.ctex[39m[0m
[  39% ] [90m[1msavepack[22m | Storing File: res://modules/shell/prototype/gallery_walk4/canvas/W6.jpg.import[39m[0m
[  40% ] [90m[1msavepack[22m | Storing File: res://.godot/imported/W7.jpg-d8cbff156a568ea36aef974f3332089a.s3tc.ctex[39m[0m
[  40% ] [90m[1msavepack[22m | Storing File: res://.godot/imported/W7.jpg-d8cbff156a568ea36aef974f3332089a.etc2.ctex[39m[0m
[  40% ] [90m[1msavepack[22m | Storing File: res://modules/shell/prototype/gallery_walk4/canvas/W7.jpg.import[39m[0m
[  40% ] [90m[1msavepack[22m | Storing File: res://.godot/imported/W8.jpg-ea88f51e1e7aef6a1ba1d594eb6eeebe.s3tc.ctex[39m[0m
[  40% ] [90m[1msavepack[22m | Storing File: res://.godot/imported/W8.jpg-ea88f51e1e7aef6a1ba1d594eb6eeebe.etc2.ctex[39m[0m
[  40% ] [90m[1msavepack[22m | Storing File: res://modules/shell/prototype/gallery_walk4/canvas/W8.jpg.import[39m[0m
[  40% ] [90m[1msavepack[22m | Storing File: res://.godot/imported/W9.jpg-e03f3ae30b0ca44cb1f29d9973d2811f.s3tc.ctex[39m[0m
[  40% ] [90m[1msavepack[22m | Storing File: res://.godot/imported/W9.jpg-e03f3ae30b0ca44cb1f29d9973d2811f.etc2.ctex[39m[0m
[  40% ] [90m[1msavepack[22m | Storing File: res://modules/shell/prototype/gallery_walk4/canvas/W9.jpg.import[39m[0m
[  40% ] [90m[1msavepack[22m | Storing File: res://.godot/imported/W10.jpg-da6ac9c7419b459c42785dc683e0b294.s3tc.ctex[39m[0m
[  40% ] [90m[1msavepack[22m | Storing File: res://.godot/imported/W10.jpg-da6ac9c7419b459c42785dc683e0b294.etc2.ctex[39m[0m
[  40% ] [90m[1msavepack[22m | Storing File: res://modules/shell/prototype/gallery_walk4/canvas/W10.jpg.import[39m[0m
[  40% ] [90m[1msavepack[22m | Storing File: res://.godot/imported/E1.jpg-4e2e91059f3322c9c039530b6d0ccede.ctex[39m[0m
[  40% ] [90m[1msavepack[22m | Storing File: res://modules/shell/prototype/gallery_walk4/detail/E1.jpg.import[39m[0m
[  40% ] [90m[1msavepack[22m | Storing File: res://.godot/imported/E2.jpg-38ada5a8752421e0e9ba991b6bdd33be.ctex[39m[0m
[  40% ] [90m[1msavepack[22m | Storing File: res://modules/shell/prototype/gallery_walk4/detail/E2.jpg.import[39m[0m
[  40% ] [90m[1msavepack[22m | Storing File: res://.godot/imported/E3.jpg-dd40864ff50ff61735c02bc570139e2d.ctex[39m[0m
[  40% ] [90m[1msavepack[22m | Storing File: res://modules/shell/prototype/gallery_walk4/detail/E3.jpg.import[39m[0m
[  40% ] [90m[1msavepack[22m | Storing File: res://.godot/imported/E4.jpg-1d92da0030e1cce20a70cb8f91088d1f.ctex[39m[0m
[  40% ] [90m[1msavepack[22m | Storing File: res://modules/shell/prototype/gallery_walk4/detail/E4.jpg.import[39m[0m
[  40% ] [90m[1msavepack[22m | Storing File: res://.godot/imported/E5.jpg-68822d8f29ac3910e7d507a64f0dee8f.ctex[39m[0m
[  40% ] [90m[1msavepack[22m | Storing File: res://modules/shell/prototype/gallery_walk4/detail/E5.jpg.import[39m[0m
[  40% ] [90m[1msavepack[22m | Storing File: res://.godot/imported/E6.jpg-101d9db65738272a089779a45a480639.ctex[39m[0m
[  40% ] [90m[1msavepack[22m | Storing File: res://modules/shell/prototype/gallery_walk4/detail/E6.jpg.import[39m[0m
[  41% ] [90m[1msavepack[22m | Storing File: res://.godot/imported/E7.jpg-de30134a023813e3ec5b6f7d482962e7.ctex[39m[0m
[  41% ] [90m[1msavepack[22m | Storing File: res://modules/shell/prototype/gallery_walk4/detail/E7.jpg.import[39m[0m
[  41% ] [90m[1msavepack[22m | Storing File: res://.godot/imported/E8.jpg-95c590fe3e67ddd42b81ac5639555dbc.ctex[39m[0m
[  41% ] [90m[1msavepack[22m | Storing File: res://modules/shell/prototype/gallery_walk4/detail/E8.jpg.import[39m[0m
[  41% ] [90m[1msavepack[22m | Storing File: res://.godot/imported/E9.jpg-2b5c943903a25994c8783012cfb86a85.ctex[39m[0m
[  41% ] [90m[1msavepack[22m | Storing File: res://modules/shell/prototype/gallery_walk4/detail/E9.jpg.import[39m[0m
[  41% ] [90m[1msavepack[22m | Storing File: res://.godot/imported/N1.jpg-810d2f4ad8bdc2c6f87df49afa96381c.ctex[39m[0m
[  41% ] [90m[1msavepack[22m | Storing File: res://modules/shell/prototype/gallery_walk4/detail/N1.jpg.import[39m[0m
[  41% ] [90m[1msavepack[22m | Storing File: res://.godot/imported/N2.jpg-47b17efb153174a52c25ef85e9e15cbc.ctex[39m[0m
[  41% ] [90m[1msavepack[22m | Storing File: res://modules/shell/prototype/gallery_walk4/detail/N2.jpg.import[39m[0m
[  41% ] [90m[1msavepack[22m | Storing File: res://.godot/imported/S1.jpg-fba3cda86c851ee79f38baf1804e6470.ctex[39m[0m
[  41% ] [90m[1msavepack[22m | Storing File: res://modules/shell/prototype/gallery_walk4/detail/S1.jpg.import[39m[0m
[  41% ] [90m[1msavepack[22m | Storing File: res://.godot/imported/S2.jpg-dd69a64c5cc2048dbf7034f91ff7c472.ctex[39m[0m
[  41% ] [90m[1msavepack[22m | Storing File: res://modules/shell/prototype/gallery_walk4/detail/S2.jpg.import[39m[0m
[  41% ] [90m[1msavepack[22m | Storing File: res://.godot/imported/W1.jpg-d59aab2a7b49a4d744a36cf7a0c2f8ba.ctex[39m[0m
[  41% ] [90m[1msavepack[22m | Storing File: res://modules/shell/prototype/gallery_walk4/detail/W1.jpg.import[39m[0m
[  41% ] [90m[1msavepack[22m | Storing File: res://.godot/imported/W2.jpg-5c75a96a11afe2ab3fff1c027a368b93.ctex[39m[0m
[  41% ] [90m[1msavepack[22m | Storing File: res://modules/shell/prototype/gallery_walk4/detail/W2.jpg.import[39m[0m
[  41% ] [90m[1msavepack[22m | Storing File: res://.godot/imported/W3.jpg-df13f5ff47ce2da55b4845f452d96c30.ctex[39m[0m
[  41% ] [90m[1msavepack[22m | Storing File: res://modules/shell/prototype/gallery_walk4/detail/W3.jpg.import[39m[0m
[  42% ] [90m[1msavepack[22m | Storing File: res://.godot/imported/W4.jpg-234612d4928cc15dcc08cf5c01f91688.ctex[39m[0m
[  42% ] [90m[1msavepack[22m | Storing File: res://modules/shell/prototype/gallery_walk4/detail/W4.jpg.import[39m[0m
[  42% ] [90m[1msavepack[22m | Storing File: res://.godot/imported/W5.jpg-31129db40e3fe6ae1f9a6f19507c9068.ctex[39m[0m
[  42% ] [90m[1msavepack[22m | Storing File: res://modules/shell/prototype/gallery_walk4/detail/W5.jpg.import[39m[0m
[  42% ] [90m[1msavepack[22m | Storing File: res://.godot/imported/W6.jpg-f95176ae7f8737bafc87f7c36791e84b.ctex[39m[0m
[  42% ] [90m[1msavepack[22m | Storing File: res://modules/shell/prototype/gallery_walk4/detail/W6.jpg.import[39m[0m
[  42% ] [90m[1msavepack[22m | Storing File: res://.godot/imported/W7.jpg-17c6b0b16114253d6edab33a42b42b61.ctex[39m[0m
[  42% ] [90m[1msavepack[22m | Storing File: res://modules/shell/prototype/gallery_walk4/detail/W7.jpg.import[39m[0m
[  42% ] [90m[1msavepack[22m | Storing File: res://.godot/imported/W8.jpg-e9cf8dda32011162f6e024a6039e0ee7.ctex[39m[0m
[  42% ] [90m[1msavepack[22m | Storing File: res://modules/shell/prototype/gallery_walk4/detail/W8.jpg.import[39m[0m
[  42% ] [90m[1msavepack[22m | Storing File: res://.godot/imported/W9.jpg-2c59e2f2e65aa414ac9a9d3d2c3b696d.ctex[39m[0m
[  42% ] [90m[1msavepack[22m | Storing File: res://modules/shell/prototype/gallery_walk4/detail/W9.jpg.import[39m[0m
[  42% ] [90m[1msavepack[22m | Storing File: res://.godot/imported/W10.jpg-61a6c96f0e2b7eaaea364d998683607a.ctex[39m[0m
[  42% ] [90m[1msavepack[22m | Storing File: res://modules/shell/prototype/gallery_walk4/detail/W10.jpg.import[39m[0m
[  42% ] [90m[1msavepack[22m | Storing File: res://.godot/imported/E1.png-33f7881a80e009a211f80eb7f9c22224.s3tc.ctex[39m[0m
[  42% ] [90m[1msavepack[22m | Storing File: res://.godot/imported/E1.png-33f7881a80e009a211f80eb7f9c22224.etc2.ctex[39m[0m
[  42% ] [90m[1msavepack[22m | Storing File: res://modules/shell/prototype/gallery_walk4/frames/E1.png.import[39m[0m
[  42% ] [90m[1msavepack[22m | Storing File: res://.godot/imported/E2.png-351724124ff2c7a3628432f43bd66a80.s3tc.ctex[39m[0m
[  42% ] [90m[1msavepack[22m | Storing File: res://.godot/imported/E2.png-351724124ff2c7a3628432f43bd66a80.etc2.ctex[39m[0m
[  42% ] [90m[1msavepack[22m | Storing File: res://modules/shell/prototype/gallery_walk4/frames/E2.png.import[39m[0m
[  43% ] [90m[1msavepack[22m | Storing File: res://.godot/imported/E3.png-5ce4528fb94210ca3bcd5465a0b54b5c.s3tc.ctex[39m[0m
[  43% ] [90m[1msavepack[22m | Storing File: res://.godot/imported/E3.png-5ce4528fb94210ca3bcd5465a0b54b5c.etc2.ctex[39m[0m
[  43% ] [90m[1msavepack[22m | Storing File: res://modules/shell/prototype/gallery_walk4/frames/E3.png.import[39m[0m
[  43% ] [90m[1msavepack[22m | Storing File: res://.godot/imported/E4.png-9b640e1f133fc4271f22205894f801a9.s3tc.ctex[39m[0m
[  43% ] [90m[1msavepack[22m | Storing File: res://.godot/imported/E4.png-9b640e1f133fc4271f22205894f801a9.etc2.ctex[39m[0m
[  43% ] [90m[1msavepack[22m | Storing File: res://modules/shell/prototype/gallery_walk4/frames/E4.png.import[39m[0m
[  43% ] [90m[1msavepack[22m | Storing File: res://.godot/imported/E5.png-f5ced63db48e89b8754c5504b492d044.s3tc.ctex[39m[0m
[  43% ] [90m[1msavepack[22m | Storing File: res://.godot/imported/E5.png-f5ced63db48e89b8754c5504b492d044.etc2.ctex[39m[0m
[  43% ] [90m[1msavepack[22m | Storing File: res://modules/shell/prototype/gallery_walk4/frames/E5.png.import[39m[0m
[  43% ] [90m[1msavepack[22m | Storing File: res://.godot/imported/E6.png-41248d0f3fe6dfbe2a85711fd781f724.s3tc.ctex[39m[0m
[  43% ] [90m[1msavepack[22m | Storing File: res://.godot/imported/E6.png-41248d0f3fe6dfbe2a85711fd781f724.etc2.ctex[39m[0m
[  43% ] [90m[1msavepack[22m | Storing File: res://modules/shell/prototype/gallery_walk4/frames/E6.png.import[39m[0m
[  43% ] [90m[1msavepack[22m | Storing File: res://.godot/imported/E7.png-b16ed1f8384f6f0b8f7ec9d336ff33b7.s3tc.ctex[39m[0m
[  43% ] [90m[1msavepack[22m | Storing File: res://.godot/imported/E7.png-b16ed1f8384f6f0b8f7ec9d336ff33b7.etc2.ctex[39m[0m
[  43% ] [90m[1msavepack[22m | Storing File: res://modules/shell/prototype/gallery_walk4/frames/E7.png.import[39m[0m
[  43% ] [90m[1msavepack[22m | Storing File: res://.godot/imported/E8.png-51ade24cd8d1af29a39868bc8d943947.s3tc.ctex[39m[0m
[  43% ] [90m[1msavepack[22m | Storing File: res://.godot/imported/E8.png-51ade24cd8d1af29a39868bc8d943947.etc2.ctex[39m[0m
[  43% ] [90m[1msavepack[22m | Storing File: res://modules/shell/prototype/gallery_walk4/frames/E8.png.import[39m[0m
[  43% ] [90m[1msavepack[22m | Storing File: res://.godot/imported/E9.png-756f39c7b0b2953679b619a547aef8a8.s3tc.ctex[39m[0m
[  43% ] [90m[1msavepack[22m | Storing File: res://.godot/imported/E9.png-756f39c7b0b2953679b619a547aef8a8.etc2.ctex[39m[0m
[  43% ] [90m[1msavepack[22m | Storing File: res://modules/shell/prototype/gallery_walk4/frames/E9.png.import[39m[0m
[  43% ] [90m[1msavepack[22m | Storing File: res://.godot/imported/N1.png-ff2c267b785a769604f341e12eb29f38.s3tc.ctex[39m[0m
[  43% ] [90m[1msavepack[22m | Storing File: res://.godot/imported/N1.png-ff2c267b785a769604f341e12eb29f38.etc2.ctex[39m[0m
[  43% ] [90m[1msavepack[22m | Storing File: res://modules/shell/prototype/gallery_walk4/frames/N1.png.import[39m[0m
[  43% ] [90m[1msavepack[22m | Storing File: res://.godot/imported/N2.png-8f5d5b9b4f60c6de4344ffe61a061048.s3tc.ctex[39m[0m
[  43% ] [90m[1msavepack[22m | Storing File: res://.godot/imported/N2.png-8f5d5b9b4f60c6de4344ffe61a061048.etc2.ctex[39m[0m
[  43% ] [90m[1msavepack[22m | Storing File: res://modules/shell/prototype/gallery_walk4/frames/N2.png.import[39m[0m
[  43% ] [90m[1msavepack[22m | Storing File: res://.godot/imported/S1.png-a91e1b801d922d0c182f62822520bda8.s3tc.ctex[39m[0m
[  43% ] [90m[1msavepack[22m | Storing File: res://.godot/imported/S1.png-a91e1b801d922d0c182f62822520bda8.etc2.ctex[39m[0m
[  43% ] [90m[1msavepack[22m | Storing File: res://modules/shell/prototype/gallery_walk4/frames/S1.png.import[39m[0m
[  44% ] [90m[1msavepack[22m | Storing File: res://.godot/imported/S2.png-999395982a4fce3139fe37def185e870.s3tc.ctex[39m[0m
[  44% ] [90m[1msavepack[22m | Storing File: res://.godot/imported/S2.png-999395982a4fce3139fe37def185e870.etc2.ctex[39m[0m
[  44% ] [90m[1msavepack[22m | Storing File: res://modules/shell/prototype/gallery_walk4/frames/S2.png.import[39m[0m
[  44% ] [90m[1msavepack[22m | Storing File: res://.godot/imported/W1.png-7058a54890645ca183f6170adef98e8d.s3tc.ctex[39m[0m
[  44% ] [90m[1msavepack[22m | Storing File: res://.godot/imported/W1.png-7058a54890645ca183f6170adef98e8d.etc2.ctex[39m[0m
[  44% ] [90m[1msavepack[22m | Storing File: res://modules/shell/prototype/gallery_walk4/frames/W1.png.import[39m[0m
[  44% ] [90m[1msavepack[22m | Storing File: res://.godot/imported/W2.png-a8001e5693bee4ca8765bb68bdd4eca2.s3tc.ctex[39m[0m
[  44% ] [90m[1msavepack[22m | Storing File: res://.godot/imported/W2.png-a8001e5693bee4ca8765bb68bdd4eca2.etc2.ctex[39m[0m
[  44% ] [90m[1msavepack[22m | Storing File: res://modules/shell/prototype/gallery_walk4/frames/W2.png.import[39m[0m
[  44% ] [90m[1msavepack[22m | Storing File: res://.godot/imported/W3.png-4eca9a06ddf001b63fc519e5269e704e.s3tc.ctex[39m[0m
[  44% ] [90m[1msavepack[22m | Storing File: res://.godot/imported/W3.png-4eca9a06ddf001b63fc519e5269e704e.etc2.ctex[39m[0m
[  44% ] [90m[1msavepack[22m | Storing File: res://modules/shell/prototype/gallery_walk4/frames/W3.png.import[39m[0m
[  44% ] [90m[1msavepack[22m | Storing File: res://.godot/imported/W4.png-2a6632b56a86de0824ff7022d021e468.s3tc.ctex[39m[0m
[  44% ] [90m[1msavepack[22m | Storing File: res://.godot/imported/W4.png-2a6632b56a86de0824ff7022d021e468.etc2.ctex[39m[0m
[  44% ] [90m[1msavepack[22m | Storing File: res://modules/shell/prototype/gallery_walk4/frames/W4.png.import[39m[0m
[  44% ] [90m[1msavepack[22m | Storing File: res://.godot/imported/W5.png-8b446398982ed45cf9ec83b8b2d5fe05.s3tc.ctex[39m[0m
[  44% ] [90m[1msavepack[22m | Storing File: res://.godot/imported/W5.png-8b446398982ed45cf9ec83b8b2d5fe05.etc2.ctex[39m[0m
[  44% ] [90m[1msavepack[22m | Storing File: res://modules/shell/prototype/gallery_walk4/frames/W5.png.import[39m[0m
[  44% ] [90m[1msavepack[22m | Storing File: res://.godot/imported/W6-shaped.png-6f0bfe9b1cda35421452448ab55b5430.s3tc.ctex[39m[0m
[  44% ] [90m[1msavepack[22m | Storing File: res://.godot/imported/W6-shaped.png-6f0bfe9b1cda35421452448ab55b5430.etc2.ctex[39m[0m
[  44% ] [90m[1msavepack[22m | Storing File: res://modules/shell/prototype/gallery_walk4/frames/W6-shaped.png.import[39m[0m
[  44% ] [90m[1msavepack[22m | Storing File: res://.godot/imported/W7.png-6fe691eb3ee3872e5b4209562e89015d.s3tc.ctex[39m[0m
[  44% ] [90m[1msavepack[22m | Storing File: res://.godot/imported/W7.png-6fe691eb3ee3872e5b4209562e89015d.etc2.ctex[39m[0m
[  44% ] [90m[1msavepack[22m | Storing File: res://modules/shell/prototype/gallery_walk4/frames/W7.png.import[39m[0m
[  44% ] [90m[1msavepack[22m | Storing File: res://.godot/imported/W8.png-4c5ec5fca3faa367d23a207c4b324d00.s3tc.ctex[39m[0m
[  44% ] [90m[1msavepack[22m | Storing File: res://.godot/imported/W8.png-4c5ec5fca3faa367d23a207c4b324d00.etc2.ctex[39m[0m
[  44% ] [90m[1msavepack[22m | Storing File: res://modules/shell/prototype/gallery_walk4/frames/W8.png.import[39m[0m
[  45% ] [90m[1msavepack[22m | Storing File: res://.godot/imported/W9.png-723a1a61f7314844815dbffef1c73f3b.s3tc.ctex[39m[0m
[  45% ] [90m[1msavepack[22m | Storing File: res://.godot/imported/W9.png-723a1a61f7314844815dbffef1c73f3b.etc2.ctex[39m[0m
[  45% ] [90m[1msavepack[22m | Storing File: res://modules/shell/prototype/gallery_walk4/frames/W9.png.import[39m[0m
[  45% ] [90m[1msavepack[22m | Storing File: res://.godot/imported/W10.png-31575cc7771cb5266f4a6603b719b23c.s3tc.ctex[39m[0m
[  45% ] [90m[1msavepack[22m | Storing File: res://.godot/imported/W10.png-31575cc7771cb5266f4a6603b719b23c.etc2.ctex[39m[0m
[  45% ] [90m[1msavepack[22m | Storing File: res://modules/shell/prototype/gallery_walk4/frames/W10.png.import[39m[0m
[  45% ] [90m[1msavepack[22m | Storing File: res://modules/shell/prototype/gallery_walk4/identity/native_render_check.gdc[39m[0m
[  45% ] [90m[1msavepack[22m | Storing File: res://package.json[39m[0m
[  45% ] [90m[1msavepack[22m | Storing File: res://modules/video_player/assets/fonts/LiberationSans-Regular.bytes[39m[0m
[  45% ] [90m[1msavepack[22m | Storing File: res://.godot/imported/Search.png-7a2ae0ca200b107a7a3ae4ecb40e9178.ctex[39m[0m
[  45% ] [90m[1msavepack[22m | Storing File: res://Search.png.import[39m[0m
[  45% ] [90m[1msavepack[22m | Storing File: res://.godot/imported/visitor_identity.glb-fd7e95155f3c7da9163a92beee226602.scn[39m[0m
[  45% ] [90m[1msavepack[22m | Storing File: res://modules/shell/prototype/gallery_walk4/identity/visitor_identity.glb.import[39m[0m
[  45% ] [90m[1msavepack[22m | Storing File: res://modules/video_player/assets/fonts/LiberationSans-Bold.bytes[39m[0m
[  45% ] [90m[1msavepack[22m | Storing File: res://report.json[39m[0m
[  45% ] [90m[1msavepack[22m | Storing File: res://.godot/imported/Search-results.png-941720080685d5d87afc974947ecf185.ctex[39m[0m
[  45% ] [90m[1msavepack[22m | Storing File: res://Search-results.png.import[39m[0m
[  46% ] [90m[1msavepack[22m | Storing File: res://.godot/imported/00.png-5abcecaaf38528990d07b05a4f7cb584.ctex[39m[0m
[  46% ] [90m[1msavepack[22m | Storing File: res://modules/shell/prototype/gallery_walk4/kid/00.png.import[39m[0m
[  46% ] [90m[1msavepack[22m | Storing File: res://.godot/imported/01.png-44334014e68dd9fece7b7513cf807904.ctex[39m[0m
[  46% ] [90m[1msavepack[22m | Storing File: res://modules/shell/prototype/gallery_walk4/kid/01.png.import[39m[0m
[  46% ] [90m[1msavepack[22m | Storing File: res://.godot/imported/02.png-34673f1fe3fb04b816bd3e6d4433b466.ctex[39m[0m
[  46% ] [90m[1msavepack[22m | Storing File: res://modules/shell/prototype/gallery_walk4/kid/02.png.import[39m[0m
[  46% ] [90m[1msavepack[22m | Storing File: res://.godot/imported/03.png-948dccc848a2b51b7aac9b50a14d1d20.ctex[39m[0m
[  46% ] [90m[1msavepack[22m | Storing File: res://modules/shell/prototype/gallery_walk4/kid/03.png.import[39m[0m
[  46% ] [90m[1msavepack[22m | Storing File: res://.godot/imported/04.png-6f71fdcf8447d905822f6592a980331c.ctex[39m[0m
[  46% ] [90m[1msavepack[22m | Storing File: res://modules/shell/prototype/gallery_walk4/kid/04.png.import[39m[0m
[  46% ] [90m[1msavepack[22m | Storing File: res://.godot/imported/05.png-a0f93a2d172bc6e274a64743e07aed8d.ctex[39m[0m
[  46% ] [90m[1msavepack[22m | Storing File: res://modules/shell/prototype/gallery_walk4/kid/05.png.import[39m[0m
[  46% ] [90m[1msavepack[22m | Storing File: res://.godot/imported/06.png-6e5de403333fab69934b88c6aa3e61b9.ctex[39m[0m
[  46% ] [90m[1msavepack[22m | Storing File: res://modules/shell/prototype/gallery_walk4/kid/06.png.import[39m[0m
[  46% ] [90m[1msavepack[22m | Storing File: res://.godot/imported/07.png-4526216d2af1350dc27850028774a9e5.ctex[39m[0m
[  46% ] [90m[1msavepack[22m | Storing File: res://modules/shell/prototype/gallery_walk4/kid/07.png.import[39m[0m
[  46% ] [90m[1msavepack[22m | Storing File: res://.godot/imported/08.png-e136d4f2f826b6c425d86ad3fc13271d.ctex[39m[0m
[  46% ] [90m[1msavepack[22m | Storing File: res://modules/shell/prototype/gallery_walk4/kid/08.png.import[39m[0m
[  47% ] [90m[1msavepack[22m | Storing File: res://.godot/imported/09.png-f47d32756a72992adf80eb9d2ba0854a.ctex[39m[0m
[  47% ] [90m[1msavepack[22m | Storing File: res://modules/shell/prototype/gallery_walk4/kid/09.png.import[39m[0m
[  47% ] [90m[1msavepack[22m | Storing File: res://.godot/imported/10.png-5152e2bd507f97132a93627f9ef4841f.ctex[39m[0m
[  47% ] [90m[1msavepack[22m | Storing File: res://modules/shell/prototype/gallery_walk4/kid/10.png.import[39m[0m
[  47% ] [90m[1msavepack[22m | Storing File: res://.godot/imported/11.png-b05f4b2197f165aadc5a58f4598f7112.ctex[39m[0m
[  47% ] [90m[1msavepack[22m | Storing File: res://modules/shell/prototype/gallery_walk4/kid/11.png.import[39m[0m
[  47% ] [90m[1msavepack[22m | Storing File: res://.godot/imported/12.png-44cc47948e2fe8b00fb46425085b97c2.ctex[39m[0m
[  47% ] [90m[1msavepack[22m | Storing File: res://modules/shell/prototype/gallery_walk4/kid/12.png.import[39m[0m
[  47% ] [90m[1msavepack[22m | Storing File: res://.godot/imported/13.png-69fe5c944d62603c1ec9e1c4546aae28.ctex[39m[0m
[  47% ] [90m[1msavepack[22m | Storing File: res://modules/shell/prototype/gallery_walk4/kid/13.png.import[39m[0m
[  47% ] [90m[1msavepack[22m | Storing File: res://.godot/imported/14.png-5d453e1f0f9253f8e8de98422b236fcf.ctex[39m[0m
[  47% ] [90m[1msavepack[22m | Storing File: res://modules/shell/prototype/gallery_walk4/kid/14.png.import[39m[0m
[  47% ] [90m[1msavepack[22m | Storing File: res://.godot/imported/15.png-e6b911354e5fa0acce64001cebf82557.ctex[39m[0m
[  47% ] [90m[1msavepack[22m | Storing File: res://modules/shell/prototype/gallery_walk4/kid/15.png.import[39m[0m
[  47% ] [90m[1msavepack[22m | Storing File: res://.godot/imported/16.png-c8d7effb173b6da055ec4023264c3c84.ctex[39m[0m
[  47% ] [90m[1msavepack[22m | Storing File: res://modules/shell/prototype/gallery_walk4/kid/16.png.import[39m[0m
[  47% ] [90m[1msavepack[22m | Storing File: res://.godot/imported/17.png-b14ac9fee58bf870a7123b99e4b4064a.ctex[39m[0m
[  47% ] [90m[1msavepack[22m | Storing File: res://modules/shell/prototype/gallery_walk4/kid/17.png.import[39m[0m
[  47% ] [90m[1msavepack[22m | Storing File: res://.godot/imported/18.png-3df76565bc2e20b3b60b8a1729ac4b86.ctex[39m[0m
[  47% ] [90m[1msavepack[22m | Storing File: res://modules/shell/prototype/gallery_walk4/kid/18.png.import[39m[0m
[  48% ] [90m[1msavepack[22m | Storing File: res://.godot/imported/19.png-c602c7e24a64a5f02afd0bf478317b8e.ctex[39m[0m
[  48% ] [90m[1msavepack[22m | Storing File: res://modules/shell/prototype/gallery_walk4/kid/19.png.import[39m[0m
[  48% ] [90m[1msavepack[22m | Storing File: res://.godot/imported/20.png-14736c54220a09f1f757748396a0ba61.ctex[39m[0m
[  48% ] [90m[1msavepack[22m | Storing File: res://modules/shell/prototype/gallery_walk4/kid/20.png.import[39m[0m
[  48% ] [90m[1msavepack[22m | Storing File: res://.godot/imported/21.png-bba1a181b8cceaccc7d49102937d646b.ctex[39m[0m
[  48% ] [90m[1msavepack[22m | Storing File: res://modules/shell/prototype/gallery_walk4/kid/21.png.import[39m[0m
[  48% ] [90m[1msavepack[22m | Storing File: res://.godot/imported/22.png-9eac2a1f1fa0a8a8781f960c3a5f2564.ctex[39m[0m
[  48% ] [90m[1msavepack[22m | Storing File: res://modules/shell/prototype/gallery_walk4/kid/22.png.import[39m[0m
[  48% ] [90m[1msavepack[22m | Storing File: res://.godot/imported/23.png-aac6d127a78d5211ad810deca7b84d7d.ctex[39m[0m
[  48% ] [90m[1msavepack[22m | Storing File: res://modules/shell/prototype/gallery_walk4/kid/23.png.import[39m[0m
[  48% ] [90m[1msavepack[22m | Storing File: res://.godot/imported/24.png-4c28940929f14688cfcbdc93248a7fac.ctex[39m[0m
[  48% ] [90m[1msavepack[22m | Storing File: res://modules/shell/prototype/gallery_walk4/kid/24.png.import[39m[0m
[  48% ] [90m[1msavepack[22m | Storing File: res://.godot/imported/25.png-e60521f523e9e41e752586d6640859a6.ctex[39m[0m
[  48% ] [90m[1msavepack[22m | Storing File: res://modules/shell/prototype/gallery_walk4/kid/25.png.import[39m[0m
[  48% ] [90m[1msavepack[22m | Storing File: res://.godot/imported/26.png-891e1ce560a72637814b14cdb7cbf4dc.ctex[39m[0m
[  48% ] [90m[1msavepack[22m | Storing File: res://modules/shell/prototype/gallery_walk4/kid/26.png.import[39m[0m
[  48% ] [90m[1msavepack[22m | Storing File: res://.godot/imported/27.png-3dacc80153251f6e62cc2d5d00fa3de5.ctex[39m[0m
[  48% ] [90m[1msavepack[22m | Storing File: res://modules/shell/prototype/gallery_walk4/kid/27.png.import[39m[0m
[  49% ] [90m[1msavepack[22m | Storing File: res://.godot/imported/28.png-c7496973576429e94a724e99c618c873.ctex[39m[0m
[  49% ] [90m[1msavepack[22m | Storing File: res://modules/shell/prototype/gallery_walk4/kid/28.png.import[39m[0m
[  49% ] [90m[1msavepack[22m | Storing File: res://.godot/imported/29.png-95b32eca2506ee7155c0795a838621d2.ctex[39m[0m
[  49% ] [90m[1msavepack[22m | Storing File: res://modules/shell/prototype/gallery_walk4/kid/29.png.import[39m[0m
[  49% ] [90m[1msavepack[22m | Storing File: res://.godot/imported/30.png-67d9605acd2283c6bc210f01c7e82326.ctex[39m[0m
[  49% ] [90m[1msavepack[22m | Storing File: res://modules/shell/prototype/gallery_walk4/kid/30.png.import[39m[0m
[  49% ] [90m[1msavepack[22m | Storing File: res://.godot/imported/31.png-360bf7b43d06dec17ce762fc2f28cc79.ctex[39m[0m
[  49% ] [90m[1msavepack[22m | Storing File: res://modules/shell/prototype/gallery_walk4/kid/31.png.import[39m[0m
[  49% ] [90m[1msavepack[22m | Storing File: res://.godot/imported/32.png-bc5bff04d9b841fdc37003def9614a06.ctex[39m[0m
[  49% ] [90m[1msavepack[22m | Storing File: res://modules/shell/prototype/gallery_walk4/kid/32.png.import[39m[0m
[  49% ] [90m[1msavepack[22m | Storing File: res://.godot/imported/33.png-76e4bec0b1505a755930c081c155d3e1.ctex[39m[0m
[  49% ] [90m[1msavepack[22m | Storing File: res://modules/shell/prototype/gallery_walk4/kid/33.png.import[39m[0m
[  49% ] [90m[1msavepack[22m | Storing File: res://.godot/imported/34.png-6d7033f9cac5532073c73bdebe59b71b.ctex[39m[0m
[  49% ] [90m[1msavepack[22m | Storing File: res://modules/shell/prototype/gallery_walk4/kid/34.png.import[39m[0m
[  49% ] [90m[1msavepack[22m | Storing File: res://.godot/imported/35.png-5986491d32f241b586ede3da0fbb445c.ctex[39m[0m
[  49% ] [90m[1msavepack[22m | Storing File: res://modules/shell/prototype/gallery_walk4/kid/35.png.import[39m[0m
[  49% ] [90m[1msavepack[22m | Storing File: res://.godot/imported/36.png-5b75d249d9cf39e0235656b1c87eca04.ctex[39m[0m
[  49% ] [90m[1msavepack[22m | Storing File: res://modules/shell/prototype/gallery_walk4/kid/36.png.import[39m[0m
[  49% ] [90m[1msavepack[22m | Storing File: res://.godot/imported/37.png-11b1604bce22ba38c9f365190e3bd296.ctex[39m[0m
[  49% ] [90m[1msavepack[22m | Storing File: res://modules/shell/prototype/gallery_walk4/kid/37.png.import[39m[0m
[  50% ] [90m[1msavepack[22m | Storing File: res://.godot/imported/38.png-4ed2b8587130eb1d5494b3b654a3c0ae.ctex[39m[0m
[  50% ] [90m[1msavepack[22m | Storing File: res://modules/shell/prototype/gallery_walk4/kid/38.png.import[39m[0m
[  50% ] [90m[1msavepack[22m | Storing File: res://.godot/imported/39.png-0bf2ce1eb959025891a1c318eff03ce1.ctex[39m[0m
[  50% ] [90m[1msavepack[22m | Storing File: res://modules/shell/prototype/gallery_walk4/kid/39.png.import[39m[0m
[  50% ] [90m[1msavepack[22m | Storing File: res://.godot/imported/40.png-5d8e4262999c58d8836461cd29893fc4.ctex[39m[0m
[  50% ] [90m[1msavepack[22m | Storing File: res://modules/shell/prototype/gallery_walk4/kid/40.png.import[39m[0m
[  50% ] [90m[1msavepack[22m | Storing File: res://.godot/imported/41.png-012441ba0358cde2fe9a61b7bfd2b75d.ctex[39m[0m
[  50% ] [90m[1msavepack[22m | Storing File: res://modules/shell/prototype/gallery_walk4/kid/41.png.import[39m[0m
[  50% ] [90m[1msavepack[22m | Storing File: res://.godot/imported/42.png-f8fbfa2def53602eb5e1ad2f24b69174.ctex[39m[0m
[  50% ] [90m[1msavepack[22m | Storing File: res://modules/shell/prototype/gallery_walk4/kid/42.png.import[39m[0m
[  50% ] [90m[1msavepack[22m | Storing File: res://.godot/imported/43.png-6196cf81a4a80ca6cb3722b10512fea0.ctex[39m[0m
[  50% ] [90m[1msavepack[22m | Storing File: res://modules/shell/prototype/gallery_walk4/kid/43.png.import[39m[0m
[  50% ] [90m[1msavepack[22m | Storing File: res://.godot/imported/44.png-f53052f022824216194c5cfb2420a077.ctex[39m[0m
[  50% ] [90m[1msavepack[22m | Storing File: res://modules/shell/prototype/gallery_walk4/kid/44.png.import[39m[0m
[  50% ] [90m[1msavepack[22m | Storing File: res://.godot/imported/45.png-3e7388e190ba1e2b9380898b43e44193.ctex[39m[0m
[  50% ] [90m[1msavepack[22m | Storing File: res://modules/shell/prototype/gallery_walk4/kid/45.png.import[39m[0m
[  50% ] [90m[1msavepack[22m | Storing File: res://.godot/imported/46.png-2a03b47410c4a59a5e3eb48850b79ff4.ctex[39m[0m
[  50% ] [90m[1msavepack[22m | Storing File: res://modules/shell/prototype/gallery_walk4/kid/46.png.import[39m[0m
[  50% ] [90m[1msavepack[22m | Storing File: res://.godot/imported/47.png-73da7197b66f66de3535979683a1c126.ctex[39m[0m
[  50% ] [90m[1msavepack[22m | Storing File: res://modules/shell/prototype/gallery_walk4/kid/47.png.import[39m[0m
[  51% ] [90m[1msavepack[22m | Storing File: res://modules/shell/prototype/gallery_walk4/rig/check.gdc[39m[0m
[  51% ] [90m[1msavepack[22m | Storing File: res://modules/shell/prototype/gallery_walk4/rig/contact_check.gdc[39m[0m
[  51% ] [90m[1msavepack[22m | Storing File: res://modules/shell/prototype/gallery_walk4/rig/render_check.gdc[39m[0m
[  51% ] [90m[1msavepack[22m | Storing File: res://modules/shell/prototype/gallery_walk4/rig/visitor.gdc[39m[0m
[  51% ] [90m[1msavepack[22m | Storing File: res://.godot/imported/visitor.glb-fb1d76b221563424851fe8ff11a63b7d.scn[39m[0m
[  51% ] [90m[1msavepack[22m | Storing File: res://modules/shell/prototype/gallery_walk4/rig/visitor.glb.import[39m[0m
[  51% ] [90m[1msavepack[22m | Storing File: res://.godot/imported/visitor_rogue_texture.png-3cf010a870bd72baa3294d7f514660a1.ctex[39m[0m
[  51% ] [90m[1msavepack[22m | Storing File: res://modules/shell/prototype/gallery_walk4/rig/visitor_rogue_texture.png.import[39m[0m
[  51% ] [90m[1msavepack[22m | Storing File: res://.godot/imported/cancel.ogg-bf7bc59f0073ef42b1b90d7b4bc6adc6.oggvorbisstr[39m[0m
[  51% ] [90m[1msavepack[22m | Storing File: res://modules/shell/prototype/gallery_walk4/sounds/cancel.ogg.import[39m[0m
[  51% ] [90m[1msavepack[22m | Storing File: res://.godot/imported/cursor.ogg-984df9ec3f646c00143ddf27eef32810.oggvorbisstr[39m[0m
[  51% ] [90m[1msavepack[22m | Storing File: res://modules/shell/prototype/gallery_walk4/sounds/cursor.ogg.import[39m[0m
[  51% ] [90m[1msavepack[22m | Storing File: res://.godot/imported/door.ogg-51e758746edbecf4dd83bcb20f667174.oggvorbisstr[39m[0m
[  51% ] [90m[1msavepack[22m | Storing File: res://modules/shell/prototype/gallery_walk4/sounds/door.ogg.import[39m[0m
[  52% ] [90m[1msavepack[22m | Storing File: res://.godot/imported/item_select.ogg-6ce27fad9cced583103aa289a95d86e4.oggvorbisstr[39m[0m
[  52% ] [90m[1msavepack[22m | Storing File: res://modules/shell/prototype/gallery_walk4/sounds/item_select.ogg.import[39m[0m
[  52% ] [90m[1msavepack[22m | Storing File: res://.godot/imported/menu_close.ogg-98c3500d3be36f77cdec001b039fd181.oggvorbisstr[39m[0m
[  52% ] [90m[1msavepack[22m | Storing File: res://modules/shell/prototype/gallery_walk4/sounds/menu_close.ogg.import[39m[0m
[  52% ] [90m[1msavepack[22m | Storing File: res://.godot/imported/menu_open.ogg-674ef102d65c29f4f489ce77ccb49be0.oggvorbisstr[39m[0m
[  52% ] [90m[1msavepack[22m | Storing File: res://modules/shell/prototype/gallery_walk4/sounds/menu_open.ogg.import[39m[0m
[  52% ] [90m[1msavepack[22m | Storing File: res://.godot/imported/pickup.ogg-ab0d571587e75b5a002d54c5e8639ea7.oggvorbisstr[39m[0m
[  52% ] [90m[1msavepack[22m | Storing File: res://modules/shell/prototype/gallery_walk4/sounds/pickup.ogg.import[39m[0m
[  52% ] [90m[1msavepack[22m | Storing File: res://.godot/imported/select.ogg-6fd49cdf33f075963b2e5cbc2a91965c.oggvorbisstr[39m[0m
[  52% ] [90m[1msavepack[22m | Storing File: res://modules/shell/prototype/gallery_walk4/sounds/select.ogg.import[39m[0m
[  52% ] [90m[1msavepack[22m | Storing File: res://.godot/imported/step_ground_01.ogg-6dfcbb1ba731d0009e0735aa2352dcb8.oggvorbisstr[39m[0m
[  52% ] [90m[1msavepack[22m | Storing File: res://modules/shell/prototype/gallery_walk4/sounds/step_ground_01.ogg.import[39m[0m
[  52% ] [90m[1msavepack[22m | Storing File: res://.godot/imported/step_ground_02.ogg-5b86299c59e83f4e72216e09e3793e72.oggvorbisstr[39m[0m
[  52% ] [90m[1msavepack[22m | Storing File: res://modules/shell/prototype/gallery_walk4/sounds/step_ground_02.ogg.import[39m[0m
[  52% ] [90m[1msavepack[22m | Storing File: res://.godot/imported/step_ground_03.ogg-b6cc281bc9a157e4932edcafc35d14b7.oggvorbisstr[39m[0m
[  52% ] [90m[1msavepack[22m | Storing File: res://modules/shell/prototype/gallery_walk4/sounds/step_ground_03.ogg.import[39m[0m
[  52% ] [90m[1msavepack[22m | Storing File: res://.godot/imported/step_ground_04.ogg-245405ea0b1cd184d78323254dd55e7e.oggvorbisstr[39m[0m
[  52% ] [90m[1msavepack[22m | Storing File: res://modules/shell/prototype/gallery_walk4/sounds/step_ground_04.ogg.import[39m[0m
[  52% ] [90m[1msavepack[22m | Storing File: res://.godot/imported/step_wood_01.ogg-a26cd32b140537588e22d624e412cfe8.oggvorbisstr[39m[0m
[  52% ] [90m[1msavepack[22m | Storing File: res://modules/shell/prototype/gallery_walk4/sounds/step_wood_01.ogg.import[39m[0m
[  53% ] [90m[1msavepack[22m | Storing File: res://.godot/imported/step_wood_02.ogg-11877fe42e5618fcd4385f77c1676608.oggvorbisstr[39m[0m
[  53% ] [90m[1msavepack[22m | Storing File: res://modules/shell/prototype/gallery_walk4/sounds/step_wood_02.ogg.import[39m[0m
[  53% ] [90m[1msavepack[22m | Storing File: res://.godot/imported/step_wood_03.ogg-47c64144deea5eb75e770efac70f7ccc.oggvorbisstr[39m[0m
[  53% ] [90m[1msavepack[22m | Storing File: res://modules/shell/prototype/gallery_walk4/sounds/step_wood_03.ogg.import[39m[0m
[  53% ] [90m[1msavepack[22m | Storing File: res://.godot/imported/step_wood_04.ogg-346ecb499decc0c7d9990a583f7598af.oggvorbisstr[39m[0m
[  53% ] [90m[1msavepack[22m | Storing File: res://modules/shell/prototype/gallery_walk4/sounds/step_wood_04.ogg.import[39m[0m
[  53% ] [90m[1msavepack[22m | Storing File: res://.godot/imported/step_wood_05.ogg-548610ec0ea024f518dee45208aa8499.oggvorbisstr[39m[0m
[  53% ] [90m[1msavepack[22m | Storing File: res://modules/shell/prototype/gallery_walk4/sounds/step_wood_05.ogg.import[39m[0m
[  53% ] [90m[1msavepack[22m | Storing File: res://.godot/imported/step_wood_06.ogg-aaa9237760fc00cb74ebb35d90a0334e.oggvorbisstr[39m[0m
[  53% ] [90m[1msavepack[22m | Storing File: res://modules/shell/prototype/gallery_walk4/sounds/step_wood_06.ogg.import[39m[0m
[  53% ] [90m[1msavepack[22m | Storing File: res://.godot/imported/bench-cloth-muse.webp-ac64b8ee080e763cf079910d13155b13.s3tc.ctex[39m[0m
[  53% ] [90m[1msavepack[22m | Storing File: res://.godot/imported/bench-cloth-muse.webp-ac64b8ee080e763cf079910d13155b13.etc2.ctex[39m[0m
[  53% ] [90m[1msavepack[22m | Storing File: res://modules/shell/prototype/gallery_walk4/textures/bench-cloth-muse.webp.import[39m[0m
[  53% ] [90m[1msavepack[22m | Storing File: res://.godot/imported/cornice-ivory.svg-360a9aaada0e7cf2185b5c66984ff3da.s3tc.ctex[39m[0m
[  53% ] [90m[1msavepack[22m | Storing File: res://.godot/imported/cornice-ivory.svg-360a9aaada0e7cf2185b5c66984ff3da.etc2.ctex[39m[0m
[  53% ] [90m[1msavepack[22m | Storing File: res://modules/shell/prototype/gallery_walk4/textures/cornice-ivory.svg.import[39m[0m
[  53% ] [90m[1msavepack[22m | Storing File: res://.godot/imported/door-arch.jpg-f2c8df6c363fbd5488632ec76fd44813.s3tc.ctex[39m[0m
[  53% ] [90m[1msavepack[22m | Storing File: res://.godot/imported/door-arch.jpg-f2c8df6c363fbd5488632ec76fd44813.etc2.ctex[39m[0m
[  53% ] [90m[1msavepack[22m | Storing File: res://modules/shell/prototype/gallery_walk4/textures/door-arch.jpg.import[39m[0m
[  53% ] [90m[1msavepack[22m | Storing File: res://.godot/imported/door-far.jpg-48b55b4f65736a20ee3bcb82d661b9a6.ctex[39m[0m
[  53% ] [90m[1msavepack[22m | Storing File: res://modules/shell/prototype/gallery_walk4/textures/door-far.jpg.import[39m[0m
[  54% ] [90m[1msavepack[22m | Storing File: res://.godot/imported/exit-sign.svg-e0d9f53c50e60d5c4571e7565919c2e2.s3tc.ctex[39m[0m
[  54% ] [90m[1msavepack[22m | Storing File: res://.godot/imported/exit-sign.svg-e0d9f53c50e60d5c4571e7565919c2e2.etc2.ctex[39m[0m
[  54% ] [90m[1msavepack[22m | Storing File: res://modules/shell/prototype/gallery_walk4/textures/exit-sign.svg.import[39m[0m
[  54% ] [90m[1msavepack[22m | Storing File: res://.godot/imported/floor.png-6719ac5795b2903ae6c9f001b0592fd5.ctex[39m[0m
[  54% ] [90m[1msavepack[22m | Storing File: res://modules/shell/prototype/gallery_walk4/textures/floor.png.import[39m[0m
[  54% ] [90m[1msavepack[22m | Storing File: res://.godot/imported/ivory-trim.svg-358a46dc19deab8a6d70eeff018254ff.s3tc.ctex[39m[0m
[  54% ] [90m[1msavepack[22m | Storing File: res://.godot/imported/ivory-trim.svg-358a46dc19deab8a6d70eeff018254ff.etc2.ctex[39m[0m
[  54% ] [90m[1msavepack[22m | Storing File: res://modules/shell/prototype/gallery_walk4/textures/ivory-trim.svg.import[39m[0m
[  54% ] [90m[1msavepack[22m | Storing File: res://.godot/imported/oak-board-atlas-168-v3.webp-f7ce919a4c31370a940a2b9a7f2e790f.s3tc.ctex[39m[0m
[  54% ] [90m[1msavepack[22m | Storing File: res://.godot/imported/oak-board-atlas-168-v3.webp-f7ce919a4c31370a940a2b9a7f2e790f.etc2.ctex[39m[0m
[  54% ] [90m[1msavepack[22m | Storing File: res://modules/shell/prototype/gallery_walk4/textures/oak-board-atlas-168-v3.webp.import[39m[0m
[  54% ] [90m[1msavepack[22m | Storing File: res://.godot/imported/oak-muse.webp-61be9fa16fdf8ab46025bc8d38bebbd8.s3tc.ctex[39m[0m
[  54% ] [90m[1msavepack[22m | Storing File: res://.godot/imported/oak-muse.webp-61be9fa16fdf8ab46025bc8d38bebbd8.etc2.ctex[39m[0m
[  54% ] [90m[1msavepack[22m | Storing File: res://modules/shell/prototype/gallery_walk4/textures/oak-muse.webp.import[39m[0m
[  54% ] [90m[1msavepack[22m | Storing File: res://.godot/imported/oak.png-b9b1b852d74c9124d4d6624912978c21.s3tc.ctex[39m[0m
[  54% ] [90m[1msavepack[22m | Storing File: res://.godot/imported/oak.png-b9b1b852d74c9124d4d6624912978c21.etc2.ctex[39m[0m
[  54% ] [90m[1msavepack[22m | Storing File: res://modules/shell/prototype/gallery_walk4/textures/oak.png.import[39m[0m
[  54% ] [90m[1msavepack[22m | Storing File: res://.godot/imported/skylight-grid-168.svg-47b7c8f0732e664e1ee9f10be620bbcb.s3tc.ctex[39m[0m
[  54% ] [90m[1msavepack[22m | Storing File: res://.godot/imported/skylight-grid-168.svg-47b7c8f0732e664e1ee9f10be620bbcb.etc2.ctex[39m[0m
[  54% ] [90m[1msavepack[22m | Storing File: res://modules/shell/prototype/gallery_walk4/textures/skylight-grid-168.svg.import[39m[0m
[  54% ] [90m[1msavepack[22m | Storing File: res://.godot/imported/skylight.png-b5ce732c1fdc77630c6f0dc92629e2c8.ctex[39m[0m
[  54% ] [90m[1msavepack[22m | Storing File: res://modules/shell/prototype/gallery_walk4/textures/skylight.png.import[39m[0m
[  54% ] [90m[1msavepack[22m | Storing File: res://.godot/imported/stone.png-df21f01aba0fdd9fdaf5a729990aa6d0.s3tc.ctex[39m[0m
[  54% ] [90m[1msavepack[22m | Storing File: res://.godot/imported/stone.png-df21f01aba0fdd9fdaf5a729990aa6d0.etc2.ctex[39m[0m
[  54% ] [90m[1msavepack[22m | Storing File: res://modules/shell/prototype/gallery_walk4/textures/stone.png.import[39m[0m
[  54% ] [90m[1msavepack[22m | Storing File: res://.godot/imported/wall-muse.webp-9ab8856f456b1281683061f64c05a88a.s3tc.ctex[39m[0m
[  54% ] [90m[1msavepack[22m | Storing File: res://.godot/imported/wall-muse.webp-9ab8856f456b1281683061f64c05a88a.etc2.ctex[39m[0m
[  54% ] [90m[1msavepack[22m | Storing File: res://modules/shell/prototype/gallery_walk4/textures/wall-muse.webp.import[39m[0m
[  55% ] [90m[1msavepack[22m | Storing File: res://.godot/imported/wall.png-fe2e03005f310e633ff0f5161787e653.ctex[39m[0m
[  55% ] [90m[1msavepack[22m | Storing File: res://modules/shell/prototype/gallery_walk4/textures/wall.png.import[39m[0m
[  55% ] [90m[1msavepack[22m | Storing File: res://.godot/imported/idle.webp-3e6327bb5cb626c3086e9c0749e5a3eb.ctex[39m[0m
[  55% ] [90m[1msavepack[22m | Storing File: res://modules/shell/prototype/gallery_walk4/visitor/idle.webp.import[39m[0m
[  55% ] [90m[1msavepack[22m | Storing File: res://.godot/imported/look-01.png-b4211a69db633d950b931a18cfe74949.ctex[39m[0m
[  55% ] [90m[1msavepack[22m | Storing File: res://modules/shell/prototype/gallery_walk4/visitor/look-01.png.import[39m[0m
[  55% ] [90m[1msavepack[22m | Storing File: res://.godot/imported/look-02.png-5f3c3c3e46190a70b77af87c4d773737.ctex[39m[0m
[  55% ] [90m[1msavepack[22m | Storing File: res://modules/shell/prototype/gallery_walk4/visitor/look-02.png.import[39m[0m
[  55% ] [90m[1msavepack[22m | Storing File: res://.godot/imported/look-03.png-48edad848a8f4a54fcac6dd974bcd4ec.ctex[39m[0m
[  55% ] [90m[1msavepack[22m | Storing File: res://modules/shell/prototype/gallery_walk4/visitor/look-03.png.import[39m[0m
[  55% ] [90m[1msavepack[22m | Storing File: res://.godot/imported/look-04.png-142a2a1dcd67c72c60a1557a26693766.ctex[39m[0m
[  55% ] [90m[1msavepack[22m | Storing File: res://modules/shell/prototype/gallery_walk4/visitor/look-04.png.import[39m[0m
[  55% ] [90m[1msavepack[22m | Storing File: res://.godot/imported/look-05.png-336bdf2f5539cc897f0d5fefeef4026a.ctex[39m[0m
[  55% ] [90m[1msavepack[22m | Storing File: res://modules/shell/prototype/gallery_walk4/visitor/look-05.png.import[39m[0m
[  55% ] [90m[1msavepack[22m | Storing File: res://.godot/imported/look-06.png-6e266e01882cf21bd72891ad193aefed.ctex[39m[0m
[  55% ] [90m[1msavepack[22m | Storing File: res://modules/shell/prototype/gallery_walk4/visitor/look-06.png.import[39m[0m
[  55% ] [90m[1msavepack[22m | Storing File: res://.godot/imported/look-07.png-d0911b40d783c7c1211c69496245cbaf.ctex[39m[0m
[  55% ] [90m[1msavepack[22m | Storing File: res://modules/shell/prototype/gallery_walk4/visitor/look-07.png.import[39m[0m
[  56% ] [90m[1msavepack[22m | Storing File: res://.godot/imported/look-08.png-eab17d16844fa9b468d7bfaba23a2bfa.ctex[39m[0m
[  56% ] [90m[1msavepack[22m | Storing File: res://modules/shell/prototype/gallery_walk4/visitor/look-08.png.import[39m[0m
[  56% ] [90m[1msavepack[22m | Storing File: res://.godot/imported/look-09.png-2fd56f2a38110d57ad1794c784128cbd.ctex[39m[0m
[  56% ] [90m[1msavepack[22m | Storing File: res://modules/shell/prototype/gallery_walk4/visitor/look-09.png.import[39m[0m
[  56% ] [90m[1msavepack[22m | Storing File: res://.godot/imported/look-10.png-1f2150154acd26a1e152826e0bb5adbc.ctex[39m[0m
[  56% ] [90m[1msavepack[22m | Storing File: res://modules/shell/prototype/gallery_walk4/visitor/look-10.png.import[39m[0m
[  56% ] [90m[1msavepack[22m | Storing File: res://.godot/imported/look-11.png-af38e9c57287fc48a78977c964a3506d.ctex[39m[0m
[  56% ] [90m[1msavepack[22m | Storing File: res://modules/shell/prototype/gallery_walk4/visitor/look-11.png.import[39m[0m
[  56% ] [90m[1msavepack[22m | Storing File: res://.godot/imported/look-12.png-5a8d7380e7f2137c381859610b9ce447.ctex[39m[0m
[  56% ] [90m[1msavepack[22m | Storing File: res://modules/shell/prototype/gallery_walk4/visitor/look-12.png.import[39m[0m
[  56% ] [90m[1msavepack[22m | Storing File: res://.godot/imported/look-13.png-6610ca8def665182d708bc99f2e512ec.ctex[39m[0m
[  56% ] [90m[1msavepack[22m | Storing File: res://modules/shell/prototype/gallery_walk4/visitor/look-13.png.import[39m[0m
[  56% ] [90m[1msavepack[22m | Storing File: res://.godot/imported/look-14.png-e63269d020e5a8e30cecbf96e27fdd19.ctex[39m[0m
[  56% ] [90m[1msavepack[22m | Storing File: res://modules/shell/prototype/gallery_walk4/visitor/look-14.png.import[39m[0m
[  56% ] [90m[1msavepack[22m | Storing File: res://.godot/imported/look-15.png-69d43356ab6706182dd6e0e7fc8315af.ctex[39m[0m
[  56% ] [90m[1msavepack[22m | Storing File: res://modules/shell/prototype/gallery_walk4/visitor/look-15.png.import[39m[0m
[  56% ] [90m[1msavepack[22m | Storing File: res://.godot/imported/look-16.png-bcdfd95cce412f394f15ccc668e76a0f.ctex[39m[0m
[  56% ] [90m[1msavepack[22m | Storing File: res://modules/shell/prototype/gallery_walk4/visitor/look-16.png.import[39m[0m
[  56% ] [90m[1msavepack[22m | Storing File: res://.godot/imported/look-17.png-1fa4b4b2c5e9e27a681dcd72b48df218.ctex[39m[0m
[  56% ] [90m[1msavepack[22m | Storing File: res://modules/shell/prototype/gallery_walk4/visitor/look-17.png.import[39m[0m
[  57% ] [90m[1msavepack[22m | Storing File: res://.godot/imported/look-18.png-53d7ca0efdd498e1a10943c7327aad79.ctex[39m[0m
[  57% ] [90m[1msavepack[22m | Storing File: res://modules/shell/prototype/gallery_walk4/visitor/look-18.png.import[39m[0m
[  57% ] [90m[1msavepack[22m | Storing File: res://modules/shell/prototype/gallery_walk4/visitor/motion.json[39m[0m
[  57% ] [90m[1msavepack[22m | Storing File: res://.godot/imported/walk-01.png-f1293844e75787787fce6548c0bd31e1.ctex[39m[0m
[  57% ] [90m[1msavepack[22m | Storing File: res://modules/shell/prototype/gallery_walk4/visitor/walk-01.png.import[39m[0m
[  57% ] [90m[1msavepack[22m | Storing File: res://.godot/imported/walk-02.png-9067e33662e1751f9e5b337e32184ff2.ctex[39m[0m
[  57% ] [90m[1msavepack[22m | Storing File: res://modules/shell/prototype/gallery_walk4/visitor/walk-02.png.import[39m[0m
[  57% ] [90m[1msavepack[22m | Storing File: res://.godot/imported/walk-03.png-e5ea2a46446863472a1b1696e0e82492.ctex[39m[0m
[  57% ] [90m[1msavepack[22m | Storing File: res://modules/shell/prototype/gallery_walk4/visitor/walk-03.png.import[39m[0m
[  57% ] [90m[1msavepack[22m | Storing File: res://.godot/imported/walk-04.png-32b614ca819990d9f7a7725da15aa80b.ctex[39m[0m
[  57% ] [90m[1msavepack[22m | Storing File: res://modules/shell/prototype/gallery_walk4/visitor/walk-04.png.import[39m[0m
[  57% ] [90m[1msavepack[22m | Storing File: res://.godot/imported/walk-05.png-0a543fc513a0f91e11f45ea38bce3cfc.ctex[39m[0m
[  57% ] [90m[1msavepack[22m | Storing File: res://modules/shell/prototype/gallery_walk4/visitor/walk-05.png.import[39m[0m
[  57% ] [90m[1msavepack[22m | Storing File: res://.godot/imported/walk-06.png-5ae89b8e2f89e28a7d0b9892fd041f15.ctex[39m[0m
[  57% ] [90m[1msavepack[22m | Storing File: res://modules/shell/prototype/gallery_walk4/visitor/walk-06.png.import[39m[0m
[  57% ] [90m[1msavepack[22m | Storing File: res://.godot/imported/walk-07.png-2d03c641f2d57714f7798ef74f42e6ac.ctex[39m[0m
[  57% ] [90m[1msavepack[22m | Storing File: res://modules/shell/prototype/gallery_walk4/visitor/walk-07.png.import[39m[0m
[  58% ] [90m[1msavepack[22m | Storing File: res://.godot/imported/walk-08.png-93638f109fd230798e1311ad99be79ea.ctex[39m[0m
[  58% ] [90m[1msavepack[22m | Storing File: res://modules/shell/prototype/gallery_walk4/visitor/walk-08.png.import[39m[0m
[  58% ] [90m[1msavepack[22m | Storing File: res://.godot/imported/walk-09.png-cda4b209ec468548a37ed3ffd9547ef3.ctex[39m[0m
[  58% ] [90m[1msavepack[22m | Storing File: res://modules/shell/prototype/gallery_walk4/visitor/walk-09.png.import[39m[0m
[  58% ] [90m[1msavepack[22m | Storing File: res://.godot/imported/walk-10.png-2409fa9a1e516f289c82ff26e2876edf.ctex[39m[0m
[  58% ] [90m[1msavepack[22m | Storing File: res://modules/shell/prototype/gallery_walk4/visitor/walk-10.png.import[39m[0m
[  58% ] [90m[1msavepack[22m | Storing File: res://.godot/imported/walk-11.png-06732ee3526c171e068ac3f2f1165e60.ctex[39m[0m
[  58% ] [90m[1msavepack[22m | Storing File: res://modules/shell/prototype/gallery_walk4/visitor/walk-11.png.import[39m[0m
[  58% ] [90m[1msavepack[22m | Storing File: res://.godot/imported/walk-12.png-d022389701c855aee3733240f0192a6b.ctex[39m[0m
[  58% ] [90m[1msavepack[22m | Storing File: res://modules/shell/prototype/gallery_walk4/visitor/walk-12.png.import[39m[0m
[  58% ] [90m[1msavepack[22m | Storing File: res://.godot/imported/walk-13.png-ee22b9112694c6f17c2bb0e4cb6e0e5c.ctex[39m[0m
[  58% ] [90m[1msavepack[22m | Storing File: res://modules/shell/prototype/gallery_walk4/visitor/walk-13.png.import[39m[0m
[  58% ] [90m[1msavepack[22m | Storing File: res://.godot/imported/walk-14.png-9e2d1d9e3edb14c12209024bcdc49af5.ctex[39m[0m
[  58% ] [90m[1msavepack[22m | Storing File: res://modules/shell/prototype/gallery_walk4/visitor/walk-14.png.import[39m[0m
[  58% ] [90m[1msavepack[22m | Storing File: res://.godot/imported/walk-15.png-4237ab4184bb40e268c862bd316ade8b.ctex[39m[0m
[  58% ] [90m[1msavepack[22m | Storing File: res://modules/shell/prototype/gallery_walk4/visitor/walk-15.png.import[39m[0m
[  58% ] [90m[1msavepack[22m | Storing File: res://.godot/imported/walk-16.png-7401871aab8f28a429b0b062e21bfcc5.ctex[39m[0m
[  58% ] [90m[1msavepack[22m | Storing File: res://modules/shell/prototype/gallery_walk4/visitor/walk-16.png.import[39m[0m
[  58% ] [90m[1msavepack[22m | Storing File: res://.godot/imported/walk-17.png-084de1521cb852c4c77cde55dea9d605.ctex[39m[0m
[  58% ] [90m[1msavepack[22m | Storing File: res://modules/shell/prototype/gallery_walk4/visitor/walk-17.png.import[39m[0m
[  59% ] [90m[1msavepack[22m | Storing File: res://.godot/imported/walk-18.png-54ea4b04f27d4e44294721dbd5663c1c.ctex[39m[0m
[  59% ] [90m[1msavepack[22m | Storing File: res://modules/shell/prototype/gallery_walk4/visitor/walk-18.png.import[39m[0m
[  59% ] [90m[1msavepack[22m | Storing File: res://.godot/imported/walk-19.png-82bb5c975953545a6ff5f4a733ca23ce.ctex[39m[0m
[  59% ] [90m[1msavepack[22m | Storing File: res://modules/shell/prototype/gallery_walk4/visitor/walk-19.png.import[39m[0m
[  59% ] [90m[1msavepack[22m | Storing File: res://.godot/imported/walk-20.png-b31ee722e13260c81980eabb920bd85b.ctex[39m[0m
[  59% ] [90m[1msavepack[22m | Storing File: res://modules/shell/prototype/gallery_walk4/visitor/walk-20.png.import[39m[0m
[  59% ] [90m[1msavepack[22m | Storing File: res://.godot/imported/walk-21.png-ff4a693ab35d1249f165510dc64f360e.ctex[39m[0m
[  59% ] [90m[1msavepack[22m | Storing File: res://modules/shell/prototype/gallery_walk4/visitor/walk-21.png.import[39m[0m
[  59% ] [90m[1msavepack[22m | Storing File: res://.godot/imported/wave-01.png-ede8c7ec222c79705af5357187599bf7.ctex[39m[0m
[  59% ] [90m[1msavepack[22m | Storing File: res://modules/shell/prototype/gallery_walk4/visitor/wave-01.png.import[39m[0m
[  59% ] [90m[1msavepack[22m | Storing File: res://.godot/imported/wave-02.png-4621d7af0ff038555ebf0122ee348cf7.ctex[39m[0m
[  59% ] [90m[1msavepack[22m | Storing File: res://modules/shell/prototype/gallery_walk4/visitor/wave-02.png.import[39m[0m
[  59% ] [90m[1msavepack[22m | Storing File: res://.godot/imported/wave-03.png-707b92264b948253ab4c6bd7fc731bca.ctex[39m[0m
[  59% ] [90m[1msavepack[22m | Storing File: res://modules/shell/prototype/gallery_walk4/visitor/wave-03.png.import[39m[0m
[  59% ] [90m[1msavepack[22m | Storing File: res://.godot/imported/wave-04.png-670fb2eddf72f8bd3de5b6c010131d58.ctex[39m[0m
[  59% ] [90m[1msavepack[22m | Storing File: res://modules/shell/prototype/gallery_walk4/visitor/wave-04.png.import[39m[0m
[  59% ] [90m[1msavepack[22m | Storing File: res://.godot/imported/wave-05.png-e3a396e25ba1c92d32cd46d81b625aec.ctex[39m[0m
[  59% ] [90m[1msavepack[22m | Storing File: res://modules/shell/prototype/gallery_walk4/visitor/wave-05.png.import[39m[0m
[  60% ] [90m[1msavepack[22m | Storing File: res://.godot/imported/wave-06.png-be65b38aba2d7d981aa28b3db376f0de.ctex[39m[0m
[  60% ] [90m[1msavepack[22m | Storing File: res://modules/shell/prototype/gallery_walk4/visitor/wave-06.png.import[39m[0m
[  60% ] [90m[1msavepack[22m | Storing File: res://.godot/imported/wave-07.png-0f6a53e7e9560d8bc4adca206de2cf30.ctex[39m[0m
[  60% ] [90m[1msavepack[22m | Storing File: res://modules/shell/prototype/gallery_walk4/visitor/wave-07.png.import[39m[0m
[  60% ] [90m[1msavepack[22m | Storing File: res://.godot/imported/wave-08.png-8b23967cf5793effd12ea50c4c6e1ed5.ctex[39m[0m
[  60% ] [90m[1msavepack[22m | Storing File: res://modules/shell/prototype/gallery_walk4/visitor/wave-08.png.import[39m[0m
[  60% ] [90m[1msavepack[22m | Storing File: res://.godot/imported/wave-09.png-2faf367881ea7553a65230c6593fa800.ctex[39m[0m
[  60% ] [90m[1msavepack[22m | Storing File: res://modules/shell/prototype/gallery_walk4/visitor/wave-09.png.import[39m[0m
[  60% ] [90m[1msavepack[22m | Storing File: res://.godot/imported/wave-10.png-79cc67aa0ecf104efa4729c546caacf9.ctex[39m[0m
[  60% ] [90m[1msavepack[22m | Storing File: res://modules/shell/prototype/gallery_walk4/visitor/wave-10.png.import[39m[0m
[  60% ] [90m[1msavepack[22m | Storing File: res://.godot/imported/wave-11.png-5d9622e922debb0b833a959ccbaaeeb8.ctex[39m[0m
[  60% ] [90m[1msavepack[22m | Storing File: res://modules/shell/prototype/gallery_walk4/visitor/wave-11.png.import[39m[0m
[  60% ] [90m[1msavepack[22m | Storing File: res://.godot/imported/wave-12.png-e987853342c0bc612f618ab35f5ca7cd.ctex[39m[0m
[  60% ] [90m[1msavepack[22m | Storing File: res://modules/shell/prototype/gallery_walk4/visitor/wave-12.png.import[39m[0m
[  60% ] [90m[1msavepack[22m | Storing File: res://.godot/imported/wave-13.png-35acfb8c07a72a55c11ac5a103d47e01.ctex[39m[0m
[  60% ] [90m[1msavepack[22m | Storing File: res://modules/shell/prototype/gallery_walk4/visitor/wave-13.png.import[39m[0m
[  60% ] [90m[1msavepack[22m | Storing File: res://.godot/imported/wave-14.png-002ccb9d4f00ac8db59a3c6b7dc9eda4.ctex[39m[0m
[  60% ] [90m[1msavepack[22m | Storing File: res://modules/shell/prototype/gallery_walk4/visitor/wave-14.png.import[39m[0m
[  60% ] [90m[1msavepack[22m | Storing File: res://.godot/imported/wave-15.png-ab9354d736ac5cd4ec4e1c6956ffe8f2.ctex[39m[0m
[  60% ] [90m[1msavepack[22m | Storing File: res://modules/shell/prototype/gallery_walk4/visitor/wave-15.png.import[39m[0m
[  61% ] [90m[1msavepack[22m | Storing File: res://.godot/imported/wave-16.png-3e6b6d62cdde00caf4306d60bd3694fb.ctex[39m[0m
[  61% ] [90m[1msavepack[22m | Storing File: res://modules/shell/prototype/gallery_walk4/visitor/wave-16.png.import[39m[0m
[  61% ] [90m[1msavepack[22m | Storing File: res://.godot/imported/wave-17.png-d4c0e9d7c26190174daf8ca33f111a48.ctex[39m[0m
[  61% ] [90m[1msavepack[22m | Storing File: res://modules/shell/prototype/gallery_walk4/visitor/wave-17.png.import[39m[0m
[  61% ] [90m[1msavepack[22m | Storing File: res://.godot/imported/wave-18.png-b7178c9928695723a9e39b6036a327d9.ctex[39m[0m
[  61% ] [90m[1msavepack[22m | Storing File: res://modules/shell/prototype/gallery_walk4/visitor/wave-18.png.import[39m[0m
[  61% ] [90m[1msavepack[22m | Storing File: res://.godot/imported/wave-19.png-fa95d1122f19c826ccbe40f7f81f30ad.ctex[39m[0m
[  61% ] [90m[1msavepack[22m | Storing File: res://modules/shell/prototype/gallery_walk4/visitor/wave-19.png.import[39m[0m
[  61% ] [90m[1msavepack[22m | Storing File: res://.godot/imported/wave-20.png-9628dce0fc4f250106bd9128da0ae56c.ctex[39m[0m
[  61% ] [90m[1msavepack[22m | Storing File: res://modules/shell/prototype/gallery_walk4/visitor/wave-20.png.import[39m[0m
[  61% ] [90m[1msavepack[22m | Storing File: res://.godot/imported/wave-21.png-55992faa32a3d47b3c2da241990206dc.ctex[39m[0m
[  61% ] [90m[1msavepack[22m | Storing File: res://modules/shell/prototype/gallery_walk4/visitor/wave-21.png.import[39m[0m
[  61% ] [90m[1msavepack[22m | Storing File: res://.godot/imported/wave-22.png-ca1a23fcea2b1945e67394401a2f2e81.ctex[39m[0m
[  61% ] [90m[1msavepack[22m | Storing File: res://modules/shell/prototype/gallery_walk4/visitor/wave-22.png.import[39m[0m
[  61% ] [90m[1msavepack[22m | Storing File: res://.godot/imported/wave-23.png-15c3922c8cbd95a8dcd8b6c13d73355e.ctex[39m[0m
[  61% ] [90m[1msavepack[22m | Storing File: res://modules/shell/prototype/gallery_walk4/visitor/wave-23.png.import[39m[0m
[  61% ] [90m[1msavepack[22m | Storing File: res://.godot/imported/wave-24.png-deeb1a931552e66421d005f91b41d6a6.ctex[39m[0m
[  61% ] [90m[1msavepack[22m | Storing File: res://modules/shell/prototype/gallery_walk4/visitor/wave-24.png.import[39m[0m
[  61% ] [90m[1msavepack[22m | Storing File: res://.godot/imported/character.glb-e12061b755981e8fcd4acf8c146c4818.scn[39m[0m
[  61% ] [90m[1msavepack[22m | Storing File: res://modules/shell/prototype/gallery_walk4/visitor159/inputs/character.glb.import[39m[0m
[  62% ] [90m[1msavepack[22m | Storing File: res://.godot/imported/character_risd-163-eye-baked.png-31f77100bf5ba4c72d2963f44f5ef05a.ctex[39m[0m
[  62% ] [90m[1msavepack[22m | Storing File: res://modules/shell/prototype/gallery_walk4/visitor159/inputs/character_risd-163-eye-baked.png.import[39m[0m
[  62% ] [90m[1msavepack[22m | Storing File: res://.godot/imported/character_risd-163-hair36-source-tinted.png-e0aae40f6fc7a25a6fad0df504b4dbd5.ctex[39m[0m
[  62% ] [90m[1msavepack[22m | Storing File: res://modules/shell/prototype/gallery_walk4/visitor159/inputs/character_risd-163-hair36-source-tinted.png.import[39m[0m
[  62% ] [90m[1msavepack[22m | Storing File: res://.godot/imported/character_risd-163-mouth-baked.png-4a525a5a84fa3055a76bb6c84b7464e9.ctex[39m[0m
[  62% ] [90m[1msavepack[22m | Storing File: res://modules/shell/prototype/gallery_walk4/visitor159/inputs/character_risd-163-mouth-baked.png.import[39m[0m
[  62% ] [90m[1msavepack[22m | Storing File: res://.godot/imported/character_risd-163-shirt-baked.png-96ff607d57cb1746a71b258a552a6fb6.ctex[39m[0m
[  62% ] [90m[1msavepack[22m | Storing File: res://modules/shell/prototype/gallery_walk4/visitor159/inputs/character_risd-163-shirt-baked.png.import[39m[0m
[  62% ] [90m[1msavepack[22m | Storing File: res://.godot/imported/donor.glb-82dcbd97f890f6b17ba7687fa66be589.scn[39m[0m
[  62% ] [90m[1msavepack[22m | Storing File: res://modules/shell/prototype/gallery_walk4/visitor159/inputs/donor.glb.import[39m[0m
[  62% ] [90m[1msavepack[22m | Storing File: res://.godot/imported/donor_rogue_texture.png-d08c50a5daee1e78284593e8c69cfb10.ctex[39m[0m
[  62% ] [90m[1msavepack[22m | Storing File: res://modules/shell/prototype/gallery_walk4/visitor159/inputs/donor_rogue_texture.png.import[39m[0m
[  62% ] [90m[1msavepack[22m | Storing File: res://modules/shell/prototype/gallery_walk4/visitor159/visitor.gdc[39m[0m
[  62% ] [90m[1msavepack[22m | Storing File: res://modules/shell/prototype/gallery_walk4/architecture_167_capture.gdc[39m[0m
[  62% ] [90m[1msavepack[22m | Storing File: res://modules/shell/prototype/gallery_walk4/cornice_check.gdc[39m[0m
[  63% ] [90m[1msavepack[22m | Storing File: res://modules/shell/prototype/gallery_walk4/cutaway.gdshader[39m[0m
[  63% ] [90m[1msavepack[22m | Storing File: res://modules/shell/prototype/gallery_walk4/cutaway_floor_check.gdc[39m[0m
[  63% ] [90m[1msavepack[22m | Storing File: res://modules/shell/prototype/gallery_walk4/dbg_tmp.gdc[39m[0m
[  63% ] [90m[1msavepack[22m | Storing File: res://modules/shell/prototype/gallery_walk4/dollhouse_shot.gdc[39m[0m
[  63% ] [90m[1msavepack[22m | Storing File: res://modules/shell/prototype/gallery_walk4/doorway_check.gdc[39m[0m
[  63% ] [90m[1msavepack[22m | Storing File: res://modules/shell/prototype/gallery_walk4/doorway_prototype.gdc[39m[0m
[  63% ] [90m[1msavepack[22m | Storing File: res://.godot/exported/133200997/export-3bbc60c3b18bfe27d82b2d1b1b159089-doorway_prototype.scn[39m[0m
[  63% ] [90m[1msavepack[22m | Storing File: res://modules/shell/prototype/gallery_walk4/doorway_prototype_capture.gdc[39m[0m
[  63% ] [90m[1msavepack[22m | Storing File: res://modules/shell/prototype/gallery_walk4/final_render_check.gdc[39m[0m
[  63% ] [90m[1msavepack[22m | Storing File: res://modules/shell/prototype/gallery_walk4/floor_edges_check.gdc[39m[0m
[  64% ] [90m[1msavepack[22m | Storing File: res://modules/shell/prototype/gallery_walk4/floor_oak.gdshader[39m[0m
[  64% ] [90m[1msavepack[22m | Storing File: res://modules/shell/prototype/gallery_walk4/floor_prototype_capture.gdc[39m[0m
[  64% ] [90m[1msavepack[22m | Storing File: res://modules/shell/prototype/gallery_walk4/gamecube.gdshader[39m[0m
[  64% ] [90m[1msavepack[22m | Storing File: res://modules/shell/prototype/gallery_walk4/gaps.json[39m[0m
[  64% ] [90m[1msavepack[22m | Storing File: res://modules/shell/prototype/gallery_walk4/navigation_check.gdc[39m[0m
[  64% ] [90m[1msavepack[22m | Storing File: res://modules/shell/prototype/gallery_walk4/oak.gdshader[39m[0m
[  64% ] [90m[1msavepack[22m | Storing File: res://modules/shell/prototype/gallery_walk4/owner_repair_check.gdc[39m[0m
[  64% ] [90m[1msavepack[22m | Storing File: res://modules/shell/prototype/gallery_walk4/painting_asset.gdc[39m[0m
[  64% ] [90m[1msavepack[22m | Storing File: res://modules/shell/prototype/gallery_walk4/performance_probe.gdc[39m[0m
[  65% ] [90m[1msavepack[22m | Storing File: res://modules/shell/prototype/gallery_walk4/portal-capital-relief.json[39m[0m
[  65% ] [90m[1msavepack[22m | Storing File: res://modules/shell/prototype/gallery_walk4/portal_167_capture.gdc[39m[0m
[  65% ] [90m[1msavepack[22m | Storing File: res://modules/shell/prototype/gallery_walk4/portal_check.gdc[39m[0m
[  65% ] [90m[1msavepack[22m | Storing File: res://modules/shell/prototype/gallery_walk4/portal_floor_probe.gdc[39m[0m
[  65% ] [90m[1msavepack[22m | Storing File: res://modules/shell/prototype/gallery_walk4/portal_relief_prepare.gdc[39m[0m
[  65% ] [90m[1msavepack[22m | Storing File: res://modules/shell/prototype/gallery_walk4/portal_sculpture_probe.gdc[39m[0m
[  65% ] [90m[1msavepack[22m | Storing File: res://modules/shell/prototype/gallery_walk4/portal_sculpt_relief_prepare.gdc[39m[0m
[  65% ] [90m[1msavepack[22m | Storing File: res://modules/shell/prototype/gallery_walk4/portal_traversal_check.gdc[39m[0m
[  65% ] [90m[1msavepack[22m | Storing File: res://modules/shell/prototype/gallery_walk4/ps1.gdshader[39m[0m
[  65% ] [90m[1msavepack[22m | Storing File: res://modules/shell/prototype/gallery_walk4/render_diagnostics.gdc[39m[0m
[  66% ] [90m[1msavepack[22m | Storing File: res://modules/shell/prototype/gallery_walk4/render_diagnostics_check.gdc[39m[0m
[  66% ] [90m[1msavepack[22m | Storing File: res://modules/shell/prototype/gallery_walk4/shot.gdc[39m[0m
[  66% ] [90m[1msavepack[22m | Storing File: res://modules/shell/prototype/gallery_walk4/visitor.gdc[39m[0m
[  66% ] [90m[1msavepack[22m | Storing File: res://modules/shell/prototype/gallery_walk4/visitor.gdshader[39m[0m
[  66% ] [90m[1msavepack[22m | Storing File: res://modules/shell/prototype/gallery_walk4/visitor_check.gdc[39m[0m
[  66% ] [90m[1msavepack[22m | Storing File: res://modules/shell/prototype/gallery_walk4/walk4.gdc[39m[0m
[  66% ] [90m[1msavepack[22m | Storing File: res://modules/shell/prototype/gallery_walk4/works.json[39m[0m
[  66% ] [90m[1msavepack[22m | Storing File: res://modules/shell/prototype/gallery_walk4/world_176_capture.gdc[39m[0m
[  66% ] [90m[1msavepack[22m | Storing File: res://modules/shell/prototype/gallery_walk4/world_176_check.gdc[39m[0m
[  66% ] [90m[1msavepack[22m | Storing File: res://modules/shell/boot_loader.gdc[39m[0m
[  66% ] [90m[1msavepack[22m | Storing File: res://.godot/exported/133200997/export-23fc49cfcbd9338fd9210c0d535accbb-boot_loader.scn[39m[0m
[  66% ] [90m[1msavepack[22m | Storing File: res://modules/shell/crt_display.gdc[39m[0m
[  66% ] [90m[1msavepack[22m | Storing File: res://modules/shell/crt_luminance.gdshader[39m[0m
[  66% ] [90m[1msavepack[22m | Storing File: res://modules/shell/demo.gdc[39m[0m
[  66% ] [90m[1msavepack[22m | Storing File: res://.godot/exported/133200997/export-0a08ab27efda39f57f4322491663c4f0-demo.scn[39m[0m
[  66% ] [90m[1msavepack[22m | Storing File: res://modules/shell/desktop_icon.gdshader[39m[0m
[  66% ] [90m[1msavepack[22m | Storing File: res://modules/shell/desktop_icons.gdc[39m[0m
[  66% ] [90m[1msavepack[22m | Storing File: res://modules/shell/errors.gdc[39m[0m
[  66% ] [90m[1msavepack[22m | Storing File: res://modules/shell/haze_screen.gdshader[39m[0m
[  67% ] [90m[1msavepack[22m | Storing File: res://modules/shell/hover_glow.gdc[39m[0m
[  67% ] [90m[1msavepack[22m | Storing File: res://modules/shell/interface.gdc[39m[0m
[  67% ] [90m[1msavepack[22m | Storing File: res://modules/shell/shell.gdc[39m[0m
[  67% ] [90m[1msavepack[22m | Storing File: res://modules/shell/square_chrome.gdc[39m[0m
[  67% ] [90m[1msavepack[22m | Storing File: res://modules/shell/squiggle_screen.gdshader[39m[0m
[  67% ] [90m[1msavepack[22m | Storing File: res://modules/shell/tape_screen.gdshader[39m[0m
[  67% ] [90m[1msavepack[22m | Storing File: res://modules/shell/window_shadow.gdshader[39m[0m
[  67% ] [90m[1msavepack[22m | Storing File: res://modules/shell/window_shadows.gdc[39m[0m
[  67% ] [90m[1msavepack[22m | Storing File: res://.godot/imported/chat.png-1958b8318277746f53e88b9e89004b64.ctex[39m[0m
[  67% ] [90m[1msavepack[22m | Storing File: res://modules/sketchbook/assets/chatroom/chat.png.import[39m[0m
[  68% ] [90m[1msavepack[22m | Storing File: res://.godot/imported/PixelMplus12-Regular.ttf-989350149c8c82bffdcd6469c795af27.fontdata[39m[0m
[  68% ] [90m[1msavepack[22m | Storing File: res://modules/sketchbook/assets/chatroom/PixelMplus12-Regular.ttf.import[39m[0m
[  68% ] [90m[1msavepack[22m | Storing File: res://.godot/imported/frame.png-9a71bbaafa34d59f7e3b92177da1ca56.ctex[39m[0m
[  68% ] [90m[1msavepack[22m | Storing File: res://modules/sketchbook/assets/gold-frame/frame.png.import[39m[0m
[  68% ] [90m[1msavepack[22m | Storing File: res://modules/sketchbook/assets/paintbox/anri-interior-muse.provenance.json[39m[0m
[  68% ] [90m[1msavepack[22m | Storing File: res://.godot/imported/anri-interior-muse.webp-d692262a693046c68fbfd237dca02580.ctex[39m[0m
[  68% ] [90m[1msavepack[22m | Storing File: res://modules/sketchbook/assets/paintbox/anri-interior-muse.webp.import[39m[0m
[  68% ] [90m[1msavepack[22m | Storing File: res://.godot/imported/anri-title-reference.png-731858560f8a59b7dc2883a3c15e777b.ctex[39m[0m
[  68% ] [90m[1msavepack[22m | Storing File: res://modules/sketchbook/assets/paintbox/anri-title-reference.png.import[39m[0m
[  68% ] [90m[1msavepack[22m | Storing File: res://modules/sketchbook/assets/paintbox/anri-title-reference.provenance.json[39m[0m
[  68% ] [90m[1msavepack[22m | Storing File: res://modules/sketchbook/assets/paintbox/brush-kit.provenance.json[39m[0m
[  68% ] [90m[1msavepack[22m | Storing File: res://modules/sketchbook/assets/paintbox/brush-tip.gdshader[39m[0m
[  68% ] [90m[1msavepack[22m | Storing File: res://.godot/imported/cat-brush-rest.png-4dfa8076b5ba1a56a459853dd8917086.ctex[39m[0m
[  68% ] [90m[1msavepack[22m | Storing File: res://modules/sketchbook/assets/paintbox/cat-brush-rest.png.import[39m[0m
[  68% ] [90m[1msavepack[22m | Storing File: res://.godot/imported/palette-white.png-6e897b47678e70591200a8cbf7794782.ctex[39m[0m
[  68% ] [90m[1msavepack[22m | Storing File: res://modules/sketchbook/assets/paintbox/palette-white.png.import[39m[0m
[  69% ] [90m[1msavepack[22m | Storing File: res://modules/sketchbook/assets/paintbox/palette-white.provenance.json[39m[0m
[  69% ] [90m[1msavepack[22m | Storing File: res://.godot/imported/palette-window-v7.png-3dd466848a4fd39b9a35ac4f2fe83550.ctex[39m[0m
[  69% ] [90m[1msavepack[22m | Storing File: res://modules/sketchbook/assets/paintbox/palette-window-v7.png.import[39m[0m
[  69% ] [90m[1msavepack[22m | Storing File: res://.godot/imported/tool-reference.png-bdb5995319b85637d07800a36de4553a.ctex[39m[0m
[  69% ] [90m[1msavepack[22m | Storing File: res://modules/sketchbook/assets/paintbox/tool-reference.png.import[39m[0m
[  69% ] [90m[1msavepack[22m | Storing File: res://.godot/imported/watercolor-brush.png-3837a68b0f1eb47214a340bd019185b5.ctex[39m[0m
[  69% ] [90m[1msavepack[22m | Storing File: res://modules/sketchbook/assets/paintbox/watercolor-brush.png.import[39m[0m
[  69% ] [90m[1msavepack[22m | Storing File: res://.godot/imported/button-hover-muse.png-a2ce059861e9610f42f6a623d972e89e.ctex[39m[0m
[  69% ] [90m[1msavepack[22m | Storing File: res://modules/sketchbook/assets/tldraw-controls/button-hover-muse.png.import[39m[0m
[  69% ] [90m[1msavepack[22m | Storing File: res://.godot/imported/button-normal-muse.png-9e9e879500b7c665421d3abfac16c3ec.ctex[39m[0m
[  69% ] [90m[1msavepack[22m | Storing File: res://modules/sketchbook/assets/tldraw-controls/button-normal-muse.png.import[39m[0m
[  69% ] [90m[1msavepack[22m | Storing File: res://.godot/imported/button-selected-muse.png-c211aadf150d9270968eb16ddde594e1.ctex[39m[0m
[  69% ] [90m[1msavepack[22m | Storing File: res://modules/sketchbook/assets/tldraw-controls/button-selected-muse.png.import[39m[0m
[  69% ] [90m[1msavepack[22m | Storing File: res://.godot/imported/muse-controls-sheet.webp-8935697e7ef13d7265e0f6244ddbe42c.ctex[39m[0m
[  69% ] [90m[1msavepack[22m | Storing File: res://modules/sketchbook/assets/tldraw-controls/muse-controls-sheet.webp.import[39m[0m
[  69% ] [90m[1msavepack[22m | Storing File: res://modules/sketchbook/assets/tldraw-controls/muse-controls.provenance.json[39m[0m
[  69% ] [90m[1msavepack[22m | Storing File: res://.godot/imported/titlebar-muse.png-7d48bbdd95c7179b17615ea555f8bce2.ctex[39m[0m
[  69% ] [90m[1msavepack[22m | Storing File: res://modules/sketchbook/assets/tldraw-controls/titlebar-muse.png.import[39m[0m
[  70% ] [90m[1msavepack[22m | Storing File: res://.godot/imported/monet-reference.png-d99b6b626d09015dcbf19f87b6f50afe.ctex[39m[0m
[  70% ] [90m[1msavepack[22m | Storing File: res://modules/sketchbook/assets/monet-reference.png.import[39m[0m
[  70% ] [90m[1msavepack[22m | Storing File: res://.godot/imported/ro-bottom-left.png-f46f03a21bfe9b9b9d007b9665e49122.ctex[39m[0m
[  70% ] [90m[1msavepack[22m | Storing File: res://modules/sketchbook/assets/ro-bottom-left.png.import[39m[0m
[  70% ] [90m[1msavepack[22m | Storing File: res://.godot/imported/ro-bottom-mid.png-6e6b46be57d108f813581d034e3a1a79.ctex[39m[0m
[  70% ] [90m[1msavepack[22m | Storing File: res://modules/sketchbook/assets/ro-bottom-mid.png.import[39m[0m
[  70% ] [90m[1msavepack[22m | Storing File: res://.godot/imported/ro-bottom-right.png-2853e65af1d96b532e8e508c5923cfa8.ctex[39m[0m
[  70% ] [90m[1msavepack[22m | Storing File: res://modules/sketchbook/assets/ro-bottom-right.png.import[39m[0m
[  70% ] [90m[1msavepack[22m | Storing File: res://.godot/imported/ro-btn-next.png-e6fd20c8015156a955e4e0c91003b25b.ctex[39m[0m
[  70% ] [90m[1msavepack[22m | Storing File: res://modules/sketchbook/assets/ro-btn-next.png.import[39m[0m
[  70% ] [90m[1msavepack[22m | Storing File: res://.godot/imported/ro-btn-prev-disabled.png-c99f2323c807ea71cec6e45caa65a940.ctex[39m[0m
[  70% ] [90m[1msavepack[22m | Storing File: res://modules/sketchbook/assets/ro-btn-prev-disabled.png.import[39m[0m
[  70% ] [90m[1msavepack[22m | Storing File: res://.godot/imported/ro-btn-prev.png-04317729dbeeff904b7b635927566397.ctex[39m[0m
[  70% ] [90m[1msavepack[22m | Storing File: res://modules/sketchbook/assets/ro-btn-prev.png.import[39m[0m
[  70% ] [90m[1msavepack[22m | Storing File: res://.godot/imported/ro-left.png-a59fbf2a8122c0163d7754f6d7ac5c99.ctex[39m[0m
[  70% ] [90m[1msavepack[22m | Storing File: res://modules/sketchbook/assets/ro-left.png.import[39m[0m
[  70% ] [90m[1msavepack[22m | Storing File: res://.godot/imported/ro-right.png-a42582b6db1b75b644b066d4cdd6dd9e.ctex[39m[0m
[  70% ] [90m[1msavepack[22m | Storing File: res://modules/sketchbook/assets/ro-right.png.import[39m[0m
[  71% ] [90m[1msavepack[22m | Storing File: res://.godot/imported/ro-top-left.png-bbcc5ca56bd7e82ff52f667e908a71df.ctex[39m[0m
[  71% ] [90m[1msavepack[22m | Storing File: res://modules/sketchbook/assets/ro-top-left.png.import[39m[0m
[  71% ] [90m[1msavepack[22m | Storing File: res://.godot/imported/ro-top-mid.png-b77b8108febe63d3072e798ba5221515.ctex[39m[0m
[  71% ] [90m[1msavepack[22m | Storing File: res://modules/sketchbook/assets/ro-top-mid.png.import[39m[0m
[  71% ] [90m[1msavepack[22m | Storing File: res://.godot/imported/ro-top-right.png-8c28574ee5f6132b29d3552af293bd01.ctex[39m[0m
[  71% ] [90m[1msavepack[22m | Storing File: res://modules/sketchbook/assets/ro-top-right.png.import[39m[0m
[  71% ] [90m[1msavepack[22m | Storing File: res://.godot/imported/sketchbook-page-v005-soft-384.png-6a1c0af71bcf96a67100de28b7343831.ctex[39m[0m
[  71% ] [90m[1msavepack[22m | Storing File: res://modules/sketchbook/assets/sketchbook-page-v005-soft-384.png.import[39m[0m
[  71% ] [90m[1msavepack[22m | Storing File: res://modules/sketchbook/assets/sketchbook-page-v005-soft-384.provenance.json[39m[0m
[  71% ] [90m[1msavepack[22m | Storing File: res://modules/sketchbook/assets/window-chrome.provenance.json[39m[0m
[  71% ] [90m[1msavepack[22m | Storing File: res://modules/sketchbook/mixbox/mixbox.gdc[39m[0m
[  71% ] [90m[1msavepack[22m | Storing File: res://modules/sketchbook/mixbox/mixbox.res[39m[0m
[  71% ] [90m[1msavepack[22m | Storing File: res://modules/sketchbook/playtest/anri_palette_check.gdc[39m[0m
[  71% ] [90m[1msavepack[22m | Storing File: res://modules/sketchbook/playtest/harness.gdc[39m[0m
[  72% ] [90m[1msavepack[22m | Storing File: res://modules/sketchbook/playtest/tldraw_controls_check.gdc[39m[0m
[  72% ] [90m[1msavepack[22m | Storing File: res://modules/sketchbook/desktop.gdc[39m[0m
[  72% ] [90m[1msavepack[22m | Storing File: res://modules/sketchbook/drawing_surface.gdc[39m[0m
[  72% ] [90m[1msavepack[22m | Storing File: res://modules/sketchbook/errors.gdc[39m[0m
[  72% ] [90m[1msavepack[22m | Storing File: res://modules/sketchbook/freehand.gdc[39m[0m
[  72% ] [90m[1msavepack[22m | Storing File: res://modules/sketchbook/global_chatroom.gdc[39m[0m
[  72% ] [90m[1msavepack[22m | Storing File: res://modules/sketchbook/interface.gdc[39m[0m
[  72% ] [90m[1msavepack[22m | Storing File: res://modules/sketchbook/paintbox.gdc[39m[0m
[  72% ] [90m[1msavepack[22m | Storing File: res://modules/sketchbook/painting_flow.gdc[39m[0m
[  73% ] [90m[1msavepack[22m | Storing File: res://modules/sketchbook/paper_turn.gdc[39m[0m
[  73% ] [90m[1msavepack[22m | Storing File: res://modules/sketchbook/sketchbook_window.gdc[39m[0m
[  73% ] [90m[1msavepack[22m | Storing File: res://modules/sketchbook/tldraw_controls_prototype.gdc[39m[0m
[  73% ] [90m[1msavepack[22m | Storing File: res://modules/sound_cues/assets/Blip.wav.res[39m[0m
[  73% ] [90m[1msavepack[22m | Storing File: res://modules/sound_cues/assets/brush_size.wav.res[39m[0m
[  73% ] [90m[1msavepack[22m | Storing File: res://modules/sound_cues/assets/buttonpress.wav.res[39m[0m
[  73% ] [90m[1msavepack[22m | Storing File: res://modules/sound_cues/assets/button_hover.wav.res[39m[0m
[  73% ] [90m[1msavepack[22m | Storing File: res://modules/sound_cues/assets/button_press2.wav.res[39m[0m
[  73% ] [90m[1msavepack[22m | Storing File: res://modules/sound_cues/assets/click2.wav.res[39m[0m
[  73% ] [90m[1msavepack[22m | Storing File: res://modules/sound_cues/assets/click3.wav.res[39m[0m
[  74% ] [90m[1msavepack[22m | Storing File: res://modules/sound_cues/assets/click.wav.res[39m[0m
[  74% ] [90m[1msavepack[22m | Storing File: res://modules/sound_cues/assets/close_modal2.wav.res[39m[0m
[  74% ] [90m[1msavepack[22m | Storing File: res://modules/sound_cues/assets/close_modal.wav.res[39m[0m
[  74% ] [90m[1msavepack[22m | Storing File: res://modules/sound_cues/assets/close_path.wav.res[39m[0m
[  74% ] [90m[1msavepack[22m | Storing File: res://modules/sound_cues/assets/color_1.wav.res[39m[0m
[  74% ] [90m[1msavepack[22m | Storing File: res://modules/sound_cues/assets/color_3.wav.res[39m[0m
[  74% ] [90m[1msavepack[22m | Storing File: res://modules/sound_cues/assets/color_4.wav.res[39m[0m
[  74% ] [90m[1msavepack[22m | Storing File: res://modules/sound_cues/assets/color_5.wav.res[39m[0m
[  74% ] [90m[1msavepack[22m | Storing File: res://modules/sound_cues/assets/draw.wav.res[39m[0m
[  75% ] [90m[1msavepack[22m | Storing File: res://modules/sound_cues/assets/draw_circle3.wav.res[39m[0m
[  75% ] [90m[1msavepack[22m | Storing File: res://modules/sound_cues/assets/draw_circle4.wav.res[39m[0m
[  75% ] [90m[1msavepack[22m | Storing File: res://modules/sound_cues/assets/draw_circlr5.wav.res[39m[0m
[  75% ] [90m[1msavepack[22m | Storing File: res://modules/sound_cues/assets/draw_loop2.wav.res[39m[0m
[  75% ] [90m[1msavepack[22m | Storing File: res://modules/sound_cues/assets/draw_loop3.wav.res[39m[0m
[  75% ] [90m[1msavepack[22m | Storing File: res://modules/sound_cues/assets/draw_loop5.wav.res[39m[0m
[  75% ] [90m[1msavepack[22m | Storing File: res://modules/sound_cues/assets/draw_loop6.wav.res[39m[0m
[  75% ] [90m[1msavepack[22m | Storing File: res://modules/sound_cues/assets/draw_loop7.wav.res[39m[0m
[  75% ] [90m[1msavepack[22m | Storing File: res://modules/sound_cues/assets/draw_loop.wav.res[39m[0m
[  75% ] [90m[1msavepack[22m | Storing File: res://modules/sound_cues/assets/empty_canvas2.wav.res[39m[0m
[  76% ] [90m[1msavepack[22m | Storing File: res://modules/sound_cues/assets/empty_canvas3.wav.res[39m[0m
[  76% ] [90m[1msavepack[22m | Storing File: res://modules/sound_cues/assets/empty_canvas.wav.res[39m[0m
[  76% ] [90m[1msavepack[22m | Storing File: res://modules/sound_cues/assets/fill2.wav.res[39m[0m
[  76% ] [90m[1msavepack[22m | Storing File: res://modules/sound_cues/assets/fill3.wav.res[39m[0m
[  76% ] [90m[1msavepack[22m | Storing File: res://modules/sound_cues/assets/fill4.wav.res[39m[0m
[  76% ] [90m[1msavepack[22m | Storing File: res://modules/sound_cues/assets/fill.wav.res[39m[0m
[  76% ] [90m[1msavepack[22m | Storing File: res://modules/sound_cues/assets/fill_cancel.wav.res[39m[0m
[  76% ] [90m[1msavepack[22m | Storing File: res://modules/sound_cues/assets/fill_loop2.wav.res[39m[0m
[  76% ] [90m[1msavepack[22m | Storing File: res://modules/sound_cues/assets/fill_loop3.wav.res[39m[0m
[  77% ] [90m[1msavepack[22m | Storing File: res://modules/sound_cues/assets/fill_loop4.wav.res[39m[0m
[  77% ] [90m[1msavepack[22m | Storing File: res://modules/sound_cues/assets/fill_loop.wav.res[39m[0m
[  77% ] [90m[1msavepack[22m | Storing File: res://modules/sound_cues/assets/fill_stop3.wav.res[39m[0m
[  77% ] [90m[1msavepack[22m | Storing File: res://modules/sound_cues/assets/fill_stop4.wav.res[39m[0m
[  77% ] [90m[1msavepack[22m | Storing File: res://modules/sound_cues/assets/fill_stop5.wav.res[39m[0m
[  77% ] [90m[1msavepack[22m | Storing File: res://modules/sound_cues/assets/fill_stop.wav.res[39m[0m
[  77% ] [90m[1msavepack[22m | Storing File: res://modules/sound_cues/assets/modal_open.wav.res[39m[0m
[  77% ] [90m[1msavepack[22m | Storing File: res://modules/sound_cues/assets/mute2.wav.res[39m[0m
[  77% ] [90m[1msavepack[22m | Storing File: res://modules/sound_cues/assets/mute.wav.res[39m[0m
[  77% ] [90m[1msavepack[22m | Storing File: res://modules/sound_cues/assets/no_undo2.wav.res[39m[0m
[  78% ] [90m[1msavepack[22m | Storing File: res://modules/sound_cues/assets/no_undo.wav.res[39m[0m
[  78% ] [90m[1msavepack[22m | Storing File: res://modules/sound_cues/assets/open_modal.wav.res[39m[0m
[  78% ] [90m[1msavepack[22m | Storing File: res://modules/sound_cues/assets/pick_char2.wav.res[39m[0m
[  78% ] [90m[1msavepack[22m | Storing File: res://modules/sound_cues/assets/pick_char3.wav.res[39m[0m
[  78% ] [90m[1msavepack[22m | Storing File: res://modules/sound_cues/assets/pick_char5.wav.res[39m[0m
[  78% ] [90m[1msavepack[22m | Storing File: res://modules/sound_cues/assets/pick_char.wav.res[39m[0m
[  78% ] [90m[1msavepack[22m | Storing File: res://modules/sound_cues/assets/pick_character.wav.res[39m[0m
[  78% ] [90m[1msavepack[22m | Storing File: res://modules/sound_cues/assets/pick_circle2.wav.res[39m[0m
[  78% ] [90m[1msavepack[22m | Storing File: res://modules/sound_cues/assets/pick_circle.wav.res[39m[0m
[  79% ] [90m[1msavepack[22m | Storing File: res://modules/sound_cues/assets/pick_color.wav.res[39m[0m
[  79% ] [90m[1msavepack[22m | Storing File: res://modules/sound_cues/assets/pick_square.wav.res[39m[0m
[  79% ] [90m[1msavepack[22m | Storing File: res://modules/sound_cues/assets/place_circle.wav.res[39m[0m
[  79% ] [90m[1msavepack[22m | Storing File: res://modules/sound_cues/assets/place_square2.wav.res[39m[0m
[  79% ] [90m[1msavepack[22m | Storing File: res://modules/sound_cues/assets/place_square.wav.res[39m[0m
[  79% ] [90m[1msavepack[22m | Storing File: res://modules/sound_cues/assets/pour_sand.wav.res[39m[0m
[  79% ] [90m[1msavepack[22m | Storing File: res://modules/sound_cues/assets/redo.wav.res[39m[0m
[  79% ] [90m[1msavepack[22m | Storing File: res://modules/sound_cues/assets/screenshot2.wav.res[39m[0m
[  79% ] [90m[1msavepack[22m | Storing File: res://modules/sound_cues/assets/screenshot3.wav.res[39m[0m
[  79% ] [90m[1msavepack[22m | Storing File: res://modules/sound_cues/assets/screenshot4.wav.res[39m[0m
[  80% ] [90m[1msavepack[22m | Storing File: res://modules/sound_cues/assets/screenshot5.wav.res[39m[0m
[  80% ] [90m[1msavepack[22m | Storing File: res://modules/sound_cues/assets/screenshot6.wav.res[39m[0m
[  80% ] [90m[1msavepack[22m | Storing File: res://modules/sound_cues/assets/screenshot7.wav.res[39m[0m
[  80% ] [90m[1msavepack[22m | Storing File: res://modules/sound_cues/assets/screenshot.wav.res[39m[0m
[  80% ] [90m[1msavepack[22m | Storing File: res://modules/sound_cues/assets/splash_screen2.wav.res[39m[0m
[  80% ] [90m[1msavepack[22m | Storing File: res://modules/sound_cues/assets/splash_screen.wav.res[39m[0m
[  80% ] [90m[1msavepack[22m | Storing File: res://modules/sound_cues/assets/stop_fill.wav.res[39m[0m
[  80% ] [90m[1msavepack[22m | Storing File: res://modules/sound_cues/assets/stop_fill_spacebar.wav.res[39m[0m
[  80% ] [90m[1msavepack[22m | Storing File: res://modules/sound_cues/assets/UIClick_Button press bubbly cute satisfying_RogueWaves_KawaiiUI2_05.wav.res[39m[0m
[  80% ] [90m[1msavepack[22m | Storing File: res://modules/sound_cues/assets/UIMisc_Percussive bubbly cute UI elements_RogueWaves_KawaiiUI2_03.wav.res[39m[0m
[  81% ] [90m[1msavepack[22m | Storing File: res://modules/sound_cues/assets/undo1.wav.res[39m[0m
[  81% ] [90m[1msavepack[22m | Storing File: res://modules/sound_cues/assets/undo.wav.res[39m[0m
[  81% ] [90m[1msavepack[22m | Storing File: res://modules/sound_cues/assets/volume_change.wav.res[39m[0m
[  81% ] [90m[1msavepack[22m | Storing File: res://modules/sound_cues/playtest/check.gdc[39m[0m
[  81% ] [90m[1msavepack[22m | Storing File: res://modules/sound_cues/errors.gdc[39m[0m
[  81% ] [90m[1msavepack[22m | Storing File: res://modules/sound_cues/interface.gdc[39m[0m
[  81% ] [90m[1msavepack[22m | Storing File: res://modules/sound_cues/sound_cues.gdc[39m[0m
[  81% ] [90m[1msavepack[22m | Storing File: res://.godot/imported/bar_stripes.png-4725223456dc754ab7901c783a7b1afb.ctex[39m[0m
[  81% ] [90m[1msavepack[22m | Storing File: res://modules/tab_strip/assets/compact/bar_stripes.png.import[39m[0m
[  81% ] [90m[1msavepack[22m | Storing File: res://.godot/imported/icon_3d_viewer.png-00fb9a2c15e7bed6d3b96a7e02bd8958.ctex[39m[0m
[  81% ] [90m[1msavepack[22m | Storing File: res://modules/tab_strip/assets/compact/icon_3d_viewer.png.import[39m[0m
[  82% ] [90m[1msavepack[22m | Storing File: res://.godot/imported/icon_collection.png-bcbf8c2163650b2ddad3b7516de9a140.ctex[39m[0m
[  82% ] [90m[1msavepack[22m | Storing File: res://modules/tab_strip/assets/compact/icon_collection.png.import[39m[0m
[  82% ] [90m[1msavepack[22m | Storing File: res://.godot/imported/icon_flowers.png-496903b6598327f2e7b4db783de4c511.ctex[39m[0m
[  82% ] [90m[1msavepack[22m | Storing File: res://modules/tab_strip/assets/compact/icon_flowers.png.import[39m[0m
[  82% ] [90m[1msavepack[22m | Storing File: res://.godot/imported/icon_map.png-0ed0dcd86ab720c4efbad342e2b2cb0d.ctex[39m[0m
[  82% ] [90m[1msavepack[22m | Storing File: res://modules/tab_strip/assets/compact/icon_map.png.import[39m[0m
[  82% ] [90m[1msavepack[22m | Storing File: res://.godot/imported/icon_playground.png-f527d42cc54ecdeb16cc3e93c420bbe5.ctex[39m[0m
[  82% ] [90m[1msavepack[22m | Storing File: res://modules/tab_strip/assets/compact/icon_playground.png.import[39m[0m
[  82% ] [90m[1msavepack[22m | Storing File: res://.godot/imported/icon_sketchbook.png-19a85679b24c258811989f29f4ece671.ctex[39m[0m
[  82% ] [90m[1msavepack[22m | Storing File: res://modules/tab_strip/assets/compact/icon_sketchbook.png.import[39m[0m
[  82% ] [90m[1msavepack[22m | Storing File: res://.godot/imported/icon_video_player.png-0d935313ae993caffb3b2df2b65c5303.ctex[39m[0m
[  82% ] [90m[1msavepack[22m | Storing File: res://modules/tab_strip/assets/compact/icon_video_player.png.import[39m[0m
[  82% ] [90m[1msavepack[22m | Storing File: res://.godot/imported/label_3d_viewer.png-552a341d7433ce2fd71b8b9337cfe519.ctex[39m[0m
[  82% ] [90m[1msavepack[22m | Storing File: res://modules/tab_strip/assets/compact/label_3d_viewer.png.import[39m[0m
[  82% ] [90m[1msavepack[22m | Storing File: res://.godot/imported/label_collection.png-322c90e4de619da5205c9463284cb3e9.ctex[39m[0m
[  82% ] [90m[1msavepack[22m | Storing File: res://modules/tab_strip/assets/compact/label_collection.png.import[39m[0m
[  82% ] [90m[1msavepack[22m | Storing File: res://.godot/imported/label_flowers.png-6f36ce3d6484513080be340a9ba3bb23.ctex[39m[0m
[  82% ] [90m[1msavepack[22m | Storing File: res://modules/tab_strip/assets/compact/label_flowers.png.import[39m[0m
[  82% ] [90m[1msavepack[22m | Storing File: res://.godot/imported/label_map.png-ba5fc3de45f818023fa1704aee586bc0.ctex[39m[0m
[  82% ] [90m[1msavepack[22m | Storing File: res://modules/tab_strip/assets/compact/label_map.png.import[39m[0m
[  83% ] [90m[1msavepack[22m | Storing File: res://.godot/imported/label_playground.png-6714d5a009ff84d4e86ac51192638ec0.ctex[39m[0m
[  83% ] [90m[1msavepack[22m | Storing File: res://modules/tab_strip/assets/compact/label_playground.png.import[39m[0m
[  83% ] [90m[1msavepack[22m | Storing File: res://.godot/imported/label_sketchbook.png-7cb0662674e459ec1aabb919de50f7e9.ctex[39m[0m
[  83% ] [90m[1msavepack[22m | Storing File: res://modules/tab_strip/assets/compact/label_sketchbook.png.import[39m[0m
[  83% ] [90m[1msavepack[22m | Storing File: res://.godot/imported/label_video_player.png-379f287c29fb27fc224a8c9f10024ab7.ctex[39m[0m
[  83% ] [90m[1msavepack[22m | Storing File: res://modules/tab_strip/assets/compact/label_video_player.png.import[39m[0m
[  83% ] [90m[1msavepack[22m | Storing File: res://modules/tab_strip/assets/compact/layout.json[39m[0m
[  83% ] [90m[1msavepack[22m | Storing File: res://.godot/imported/right_cluster.png-916db7bbef708fabe43fd485bbcfc39e.ctex[39m[0m
[  83% ] [90m[1msavepack[22m | Storing File: res://modules/tab_strip/assets/compact/right_cluster.png.import[39m[0m
[  83% ] [90m[1msavepack[22m | Storing File: res://.godot/imported/stars.png-df404f2c739e032b0d39313f1732f3d0.ctex[39m[0m
[  83% ] [90m[1msavepack[22m | Storing File: res://modules/tab_strip/assets/compact/stars.png.import[39m[0m
[  83% ] [90m[1msavepack[22m | Storing File: res://.godot/imported/stub_idle.png-b031dd92ba81f884a72a5b1ff8f00766.ctex[39m[0m
[  83% ] [90m[1msavepack[22m | Storing File: res://modules/tab_strip/assets/compact/stub_idle.png.import[39m[0m
[  83% ] [90m[1msavepack[22m | Storing File: res://.godot/imported/stub_pressed.png-439f7116f99dc1bdc53fbfb61d1e7ec7.ctex[39m[0m
[  83% ] [90m[1msavepack[22m | Storing File: res://modules/tab_strip/assets/compact/stub_pressed.png.import[39m[0m
[  83% ] [90m[1msavepack[22m | Storing File: res://.godot/imported/tab_left.png-a251d5ce7a893aa50a6234ee74765051.ctex[39m[0m
[  83% ] [90m[1msavepack[22m | Storing File: res://modules/tab_strip/assets/compact/tab_left.png.import[39m[0m
[  84% ] [90m[1msavepack[22m | Storing File: res://.godot/imported/tab_mid.png-f377bda6373de7d199c522ceae120a92.ctex[39m[0m
[  84% ] [90m[1msavepack[22m | Storing File: res://modules/tab_strip/assets/compact/tab_mid.png.import[39m[0m
[  84% ] [90m[1msavepack[22m | Storing File: res://.godot/imported/tab_right.png-adb9e1979538713ebacfc5f5b3db11ee.ctex[39m[0m
[  84% ] [90m[1msavepack[22m | Storing File: res://modules/tab_strip/assets/compact/tab_right.png.import[39m[0m
[  84% ] [90m[1msavepack[22m | Storing File: res://.godot/imported/bar_background.png-56272a66fefd9b3fe59660c0448c697e.ctex[39m[0m
[  84% ] [90m[1msavepack[22m | Storing File: res://modules/tab_strip/assets/bar_background.png.import[39m[0m
[  84% ] [90m[1msavepack[22m | Storing File: res://.godot/imported/bar_stripes.png-a6e839aa1422a8a7bd7fd53fccd4ffb3.ctex[39m[0m
[  84% ] [90m[1msavepack[22m | Storing File: res://modules/tab_strip/assets/bar_stripes.png.import[39m[0m
[  84% ] [90m[1msavepack[22m | Storing File: res://.godot/imported/icon_close.png-3ac88646fda01639438c6fb14892895a.ctex[39m[0m
[  84% ] [90m[1msavepack[22m | Storing File: res://modules/tab_strip/assets/icon_close.png.import[39m[0m
[  84% ] [90m[1msavepack[22m | Storing File: res://.godot/imported/icon_close_pressed.png-783abed30f2bb8fb59ebb32ea4cd19df.ctex[39m[0m
[  84% ] [90m[1msavepack[22m | Storing File: res://modules/tab_strip/assets/icon_close_pressed.png.import[39m[0m
[  84% ] [90m[1msavepack[22m | Storing File: res://.godot/imported/icon_page.png-0676a7640728214c2a458b2c345bfbf2.ctex[39m[0m
[  84% ] [90m[1msavepack[22m | Storing File: res://modules/tab_strip/assets/icon_page.png.import[39m[0m
[  84% ] [90m[1msavepack[22m | Storing File: res://.godot/imported/icon_windows_flag.png-f60cafbeedde398b6c61953e0cfae9be.ctex[39m[0m
[  84% ] [90m[1msavepack[22m | Storing File: res://modules/tab_strip/assets/icon_windows_flag.png.import[39m[0m
[  84% ] [90m[1msavepack[22m | Storing File: res://.godot/imported/label_3d_viewer.png-0f1d04eadcb3457de56c24321175c951.ctex[39m[0m
[  84% ] [90m[1msavepack[22m | Storing File: res://modules/tab_strip/assets/label_3d_viewer.png.import[39m[0m
[  84% ] [90m[1msavepack[22m | Storing File: res://.godot/imported/label_blank_page.png-b07f47e4908d2207375b6e46113e8539.ctex[39m[0m
[  84% ] [90m[1msavepack[22m | Storing File: res://modules/tab_strip/assets/label_blank_page.png.import[39m[0m
[  85% ] [90m[1msavepack[22m | Storing File: res://.godot/imported/label_collection.png-dea0527c5e6ac0178243e686eb0c385c.ctex[39m[0m
[  85% ] [90m[1msavepack[22m | Storing File: res://modules/tab_strip/assets/label_collection.png.import[39m[0m
[  85% ] [90m[1msavepack[22m | Storing File: res://.godot/imported/label_connecting.png-a02973432d5bd8b63f9bbc40631f4644.ctex[39m[0m
[  85% ] [90m[1msavepack[22m | Storing File: res://modules/tab_strip/assets/label_connecting.png.import[39m[0m
[  85% ] [90m[1msavepack[22m | Storing File: res://.godot/imported/label_dots.png-9096413f3e8268f140ff6084337102a1.ctex[39m[0m
[  85% ] [90m[1msavepack[22m | Storing File: res://modules/tab_strip/assets/label_dots.png.import[39m[0m
[  85% ] [90m[1msavepack[22m | Storing File: res://.godot/imported/label_map.png-9163fca9a5055cc2cfad6bad9aa5b1ec.ctex[39m[0m
[  85% ] [90m[1msavepack[22m | Storing File: res://modules/tab_strip/assets/label_map.png.import[39m[0m
[  85% ] [90m[1msavepack[22m | Storing File: res://.godot/imported/label_phone.png-f6511fb95fc34dfe8c5f8de23da663c4.ctex[39m[0m
[  85% ] [90m[1msavepack[22m | Storing File: res://modules/tab_strip/assets/label_phone.png.import[39m[0m
[  85% ] [90m[1msavepack[22m | Storing File: res://.godot/imported/label_playground.png-4e68a9f3282428260cbd0c1268ff7ec8.ctex[39m[0m
[  85% ] [90m[1msavepack[22m | Storing File: res://modules/tab_strip/assets/label_playground.png.import[39m[0m
[  85% ] [90m[1msavepack[22m | Storing File: res://.godot/imported/label_sketchbook.png-0b22e2eeeb0f502275fed52e9795a161.ctex[39m[0m
[  85% ] [90m[1msavepack[22m | Storing File: res://modules/tab_strip/assets/label_sketchbook.png.import[39m[0m
[  85% ] [90m[1msavepack[22m | Storing File: res://.godot/imported/label_video_player.png-54a0a057040388eb64aa1722edade1e2.ctex[39m[0m
[  85% ] [90m[1msavepack[22m | Storing File: res://modules/tab_strip/assets/label_video_player.png.import[39m[0m
[  85% ] [90m[1msavepack[22m | Storing File: res://.godot/imported/label_windows_live.png-a12c4b14e687f281f7150dcb8e9f64ef.ctex[39m[0m
[  85% ] [90m[1msavepack[22m | Storing File: res://modules/tab_strip/assets/label_windows_live.png.import[39m[0m
[  86% ] [90m[1msavepack[22m | Storing File: res://modules/tab_strip/assets/layout.json[39m[0m
[  86% ] [90m[1msavepack[22m | Storing File: res://.godot/imported/right_cluster.png-9b4d4b0a681138e89cf8730b2734af22.ctex[39m[0m
[  86% ] [90m[1msavepack[22m | Storing File: res://modules/tab_strip/assets/right_cluster.png.import[39m[0m
[  86% ] [90m[1msavepack[22m | Storing File: res://.godot/imported/stars.png-5cc2be49196a19f9081e32a16613f737.ctex[39m[0m
[  86% ] [90m[1msavepack[22m | Storing File: res://modules/tab_strip/assets/stars.png.import[39m[0m
[  86% ] [90m[1msavepack[22m | Storing File: res://.godot/imported/stub_idle.png-6e7dcf07fae16d3ff0acb1f736d6e75e.ctex[39m[0m
[  86% ] [90m[1msavepack[22m | Storing File: res://modules/tab_strip/assets/stub_idle.png.import[39m[0m
[  86% ] [90m[1msavepack[22m | Storing File: res://.godot/imported/stub_pressed.png-918e588178bc39c4dcd45f9f90de9e7f.ctex[39m[0m
[  86% ] [90m[1msavepack[22m | Storing File: res://modules/tab_strip/assets/stub_pressed.png.import[39m[0m
[  86% ] [90m[1msavepack[22m | Storing File: res://.godot/imported/tab_left.png-28b1def18952305ed9108d525c89e831.ctex[39m[0m
[  86% ] [90m[1msavepack[22m | Storing File: res://modules/tab_strip/assets/tab_left.png.import[39m[0m
[  86% ] [90m[1msavepack[22m | Storing File: res://.godot/imported/tab_mid.png-ca2d582272623e4b89fc224f0cc81ea4.ctex[39m[0m
[  86% ] [90m[1msavepack[22m | Storing File: res://modules/tab_strip/assets/tab_mid.png.import[39m[0m
[  86% ] [90m[1msavepack[22m | Storing File: res://.godot/imported/tab_right.png-8bec6457761ffc20ea14710724c3a58b.ctex[39m[0m
[  86% ] [90m[1msavepack[22m | Storing File: res://modules/tab_strip/assets/tab_right.png.import[39m[0m
[  86% ] [90m[1msavepack[22m | Storing File: res://modules/tab_strip/playtest/harness.gdc[39m[0m
[  86% ] [90m[1msavepack[22m | Storing File: res://modules/tab_strip/demo.gdc[39m[0m
[  87% ] [90m[1msavepack[22m | Storing File: res://.godot/exported/133200997/export-bac6df157516dc97df4fd4d1b0fe9c21-demo.scn[39m[0m
[  87% ] [90m[1msavepack[22m | Storing File: res://modules/tab_strip/errors.gdc[39m[0m
[  87% ] [90m[1msavepack[22m | Storing File: res://modules/tab_strip/interface.gdc[39m[0m
[  87% ] [90m[1msavepack[22m | Storing File: res://modules/tab_strip/tab_strip.gdc[39m[0m
[  87% ] [90m[1msavepack[22m | Storing File: res://.godot/imported/hover.png-50f35d1099de6e50283a1c5cd3c759e2.ctex[39m[0m
[  87% ] [90m[1msavepack[22m | Storing File: res://modules/video_player/assets/muse-controls/hover.png.import[39m[0m
[  87% ] [90m[1msavepack[22m | Storing File: res://.godot/imported/idle.png-c63316a4522f746d3770f2bfb082e977.ctex[39m[0m
[  87% ] [90m[1msavepack[22m | Storing File: res://modules/video_player/assets/muse-controls/idle.png.import[39m[0m
[  87% ] [90m[1msavepack[22m | Storing File: res://.godot/imported/pressed.png-e02d2082349b3d8af7ce6fce7f1b4061.ctex[39m[0m
[  87% ] [90m[1msavepack[22m | Storing File: res://modules/video_player/assets/muse-controls/pressed.png.import[39m[0m
[  87% ] [90m[1msavepack[22m | Storing File: res://.godot/imported/settled.png-262bd042d784072d7f48631c7e0b0f0b.ctex[39m[0m
[  87% ] [90m[1msavepack[22m | Storing File: res://modules/video_player/assets/muse-controls/settled.png.import[39m[0m
[  87% ] [90m[1msavepack[22m | Storing File: res://.godot/imported/fullscreen-hover-0.png-fea4b6db34643153a0a46e3f1bc4c6ac.ctex[39m[0m
[  87% ] [90m[1msavepack[22m | Storing File: res://modules/video_player/assets/seedance-motion/fullscreen-hover-0.png.import[39m[0m
[  88% ] [90m[1msavepack[22m | Storing File: res://.godot/imported/fullscreen-hover-1.png-698a4ca72ae279ed60f8c65767f3e0de.ctex[39m[0m
[  88% ] [90m[1msavepack[22m | Storing File: res://modules/video_player/assets/seedance-motion/fullscreen-hover-1.png.import[39m[0m
[  88% ] [90m[1msavepack[22m | Storing File: res://.godot/imported/fullscreen-hover-2.png-74580cca2e56033d8b40ed6fa269137b.ctex[39m[0m
[  88% ] [90m[1msavepack[22m | Storing File: res://modules/video_player/assets/seedance-motion/fullscreen-hover-2.png.import[39m[0m
[  88% ] [90m[1msavepack[22m | Storing File: res://.godot/imported/fullscreen-hover-3.png-6c6c60d09ebedfb94ded7de3c2376cd4.ctex[39m[0m
[  88% ] [90m[1msavepack[22m | Storing File: res://modules/video_player/assets/seedance-motion/fullscreen-hover-3.png.import[39m[0m
[  88% ] [90m[1msavepack[22m | Storing File: res://.godot/imported/fullscreen-pressed-0.png-780fe860eb37b885bd6f19b6bd7d8bf0.ctex[39m[0m
[  88% ] [90m[1msavepack[22m | Storing File: res://modules/video_player/assets/seedance-motion/fullscreen-pressed-0.png.import[39m[0m
[  88% ] [90m[1msavepack[22m | Storing File: res://.godot/imported/fullscreen-pressed-1.png-8a6e0b897e225876b643768f41cdfb51.ctex[39m[0m
[  88% ] [90m[1msavepack[22m | Storing File: res://modules/video_player/assets/seedance-motion/fullscreen-pressed-1.png.import[39m[0m
[  88% ] [90m[1msavepack[22m | Storing File: res://.godot/imported/fullscreen-pressed-2.png-bbe2a2a6ebc9fe2ba6100f8f281c93f7.ctex[39m[0m
[  88% ] [90m[1msavepack[22m | Storing File: res://modules/video_player/assets/seedance-motion/fullscreen-pressed-2.png.import[39m[0m
[  88% ] [90m[1msavepack[22m | Storing File: res://.godot/imported/fullscreen-pressed-3.png-a0effcc6ae0ed1acb17990629b397227.ctex[39m[0m
[  88% ] [90m[1msavepack[22m | Storing File: res://modules/video_player/assets/seedance-motion/fullscreen-pressed-3.png.import[39m[0m
[  88% ] [90m[1msavepack[22m | Storing File: res://.godot/imported/fullscreen-settled-0.png-d5f7a22cd94782e841f86eecc2a98958.ctex[39m[0m
[  88% ] [90m[1msavepack[22m | Storing File: res://modules/video_player/assets/seedance-motion/fullscreen-settled-0.png.import[39m[0m
[  88% ] [90m[1msavepack[22m | Storing File: res://.godot/imported/fullscreen-settled-1.png-c6cd93d44a8ddc2f241b4b81a9fce9b7.ctex[39m[0m
[  88% ] [90m[1msavepack[22m | Storing File: res://modules/video_player/assets/seedance-motion/fullscreen-settled-1.png.import[39m[0m
[  88% ] [90m[1msavepack[22m | Storing File: res://.godot/imported/fullscreen-settled-2.png-81c58cf87fac9ceff1d60127a45eb44f.ctex[39m[0m
[  88% ] [90m[1msavepack[22m | Storing File: res://modules/video_player/assets/seedance-motion/fullscreen-settled-2.png.import[39m[0m
[  89% ] [90m[1msavepack[22m | Storing File: res://.godot/imported/fullscreen-settled-3.png-8ff662fff973c42903f7f2fe6b660aca.ctex[39m[0m
[  89% ] [90m[1msavepack[22m | Storing File: res://modules/video_player/assets/seedance-motion/fullscreen-settled-3.png.import[39m[0m
[  89% ] [90m[1msavepack[22m | Storing File: res://modules/video_player/assets/seedance-motion/manifest.json[39m[0m
[  89% ] [90m[1msavepack[22m | Storing File: res://.godot/imported/minimize-hover-0.png-87331723943b768f231aa47357dc4dfe.ctex[39m[0m
[  89% ] [90m[1msavepack[22m | Storing File: res://modules/video_player/assets/seedance-motion/minimize-hover-0.png.import[39m[0m
[  89% ] [90m[1msavepack[22m | Storing File: res://.godot/imported/minimize-hover-1.png-6f7172c35a6daa080fc1676ca78abc86.ctex[39m[0m
[  89% ] [90m[1msavepack[22m | Storing File: res://modules/video_player/assets/seedance-motion/minimize-hover-1.png.import[39m[0m
[  89% ] [90m[1msavepack[22m | Storing File: res://.godot/imported/minimize-hover-2.png-9af7d1352c85daa54b7b45396c2aca54.ctex[39m[0m
[  89% ] [90m[1msavepack[22m | Storing File: res://modules/video_player/assets/seedance-motion/minimize-hover-2.png.import[39m[0m
[  89% ] [90m[1msavepack[22m | Storing File: res://.godot/imported/minimize-hover-3.png-8a6916098b5ac04e17ed6acc5eac44fc.ctex[39m[0m
[  89% ] [90m[1msavepack[22m | Storing File: res://modules/video_player/assets/seedance-motion/minimize-hover-3.png.import[39m[0m
[  89% ] [90m[1msavepack[22m | Storing File: res://.godot/imported/minimize-pressed-0.png-b166927e889757974fd5d01095016be0.ctex[39m[0m
[  89% ] [90m[1msavepack[22m | Storing File: res://modules/video_player/assets/seedance-motion/minimize-pressed-0.png.import[39m[0m
[  89% ] [90m[1msavepack[22m | Storing File: res://.godot/imported/minimize-pressed-1.png-27f2b5f40e09859ef6a1fdf0735dfce6.ctex[39m[0m
[  89% ] [90m[1msavepack[22m | Storing File: res://modules/video_player/assets/seedance-motion/minimize-pressed-1.png.import[39m[0m
[  89% ] [90m[1msavepack[22m | Storing File: res://.godot/imported/minimize-pressed-2.png-aacfbc58756332c4140cf16df8e81e2b.ctex[39m[0m
[  89% ] [90m[1msavepack[22m | Storing File: res://modules/video_player/assets/seedance-motion/minimize-pressed-2.png.import[39m[0m
[  89% ] [90m[1msavepack[22m | Storing File: res://.godot/imported/minimize-pressed-3.png-cf195fe18c5c3b6b126bf01b26b6d580.ctex[39m[0m
[  89% ] [90m[1msavepack[22m | Storing File: res://modules/video_player/assets/seedance-motion/minimize-pressed-3.png.import[39m[0m
[  90% ] [90m[1msavepack[22m | Storing File: res://.godot/imported/minimize-settled-0.png-1a7521aa59f7b27a315ef7bcd890bf57.ctex[39m[0m
[  90% ] [90m[1msavepack[22m | Storing File: res://modules/video_player/assets/seedance-motion/minimize-settled-0.png.import[39m[0m
[  90% ] [90m[1msavepack[22m | Storing File: res://.godot/imported/minimize-settled-1.png-d09867b57af8eb5e337f26eb42d9b7a0.ctex[39m[0m
[  90% ] [90m[1msavepack[22m | Storing File: res://modules/video_player/assets/seedance-motion/minimize-settled-1.png.import[39m[0m
[  90% ] [90m[1msavepack[22m | Storing File: res://.godot/imported/minimize-settled-2.png-5a868911c0ed81d6ffded9e7a3502cb8.ctex[39m[0m
[  90% ] [90m[1msavepack[22m | Storing File: res://modules/video_player/assets/seedance-motion/minimize-settled-2.png.import[39m[0m
[  90% ] [90m[1msavepack[22m | Storing File: res://.godot/imported/minimize-settled-3.png-c26d3204917d81d79b268cb67fdd2954.ctex[39m[0m
[  90% ] [90m[1msavepack[22m | Storing File: res://modules/video_player/assets/seedance-motion/minimize-settled-3.png.import[39m[0m
[  90% ] [90m[1msavepack[22m | Storing File: res://.godot/imported/mute-hover-0.png-7cfde09ecce736bba3b0be9195b88a7e.ctex[39m[0m
[  90% ] [90m[1msavepack[22m | Storing File: res://modules/video_player/assets/seedance-motion/mute-hover-0.png.import[39m[0m
[  90% ] [90m[1msavepack[22m | Storing File: res://.godot/imported/mute-hover-1.png-9ca06194423b53d937abc7d371dd1894.ctex[39m[0m
[  90% ] [90m[1msavepack[22m | Storing File: res://modules/video_player/assets/seedance-motion/mute-hover-1.png.import[39m[0m
[  90% ] [90m[1msavepack[22m | Storing File: res://.godot/imported/mute-hover-2.png-3b3511baeb12cc550ef450b6e0368bcb.ctex[39m[0m
[  90% ] [90m[1msavepack[22m | Storing File: res://modules/video_player/assets/seedance-motion/mute-hover-2.png.import[39m[0m
[  90% ] [90m[1msavepack[22m | Storing File: res://.godot/imported/mute-hover-3.png-1da06afc362ab664330a22dd1acfa8ee.ctex[39m[0m
[  90% ] [90m[1msavepack[22m | Storing File: res://modules/video_player/assets/seedance-motion/mute-hover-3.png.import[39m[0m
[  90% ] [90m[1msavepack[22m | Storing File: res://.godot/imported/mute-pressed-0.png-23d0ff70d3a8cf8598390bf0911de79e.ctex[39m[0m
[  90% ] [90m[1msavepack[22m | Storing File: res://modules/video_player/assets/seedance-motion/mute-pressed-0.png.import[39m[0m
[  91% ] [90m[1msavepack[22m | Storing File: res://.godot/imported/mute-pressed-1.png-442d51dd1dc21ef4318813929272bef5.ctex[39m[0m
[  91% ] [90m[1msavepack[22m | Storing File: res://modules/video_player/assets/seedance-motion/mute-pressed-1.png.import[39m[0m
[  91% ] [90m[1msavepack[22m | Storing File: res://.godot/imported/mute-pressed-2.png-9e264080684a17e42dc7bd9f66a08086.ctex[39m[0m
[  91% ] [90m[1msavepack[22m | Storing File: res://modules/video_player/assets/seedance-motion/mute-pressed-2.png.import[39m[0m
[  91% ] [90m[1msavepack[22m | Storing File: res://.godot/imported/mute-pressed-3.png-bd5377c613a944f75986d37d064f49ff.ctex[39m[0m
[  91% ] [90m[1msavepack[22m | Storing File: res://modules/video_player/assets/seedance-motion/mute-pressed-3.png.import[39m[0m
[  91% ] [90m[1msavepack[22m | Storing File: res://.godot/imported/mute-settled-0.png-a08f2cf1ad62188b81bbbef1afb93ec1.ctex[39m[0m
[  91% ] [90m[1msavepack[22m | Storing File: res://modules/video_player/assets/seedance-motion/mute-settled-0.png.import[39m[0m
[  91% ] [90m[1msavepack[22m | Storing File: res://.godot/imported/mute-settled-1.png-c9169ad424e72b70a719b492143c3e76.ctex[39m[0m
[  91% ] [90m[1msavepack[22m | Storing File: res://modules/video_player/assets/seedance-motion/mute-settled-1.png.import[39m[0m
[  91% ] [90m[1msavepack[22m | Storing File: res://.godot/imported/mute-settled-2.png-61b3737b6bfb4ada2859018635e4e251.ctex[39m[0m
[  91% ] [90m[1msavepack[22m | Storing File: res://modules/video_player/assets/seedance-motion/mute-settled-2.png.import[39m[0m
[  91% ] [90m[1msavepack[22m | Storing File: res://.godot/imported/mute-settled-3.png-f335c346462ab2a3b22283de134d5efd.ctex[39m[0m
[  91% ] [90m[1msavepack[22m | Storing File: res://modules/video_player/assets/seedance-motion/mute-settled-3.png.import[39m[0m
[  91% ] [90m[1msavepack[22m | Storing File: res://.godot/imported/pause-hover-0.png-a0574cdd95bf292c209fa0efe5ea4af4.ctex[39m[0m
[  91% ] [90m[1msavepack[22m | Storing File: res://modules/video_player/assets/seedance-motion/pause-hover-0.png.import[39m[0m
[  91% ] [90m[1msavepack[22m | Storing File: res://.godot/imported/pause-hover-1.png-2efa27d5f7f84ef8fbb033ac0ff39544.ctex[39m[0m
[  91% ] [90m[1msavepack[22m | Storing File: res://modules/video_player/assets/seedance-motion/pause-hover-1.png.import[39m[0m
[  91% ] [90m[1msavepack[22m | Storing File: res://.godot/imported/pause-hover-2.png-1ab2bb690c15d631dc9272fd3f197f80.ctex[39m[0m
[  91% ] [90m[1msavepack[22m | Storing File: res://modules/video_player/assets/seedance-motion/pause-hover-2.png.import[39m[0m
[  92% ] [90m[1msavepack[22m | Storing File: res://.godot/imported/pause-hover-3.png-4d2fba6f5f3e5798ba4c7121bf79ca56.ctex[39m[0m
[  92% ] [90m[1msavepack[22m | Storing File: res://modules/video_player/assets/seedance-motion/pause-hover-3.png.import[39m[0m
[  92% ] [90m[1msavepack[22m | Storing File: res://.godot/imported/pause-pressed-0.png-fc32f6d38b3c1b736a7f61d9c6249ba0.ctex[39m[0m
[  92% ] [90m[1msavepack[22m | Storing File: res://modules/video_player/assets/seedance-motion/pause-pressed-0.png.import[39m[0m
[  92% ] [90m[1msavepack[22m | Storing File: res://.godot/imported/pause-pressed-1.png-c592f3408919f502afe93361e1525c8b.ctex[39m[0m
[  92% ] [90m[1msavepack[22m | Storing File: res://modules/video_player/assets/seedance-motion/pause-pressed-1.png.import[39m[0m
[  92% ] [90m[1msavepack[22m | Storing File: res://.godot/imported/pause-pressed-2.png-b9f3c72d4ab273eab07d4d83060f60a0.ctex[39m[0m
[  92% ] [90m[1msavepack[22m | Storing File: res://modules/video_player/assets/seedance-motion/pause-pressed-2.png.import[39m[0m
[  92% ] [90m[1msavepack[22m | Storing File: res://.godot/imported/pause-pressed-3.png-c69e6646c20d8c687c89f9e5faf94791.ctex[39m[0m
[  92% ] [90m[1msavepack[22m | Storing File: res://modules/video_player/assets/seedance-motion/pause-pressed-3.png.import[39m[0m
[  92% ] [90m[1msavepack[22m | Storing File: res://.godot/imported/pause-settled-0.png-bfc62244bf3e0633b86624de90ab48a2.ctex[39m[0m
[  92% ] [90m[1msavepack[22m | Storing File: res://modules/video_player/assets/seedance-motion/pause-settled-0.png.import[39m[0m
[  92% ] [90m[1msavepack[22m | Storing File: res://.godot/imported/pause-settled-1.png-ad3f3d53fa6c14ee4b1b794f02512e9f.ctex[39m[0m
[  92% ] [90m[1msavepack[22m | Storing File: res://modules/video_player/assets/seedance-motion/pause-settled-1.png.import[39m[0m
[  92% ] [90m[1msavepack[22m | Storing File: res://.godot/imported/pause-settled-2.png-a719cb8f87f8c861c168becf4f0f8340.ctex[39m[0m
[  92% ] [90m[1msavepack[22m | Storing File: res://modules/video_player/assets/seedance-motion/pause-settled-2.png.import[39m[0m
[  92% ] [90m[1msavepack[22m | Storing File: res://.godot/imported/pause-settled-3.png-18f536723882e72805d2c6ea0293d3cb.ctex[39m[0m
[  92% ] [90m[1msavepack[22m | Storing File: res://modules/video_player/assets/seedance-motion/pause-settled-3.png.import[39m[0m
[  93% ] [90m[1msavepack[22m | Storing File: res://.godot/imported/play-hover-0.png-22fa6e50093d9bf9ffbb066b1a79bfad.ctex[39m[0m
[  93% ] [90m[1msavepack[22m | Storing File: res://modules/video_player/assets/seedance-motion/play-hover-0.png.import[39m[0m
[  93% ] [90m[1msavepack[22m | Storing File: res://.godot/imported/play-hover-1.png-750c2210f9484c8ccd4647db853a5b06.ctex[39m[0m
[  93% ] [90m[1msavepack[22m | Storing File: res://modules/video_player/assets/seedance-motion/play-hover-1.png.import[39m[0m
[  93% ] [90m[1msavepack[22m | Storing File: res://.godot/imported/play-hover-2.png-aee8d23a56f6fb6a031aa8ef2cda20cf.ctex[39m[0m
[  93% ] [90m[1msavepack[22m | Storing File: res://modules/video_player/assets/seedance-motion/play-hover-2.png.import[39m[0m
[  93% ] [90m[1msavepack[22m | Storing File: res://.godot/imported/play-hover-3.png-9f015d266ec965df1acd9d5232f43c22.ctex[39m[0m
[  93% ] [90m[1msavepack[22m | Storing File: res://modules/video_player/assets/seedance-motion/play-hover-3.png.import[39m[0m
[  93% ] [90m[1msavepack[22m | Storing File: res://.godot/imported/play-pressed-0.png-9b18151c321b85a5d7ee786672da0aea.ctex[39m[0m
[  93% ] [90m[1msavepack[22m | Storing File: res://modules/video_player/assets/seedance-motion/play-pressed-0.png.import[39m[0m
[  93% ] [90m[1msavepack[22m | Storing File: res://.godot/imported/play-pressed-1.png-70d70a6b9136fbf095cb860b803d1a84.ctex[39m[0m
[  93% ] [90m[1msavepack[22m | Storing File: res://modules/video_player/assets/seedance-motion/play-pressed-1.png.import[39m[0m
[  93% ] [90m[1msavepack[22m | Storing File: res://.godot/imported/play-pressed-2.png-b493b76ac054ffed752f51301a39501b.ctex[39m[0m
[  93% ] [90m[1msavepack[22m | Storing File: res://modules/video_player/assets/seedance-motion/play-pressed-2.png.import[39m[0m
[  93% ] [90m[1msavepack[22m | Storing File: res://.godot/imported/play-pressed-3.png-aa18fa6632892c90a21f0f434f586892.ctex[39m[0m
[  93% ] [90m[1msavepack[22m | Storing File: res://modules/video_player/assets/seedance-motion/play-pressed-3.png.import[39m[0m
[  93% ] [90m[1msavepack[22m | Storing File: res://.godot/imported/play-settled-0.png-16f90df0847a7a8ebe3fe02ca0eb2059.ctex[39m[0m
[  93% ] [90m[1msavepack[22m | Storing File: res://modules/video_player/assets/seedance-motion/play-settled-0.png.import[39m[0m
[  93% ] [90m[1msavepack[22m | Storing File: res://.godot/imported/play-settled-1.png-f414da0c786401630b9cb0699cc019ab.ctex[39m[0m
[  93% ] [90m[1msavepack[22m | Storing File: res://modules/video_player/assets/seedance-motion/play-settled-1.png.import[39m[0m
[  94% ] [90m[1msavepack[22m | Storing File: res://.godot/imported/play-settled-2.png-d9b50e5e7c6f831d669a595b5bb616c4.ctex[39m[0m
[  94% ] [90m[1msavepack[22m | Storing File: res://modules/video_player/assets/seedance-motion/play-settled-2.png.import[39m[0m
[  94% ] [90m[1msavepack[22m | Storing File: res://.godot/imported/play-settled-3.png-a61327252951212b3f79623f86396b74.ctex[39m[0m
[  94% ] [90m[1msavepack[22m | Storing File: res://modules/video_player/assets/seedance-motion/play-settled-3.png.import[39m[0m
[  94% ] [90m[1msavepack[22m | Storing File: res://.godot/imported/save-hover-0.png-be29d471f3cc4cbb371bcf2eff52dec1.ctex[39m[0m
[  94% ] [90m[1msavepack[22m | Storing File: res://modules/video_player/assets/seedance-motion/save-hover-0.png.import[39m[0m
[  94% ] [90m[1msavepack[22m | Storing File: res://.godot/imported/save-hover-1.png-e4eb015e5e2f945b67819cd362b6773c.ctex[39m[0m
[  94% ] [90m[1msavepack[22m | Storing File: res://modules/video_player/assets/seedance-motion/save-hover-1.png.import[39m[0m
[  94% ] [90m[1msavepack[22m | Storing File: res://.godot/imported/save-hover-2.png-badae7b0f7aaa1c277feebe7ea354ab9.ctex[39m[0m
[  94% ] [90m[1msavepack[22m | Storing File: res://modules/video_player/assets/seedance-motion/save-hover-2.png.import[39m[0m
[  94% ] [90m[1msavepack[22m | Storing File: res://.godot/imported/save-hover-3.png-76ab9ea9a5af249fd7ebcb4fa2bff4aa.ctex[39m[0m
[  94% ] [90m[1msavepack[22m | Storing File: res://modules/video_player/assets/seedance-motion/save-hover-3.png.import[39m[0m
[  94% ] [90m[1msavepack[22m | Storing File: res://.godot/imported/save-pressed-0.png-36ee3605b0705783aebe38c95f150861.ctex[39m[0m
[  94% ] [90m[1msavepack[22m | Storing File: res://modules/video_player/assets/seedance-motion/save-pressed-0.png.import[39m[0m
[  94% ] [90m[1msavepack[22m | Storing File: res://.godot/imported/save-pressed-1.png-0d4d9eb7ef1705e6e4f7bb057eb1b2ea.ctex[39m[0m
[  94% ] [90m[1msavepack[22m | Storing File: res://modules/video_player/assets/seedance-motion/save-pressed-1.png.import[39m[0m
[  94% ] [90m[1msavepack[22m | Storing File: res://.godot/imported/save-pressed-2.png-2aeca43366fb857b999fc8e3500df737.ctex[39m[0m
[  94% ] [90m[1msavepack[22m | Storing File: res://modules/video_player/assets/seedance-motion/save-pressed-2.png.import[39m[0m
[  95% ] [90m[1msavepack[22m | Storing File: res://.godot/imported/save-pressed-3.png-1794b99a0c71c3c2993805c6234ccd81.ctex[39m[0m
[  95% ] [90m[1msavepack[22m | Storing File: res://modules/video_player/assets/seedance-motion/save-pressed-3.png.import[39m[0m
[  95% ] [90m[1msavepack[22m | Storing File: res://.godot/imported/save-settled-0.png-9fe25fe16fb6aeb22aafc824a49239b6.ctex[39m[0m
[  95% ] [90m[1msavepack[22m | Storing File: res://modules/video_player/assets/seedance-motion/save-settled-0.png.import[39m[0m
[  95% ] [90m[1msavepack[22m | Storing File: res://.godot/imported/save-settled-1.png-21006ffa71f747ef2b0e4d92919f6ead.ctex[39m[0m
[  95% ] [90m[1msavepack[22m | Storing File: res://modules/video_player/assets/seedance-motion/save-settled-1.png.import[39m[0m
[  95% ] [90m[1msavepack[22m | Storing File: res://.godot/imported/save-settled-2.png-37267ee4fc93599140e8ee5b0eba38ac.ctex[39m[0m
[  95% ] [90m[1msavepack[22m | Storing File: res://modules/video_player/assets/seedance-motion/save-settled-2.png.import[39m[0m
[  95% ] [90m[1msavepack[22m | Storing File: res://.godot/imported/save-settled-3.png-bd4acfb0fe1aea11329a37e7c596d975.ctex[39m[0m
[  95% ] [90m[1msavepack[22m | Storing File: res://modules/video_player/assets/seedance-motion/save-settled-3.png.import[39m[0m
[  95% ] [90m[1msavepack[22m | Storing File: res://.godot/imported/seek-hover-0.png-3c26edfc7ec8ccce80d27a7776a8c2d9.ctex[39m[0m
[  95% ] [90m[1msavepack[22m | Storing File: res://modules/video_player/assets/seedance-motion/seek-hover-0.png.import[39m[0m
[  95% ] [90m[1msavepack[22m | Storing File: res://.godot/imported/seek-hover-1.png-fcb41d58fd7610716c4454a767ca5fb1.ctex[39m[0m
[  95% ] [90m[1msavepack[22m | Storing File: res://modules/video_player/assets/seedance-motion/seek-hover-1.png.import[39m[0m
[  95% ] [90m[1msavepack[22m | Storing File: res://.godot/imported/seek-hover-2.png-a2bd116aae4d14a03e4c4ae57ea39335.ctex[39m[0m
[  95% ] [90m[1msavepack[22m | Storing File: res://modules/video_player/assets/seedance-motion/seek-hover-2.png.import[39m[0m
[  95% ] [90m[1msavepack[22m | Storing File: res://.godot/imported/seek-hover-3.png-a3c9d7a8963a1f95a477d0bd7599fe8b.ctex[39m[0m
[  95% ] [90m[1msavepack[22m | Storing File: res://modules/video_player/assets/seedance-motion/seek-hover-3.png.import[39m[0m
[  95% ] [90m[1msavepack[22m | Storing File: res://.godot/imported/seek-pressed-0.png-7c36c4101914b44bee05440db7f9f660.ctex[39m[0m
[  95% ] [90m[1msavepack[22m | Storing File: res://modules/video_player/assets/seedance-motion/seek-pressed-0.png.import[39m[0m
[  96% ] [90m[1msavepack[22m | Storing File: res://.godot/imported/seek-pressed-1.png-ceb3d50dc51024fc27415d4fdf3cf445.ctex[39m[0m
[  96% ] [90m[1msavepack[22m | Storing File: res://modules/video_player/assets/seedance-motion/seek-pressed-1.png.import[39m[0m
[  96% ] [90m[1msavepack[22m | Storing File: res://.godot/imported/seek-pressed-2.png-86c99eb2c45e43a9bbe344a3dd743420.ctex[39m[0m
[  96% ] [90m[1msavepack[22m | Storing File: res://modules/video_player/assets/seedance-motion/seek-pressed-2.png.import[39m[0m
[  96% ] [90m[1msavepack[22m | Storing File: res://.godot/imported/seek-pressed-3.png-7c843aafe8e5dfbd90c4f7eb4b5172ce.ctex[39m[0m
[  96% ] [90m[1msavepack[22m | Storing File: res://modules/video_player/assets/seedance-motion/seek-pressed-3.png.import[39m[0m
[  96% ] [90m[1msavepack[22m | Storing File: res://.godot/imported/seek-settled-0.png-6606d62e580f029d8d0d7224b6dadb64.ctex[39m[0m
[  96% ] [90m[1msavepack[22m | Storing File: res://modules/video_player/assets/seedance-motion/seek-settled-0.png.import[39m[0m
[  96% ] [90m[1msavepack[22m | Storing File: res://.godot/imported/seek-settled-1.png-1f4ba1fcee14fb628e1ef4a178e1050d.ctex[39m[0m
[  96% ] [90m[1msavepack[22m | Storing File: res://modules/video_player/assets/seedance-motion/seek-settled-1.png.import[39m[0m
[  96% ] [90m[1msavepack[22m | Storing File: res://.godot/imported/seek-settled-2.png-411b3baced99eea6daeddf9a90559e84.ctex[39m[0m
[  96% ] [90m[1msavepack[22m | Storing File: res://modules/video_player/assets/seedance-motion/seek-settled-2.png.import[39m[0m
[  96% ] [90m[1msavepack[22m | Storing File: res://.godot/imported/seek-settled-3.png-898d16948578377d8da41381b968abcd.ctex[39m[0m
[  96% ] [90m[1msavepack[22m | Storing File: res://modules/video_player/assets/seedance-motion/seek-settled-3.png.import[39m[0m
[  96% ] [90m[1msavepack[22m | Storing File: res://.godot/imported/speaker-hover-0.png-161b43cc600d84cb5e38808e291b34d5.ctex[39m[0m
[  96% ] [90m[1msavepack[22m | Storing File: res://modules/video_player/assets/seedance-motion/speaker-hover-0.png.import[39m[0m
[  96% ] [90m[1msavepack[22m | Storing File: res://.godot/imported/speaker-hover-1.png-056c6e7d91a8b8b551946d1fbda6c421.ctex[39m[0m
[  96% ] [90m[1msavepack[22m | Storing File: res://modules/video_player/assets/seedance-motion/speaker-hover-1.png.import[39m[0m
[  97% ] [90m[1msavepack[22m | Storing File: res://.godot/imported/speaker-hover-2.png-4ae193c8a33a37ef558b704bab38c799.ctex[39m[0m
[  97% ] [90m[1msavepack[22m | Storing File: res://modules/video_player/assets/seedance-motion/speaker-hover-2.png.import[39m[0m
[  97% ] [90m[1msavepack[22m | Storing File: res://.godot/imported/speaker-hover-3.png-3ba37da9fb984ef701d7659a92e0a847.ctex[39m[0m
[  97% ] [90m[1msavepack[22m | Storing File: res://modules/video_player/assets/seedance-motion/speaker-hover-3.png.import[39m[0m
[  97% ] [90m[1msavepack[22m | Storing File: res://.godot/imported/speaker-pressed-0.png-daa908075e8a8e420b217eb8e1880a18.ctex[39m[0m
[  97% ] [90m[1msavepack[22m | Storing File: res://modules/video_player/assets/seedance-motion/speaker-pressed-0.png.import[39m[0m
[  97% ] [90m[1msavepack[22m | Storing File: res://.godot/imported/speaker-pressed-1.png-1df61d08403929ada1b551d4f7a619c0.ctex[39m[0m
[  97% ] [90m[1msavepack[22m | Storing File: res://modules/video_player/assets/seedance-motion/speaker-pressed-1.png.import[39m[0m
[  97% ] [90m[1msavepack[22m | Storing File: res://.godot/imported/speaker-pressed-2.png-11c304aeea277c1e933535ee327a1646.ctex[39m[0m
[  97% ] [90m[1msavepack[22m | Storing File: res://modules/video_player/assets/seedance-motion/speaker-pressed-2.png.import[39m[0m
[  97% ] [90m[1msavepack[22m | Storing File: res://.godot/imported/speaker-pressed-3.png-f801cf86b6a74534b114783afe780729.ctex[39m[0m
[  97% ] [90m[1msavepack[22m | Storing File: res://modules/video_player/assets/seedance-motion/speaker-pressed-3.png.import[39m[0m
[  97% ] [90m[1msavepack[22m | Storing File: res://.godot/imported/speaker-settled-0.png-daa496fc0cf509e77de0584579764051.ctex[39m[0m
[  97% ] [90m[1msavepack[22m | Storing File: res://modules/video_player/assets/seedance-motion/speaker-settled-0.png.import[39m[0m
[  97% ] [90m[1msavepack[22m | Storing File: res://.godot/imported/speaker-settled-1.png-c28ee5d4b2f5b4e2995944c62631f4ca.ctex[39m[0m
[  97% ] [90m[1msavepack[22m | Storing File: res://modules/video_player/assets/seedance-motion/speaker-settled-1.png.import[39m[0m
[  97% ] [90m[1msavepack[22m | Storing File: res://.godot/imported/speaker-settled-2.png-e692b0444cc4d5e2764788dc3fd7fc05.ctex[39m[0m
[  97% ] [90m[1msavepack[22m | Storing File: res://modules/video_player/assets/seedance-motion/speaker-settled-2.png.import[39m[0m
[  97% ] [90m[1msavepack[22m | Storing File: res://.godot/imported/speaker-settled-3.png-0d2cea073bb2d52281739edc20d0311d.ctex[39m[0m
[  97% ] [90m[1msavepack[22m | Storing File: res://modules/video_player/assets/seedance-motion/speaker-settled-3.png.import[39m[0m
[  98% ] [90m[1msavepack[22m | Storing File: res://.godot/imported/volume-hover-0.png-a6f6a2f47fe4e0517c36528ede848161.ctex[39m[0m
[  98% ] [90m[1msavepack[22m | Storing File: res://modules/video_player/assets/seedance-motion/volume-hover-0.png.import[39m[0m
[  98% ] [90m[1msavepack[22m | Storing File: res://.godot/imported/volume-hover-1.png-2794cba0c1c35a83f2abbe6c6b2483ad.ctex[39m[0m
[  98% ] [90m[1msavepack[22m | Storing File: res://modules/video_player/assets/seedance-motion/volume-hover-1.png.import[39m[0m
[  98% ] [90m[1msavepack[22m | Storing File: res://.godot/imported/volume-hover-2.png-a190a2e485d15219fff7436b805a6e71.ctex[39m[0m
[  98% ] [90m[1msavepack[22m | Storing File: res://modules/video_player/assets/seedance-motion/volume-hover-2.png.import[39m[0m
[  98% ] [90m[1msavepack[22m | Storing File: res://.godot/imported/volume-hover-3.png-4fd5200aed3769faad8adc3ff2dcb7e1.ctex[39m[0m
[  98% ] [90m[1msavepack[22m | Storing File: res://modules/video_player/assets/seedance-motion/volume-hover-3.png.import[39m[0m
[  98% ] [90m[1msavepack[22m | Storing File: res://.godot/imported/volume-pressed-0.png-c94ab21c808b40ecdc811627d577f382.ctex[39m[0m
[  98% ] [90m[1msavepack[22m | Storing File: res://modules/video_player/assets/seedance-motion/volume-pressed-0.png.import[39m[0m
[  98% ] [90m[1msavepack[22m | Storing File: res://.godot/imported/volume-pressed-1.png-50c3cb881c05503803d87ac23991ce1d.ctex[39m[0m
[  98% ] [90m[1msavepack[22m | Storing File: res://modules/video_player/assets/seedance-motion/volume-pressed-1.png.import[39m[0m
[  98% ] [90m[1msavepack[22m | Storing File: res://.godot/imported/volume-pressed-2.png-d1f62b9ba756c25de1c9fc4d860355c3.ctex[39m[0m
[  98% ] [90m[1msavepack[22m | Storing File: res://modules/video_player/assets/seedance-motion/volume-pressed-2.png.import[39m[0m
[  98% ] [90m[1msavepack[22m | Storing File: res://.godot/imported/volume-pressed-3.png-5f6f973fb6ca733cba57bfe83492c8e2.ctex[39m[0m
[  98% ] [90m[1msavepack[22m | Storing File: res://modules/video_player/assets/seedance-motion/volume-pressed-3.png.import[39m[0m
[  98% ] [90m[1msavepack[22m | Storing File: res://.godot/imported/volume-settled-0.png-19213944b9058fb7aa81c18bd9321919.ctex[39m[0m
[  98% ] [90m[1msavepack[22m | Storing File: res://modules/video_player/assets/seedance-motion/volume-settled-0.png.import[39m[0m
[  98% ] [90m[1msavepack[22m | Storing File: res://testing/errors.gd.remap[39m[0m
[  98% ] [90m[1msavepack[22m | Storing File: res://testing/collection_page_adapter.gd.remap[39m[0m
[  98% ] [90m[1msavepack[22m | Storing File: res://testing/collection_data_test.gd.remap[39m[0m
[  98% ] [90m[1msavepack[22m | Storing File: res://testing/harness_base.gd.remap[39m[0m
[  98% ] [90m[1msavepack[22m | Storing File: res://modules/video_player/errors.gd.remap[39m[0m
[  98% ] [90m[1msavepack[22m | Storing File: res://modules/video_player/playtest/harness.gd.remap[39m[0m
[  98% ] [90m[1msavepack[22m | Storing File: res://modules/video_player/video_player.gd.remap[39m[0m
[  98% ] [90m[1msavepack[22m | Storing File: res://testing/interface.gd.remap[39m[0m
[  98% ] [90m[1msavepack[22m | Storing File: res://testing/saved_destinations_test.gd.remap[39m[0m
[  98% ] [90m[1msavepack[22m | Storing File: res://modules/video_player/interface.gd.remap[39m[0m
[  98% ] [90m[1msavepack[22m | Storing File: res://modules/atlas/playtest/harness.gd.remap[39m[0m
[  98% ] [90m[1msavepack[22m | Storing File: res://modules/atlas/atlas.gd.remap[39m[0m
[  98% ] [90m[1msavepack[22m | Storing File: res://modules/atlas/atlas_window.gd.remap[39m[0m
[  98% ] [90m[1msavepack[22m | Storing File: res://modules/atlas/errors.gd.remap[39m[0m
[  98% ] [90m[1msavepack[22m | Storing File: res://modules/atlas/interface.gd.remap[39m[0m
[  98% ] [90m[1msavepack[22m | Storing File: res://modules/collection_data/playtest/completion_regression.gd.remap[39m[0m
[  98% ] [90m[1msavepack[22m | Storing File: res://modules/collection_data/playtest/harness.gd.remap[39m[0m
[  98% ] [90m[1msavepack[22m | Storing File: res://modules/collection_data/playtest/probe.gd.remap[39m[0m
[  98% ] [90m[1msavepack[22m | Storing File: res://modules/collection_data/playtest/probe.tscn.remap[39m[0m
[  98% ] [90m[1msavepack[22m | Storing File: res://modules/collection_data/data.gd.remap[39m[0m
[  98% ] [90m[1msavepack[22m | Storing File: res://modules/collection_data/errors.gd.remap[39m[0m
[  98% ] [90m[1msavepack[22m | Storing File: res://modules/collection_data/http_adapter.gd.remap[39m[0m
[  98% ] [90m[1msavepack[22m | Storing File: res://modules/collection_data/interface.gd.remap[39m[0m
[  98% ] [90m[1msavepack[22m | Storing File: res://modules/collection_data/storage_adapter.gd.remap[39m[0m
[  98% ] [90m[1msavepack[22m | Storing File: res://modules/flowers_page/errors.gd.remap[39m[0m
[  98% ] [90m[1msavepack[22m | Storing File: res://modules/flowers_page/flowers_embed.gd.remap[39m[0m
[  98% ] [90m[1msavepack[22m | Storing File: res://modules/flowers_page/flowers_page.gd.remap[39m[0m
[  98% ] [90m[1msavepack[22m | Storing File: res://modules/flowers_page/interface.gd.remap[39m[0m
[  98% ] [90m[1msavepack[22m | Storing File: res://modules/playground_page/playtest/harness.gd.remap[39m[0m
[  98% ] [90m[1msavepack[22m | Storing File: res://modules/playground_page/playtest/square_harness.gd.remap[39m[0m
[  98% ] [90m[1msavepack[22m | Storing File: res://modules/playground_page/arena_embed.gd.remap[39m[0m
[  98% ] [90m[1msavepack[22m | Storing File: res://modules/playground_page/embedded_check.gd.remap[39m[0m
[  98% ] [90m[1msavepack[22m | Storing File: res://modules/playground_page/errors.gd.remap[39m[0m
[  98% ] [90m[1msavepack[22m | Storing File: res://modules/playground_page/interface.gd.remap[39m[0m
[  98% ] [90m[1msavepack[22m | Storing File: res://modules/playground_page/journal_paper_turn.gd.remap[39m[0m
[  98% ] [90m[1msavepack[22m | Storing File: res://modules/playground_page/journal_window.gd.remap[39m[0m
[  98% ] [90m[1msavepack[22m | Storing File: res://modules/playground_page/playground_page.gd.remap[39m[0m
[  98% ] [90m[1msavepack[22m | Storing File: res://modules/playground_page/square_pages.gd.remap[39m[0m
[  98% ] [90m[1msavepack[22m | Storing File: res://modules/playground_page/websurfer_window.gd.remap[39m[0m
[  98% ] [90m[1msavepack[22m | Storing File: res://modules/sculpture_viewer/playtest/close_zoom.gd.remap[39m[0m
[  98% ] [90m[1msavepack[22m | Storing File: res://modules/sculpture_viewer/playtest/harness.gd.remap[39m[0m
[  98% ] [90m[1msavepack[22m | Storing File: res://modules/sculpture_viewer/playtest/hover_turn.gd.remap[39m[0m
[  98% ] [90m[1msavepack[22m | Storing File: res://modules/sculpture_viewer/playtest/record_selection.gd.remap[39m[0m
[  98% ] [90m[1msavepack[22m | Storing File: res://modules/sculpture_viewer/playtest/window_resize_check.gd.remap[39m[0m
[  98% ] [90m[1msavepack[22m | Storing File: res://modules/sculpture_viewer/catalogue.gd.remap[39m[0m
[  98% ] [90m[1msavepack[22m | Storing File: res://modules/sculpture_viewer/desktop.gd.remap[39m[0m
[  98% ] [90m[1msavepack[22m | Storing File: res://modules/sculpture_viewer/errors.gd.remap[39m[0m
[  98% ] [90m[1msavepack[22m | Storing File: res://modules/sculpture_viewer/interface.gd.remap[39m[0m
[  98% ] [90m[1msavepack[22m | Storing File: res://modules/sculpture_viewer/turn_cell.gd.remap[39m[0m
[  98% ] [90m[1msavepack[22m | Storing File: res://modules/sculpture_viewer/viewer.gd.remap[39m[0m
[  98% ] [90m[1msavepack[22m | Storing File: res://modules/shell/playtest/collection_fit_check.gd.remap[39m[0m
[  98% ] [90m[1msavepack[22m | Storing File: res://modules/shell/playtest/collection_preview_check.gd.remap[39m[0m
[  98% ] [90m[1msavepack[22m | Storing File: res://modules/shell/playtest/containment.gd.remap[39m[0m
[  98% ] [90m[1msavepack[22m | Storing File: res://modules/shell/playtest/dummy_tenant.gd.remap[39m[0m
[  98% ] [90m[1msavepack[22m | Storing File: res://modules/shell/playtest/harness.gd.remap[39m[0m
[  98% ] [90m[1msavepack[22m | Storing File: res://modules/shell/playtest/icon_rail_capture.gd.remap[39m[0m
[  98% ] [90m[1msavepack[22m | Storing File: res://modules/shell/playtest/square_capture.gd.remap[39m[0m
[  98% ] [90m[1msavepack[22m | Storing File: res://modules/shell/playtest/visitor174_capture.gd.remap[39m[0m
[  98% ] [90m[1msavepack[22m | Storing File: res://modules/shell/playtest/visitor174_check.gd.remap[39m[0m
[  98% ] [90m[1msavepack[22m | Storing File: res://modules/shell/prototype/gallery_walk4/bake/plugin.gd.remap[39m[0m
[  98% ] [90m[1msavepack[22m | Storing File: res://modules/shell/prototype/gallery_walk4/bake/prepare.gd.remap[39m[0m
[  98% ] [90m[1msavepack[22m | Storing File: res://modules/shell/prototype/gallery_walk4/bake/white_prepare.gd.remap[39m[0m
[  98% ] [90m[1msavepack[22m | Storing File: res://modules/shell/prototype/gallery_walk4/baked/white.tscn.remap[39m[0m
[  98% ] [90m[1msavepack[22m | Storing File: res://modules/shell/prototype/gallery_walk4/identity/native_render_check.gd.remap[39m[0m
[  98% ] [90m[1msavepack[22m | Storing File: res://modules/shell/prototype/gallery_walk4/rig/check.gd.remap[39m[0m
[  98% ] [90m[1msavepack[22m | Storing File: res://modules/shell/prototype/gallery_walk4/rig/contact_check.gd.remap[39m[0m
[  98% ] [90m[1msavepack[22m | Storing File: res://modules/shell/prototype/gallery_walk4/rig/render_check.gd.remap[39m[0m
[  98% ] [90m[1msavepack[22m | Storing File: res://modules/shell/prototype/gallery_walk4/rig/visitor.gd.remap[39m[0m
[  98% ] [90m[1msavepack[22m | Storing File: res://modules/shell/prototype/gallery_walk4/visitor159/visitor.gd.remap[39m[0m
[  98% ] [90m[1msavepack[22m | Storing File: res://modules/shell/prototype/gallery_walk4/architecture_167_capture.gd.remap[39m[0m
[  98% ] [90m[1msavepack[22m | Storing File: res://modules/shell/prototype/gallery_walk4/cornice_check.gd.remap[39m[0m
[  98% ] [90m[1msavepack[22m | Storing File: res://modules/shell/prototype/gallery_walk4/cutaway_floor_check.gd.remap[39m[0m
[  98% ] [90m[1msavepack[22m | Storing File: res://modules/shell/prototype/gallery_walk4/dbg_tmp.gd.remap[39m[0m
[  98% ] [90m[1msavepack[22m | Storing File: res://modules/shell/prototype/gallery_walk4/dollhouse_shot.gd.remap[39m[0m
[  98% ] [90m[1msavepack[22m | Storing File: res://modules/shell/prototype/gallery_walk4/doorway_check.gd.remap[39m[0m
[  98% ] [90m[1msavepack[22m | Storing File: res://modules/shell/prototype/gallery_walk4/doorway_prototype.gd.remap[39m[0m
[  98% ] [90m[1msavepack[22m | Storing File: res://modules/shell/prototype/gallery_walk4/doorway_prototype.tscn.remap[39m[0m
[  98% ] [90m[1msavepack[22m | Storing File: res://modules/shell/prototype/gallery_walk4/doorway_prototype_capture.gd.remap[39m[0m
[  98% ] [90m[1msavepack[22m | Storing File: res://modules/shell/prototype/gallery_walk4/final_render_check.gd.remap[39m[0m
[  98% ] [90m[1msavepack[22m | Storing File: res://modules/shell/prototype/gallery_walk4/floor_edges_check.gd.remap[39m[0m
[  98% ] [90m[1msavepack[22m | Storing File: res://modules/shell/prototype/gallery_walk4/floor_prototype_capture.gd.remap[39m[0m
[  98% ] [90m[1msavepack[22m | Storing File: res://modules/shell/prototype/gallery_walk4/navigation_check.gd.remap[39m[0m
[  98% ] [90m[1msavepack[22m | Storing File: res://modules/shell/prototype/gallery_walk4/owner_repair_check.gd.remap[39m[0m
[  98% ] [90m[1msavepack[22m | Storing File: res://modules/shell/prototype/gallery_walk4/painting_asset.gd.remap[39m[0m
[  98% ] [90m[1msavepack[22m | Storing File: res://modules/shell/prototype/gallery_walk4/performance_probe.gd.remap[39m[0m
[  98% ] [90m[1msavepack[22m | Storing File: res://modules/shell/prototype/gallery_walk4/portal_167_capture.gd.remap[39m[0m
[  98% ] [90m[1msavepack[22m | Storing File: res://modules/shell/prototype/gallery_walk4/portal_check.gd.remap[39m[0m
[  98% ] [90m[1msavepack[22m | Storing File: res://modules/shell/prototype/gallery_walk4/portal_floor_probe.gd.remap[39m[0m
[  98% ] [90m[1msavepack[22m | Storing File: res://modules/shell/prototype/gallery_walk4/portal_relief_prepare.gd.remap[39m[0m
[  98% ] [90m[1msavepack[22m | Storing File: res://modules/shell/prototype/gallery_walk4/portal_sculpture_probe.gd.remap[39m[0m
[  98% ] [90m[1msavepack[22m | Storing File: res://modules/shell/prototype/gallery_walk4/portal_sculpt_relief_prepare.gd.remap[39m[0m
[  98% ] [90m[1msavepack[22m | Storing File: res://modules/shell/prototype/gallery_walk4/portal_traversal_check.gd.remap[39m[0m
[  98% ] [90m[1msavepack[22m | Storing File: res://modules/shell/prototype/gallery_walk4/render_diagnostics.gd.remap[39m[0m
[  98% ] [90m[1msavepack[22m | Storing File: res://modules/shell/prototype/gallery_walk4/render_diagnostics_check.gd.remap[39m[0m
[  98% ] [90m[1msavepack[22m | Storing File: res://modules/shell/prototype/gallery_walk4/shot.gd.remap[39m[0m
[  98% ] [90m[1msavepack[22m | Storing File: res://modules/shell/prototype/gallery_walk4/visitor.gd.remap[39m[0m
[  98% ] [90m[1msavepack[22m | Storing File: res://modules/shell/prototype/gallery_walk4/visitor_check.gd.remap[39m[0m
[  98% ] [90m[1msavepack[22m | Storing File: res://modules/shell/prototype/gallery_walk4/walk4.gd.remap[39m[0m
[  98% ] [90m[1msavepack[22m | Storing File: res://modules/shell/prototype/gallery_walk4/world_176_capture.gd.remap[39m[0m
[  98% ] [90m[1msavepack[22m | Storing File: res://modules/shell/prototype/gallery_walk4/world_176_check.gd.remap[39m[0m
[  98% ] [90m[1msavepack[22m | Storing File: res://modules/shell/boot_loader.gd.remap[39m[0m
[  98% ] [90m[1msavepack[22m | Storing File: res://modules/shell/boot_loader.tscn.remap[39m[0m
[  98% ] [90m[1msavepack[22m | Storing File: res://modules/shell/crt_display.gd.remap[39m[0m
[  98% ] [90m[1msavepack[22m | Storing File: res://modules/shell/demo.gd.remap[39m[0m
[  98% ] [90m[1msavepack[22m | Storing File: res://modules/shell/demo.tscn.remap[39m[0m
[  98% ] [90m[1msavepack[22m | Storing File: res://modules/shell/desktop_icons.gd.remap[39m[0m
[  98% ] [90m[1msavepack[22m | Storing File: res://modules/shell/errors.gd.remap[39m[0m
[  98% ] [90m[1msavepack[22m | Storing File: res://modules/shell/hover_glow.gd.remap[39m[0m
[  98% ] [90m[1msavepack[22m | Storing File: res://modules/shell/interface.gd.remap[39m[0m
[  98% ] [90m[1msavepack[22m | Storing File: res://modules/shell/shell.gd.remap[39m[0m
[  98% ] [90m[1msavepack[22m | Storing File: res://modules/shell/square_chrome.gd.remap[39m[0m
[  98% ] [90m[1msavepack[22m | Storing File: res://modules/shell/window_shadows.gd.remap[39m[0m
[  98% ] [90m[1msavepack[22m | Storing File: res://modules/sketchbook/mixbox/mixbox.gd.remap[39m[0m
[  98% ] [90m[1msavepack[22m | Storing File: res://modules/sketchbook/playtest/anri_palette_check.gd.remap[39m[0m
[  98% ] [90m[1msavepack[22m | Storing File: res://modules/sketchbook/playtest/harness.gd.remap[39m[0m
[  98% ] [90m[1msavepack[22m | Storing File: res://modules/sketchbook/playtest/tldraw_controls_check.gd.remap[39m[0m
[  98% ] [90m[1msavepack[22m | Storing File: res://modules/sketchbook/desktop.gd.remap[39m[0m
[  98% ] [90m[1msavepack[22m | Storing File: res://modules/sketchbook/drawing_surface.gd.remap[39m[0m
[  98% ] [90m[1msavepack[22m | Storing File: res://modules/sketchbook/errors.gd.remap[39m[0m
[  98% ] [90m[1msavepack[22m | Storing File: res://modules/sketchbook/freehand.gd.remap[39m[0m
[  98% ] [90m[1msavepack[22m | Storing File: res://modules/sketchbook/global_chatroom.gd.remap[39m[0m
[  98% ] [90m[1msavepack[22m | Storing File: res://modules/sketchbook/interface.gd.remap[39m[0m
[  98% ] [90m[1msavepack[22m | Storing File: res://modules/sketchbook/paintbox.gd.remap[39m[0m
[  98% ] [90m[1msavepack[22m | Storing File: res://modules/sketchbook/painting_flow.gd.remap[39m[0m
[  98% ] [90m[1msavepack[22m | Storing File: res://modules/sketchbook/paper_turn.gd.remap[39m[0m
[  98% ] [90m[1msavepack[22m | Storing File: res://modules/sketchbook/sketchbook_window.gd.remap[39m[0m
[  98% ] [90m[1msavepack[22m | Storing File: res://modules/sketchbook/tldraw_controls_prototype.gd.remap[39m[0m
[  98% ] [90m[1msavepack[22m | Storing File: res://modules/sound_cues/playtest/check.gd.remap[39m[0m
[  98% ] [90m[1msavepack[22m | Storing File: res://modules/sound_cues/errors.gd.remap[39m[0m
[  98% ] [90m[1msavepack[22m | Storing File: res://modules/sound_cues/interface.gd.remap[39m[0m
[  98% ] [90m[1msavepack[22m | Storing File: res://modules/sound_cues/sound_cues.gd.remap[39m[0m
[  98% ] [90m[1msavepack[22m | Storing File: res://modules/tab_strip/playtest/harness.gd.remap[39m[0m
[  98% ] [90m[1msavepack[22m | Storing File: res://modules/tab_strip/demo.gd.remap[39m[0m
[  98% ] [90m[1msavepack[22m | Storing File: res://modules/tab_strip/demo.tscn.remap[39m[0m
[  98% ] [90m[1msavepack[22m | Storing File: res://modules/tab_strip/errors.gd.remap[39m[0m
[  98% ] [90m[1msavepack[22m | Storing File: res://modules/tab_strip/interface.gd.remap[39m[0m
[  98% ] [90m[1msavepack[22m | Storing File: res://modules/tab_strip/tab_strip.gd.remap[39m[0m
[  98% ] [90m[1msavepack[22m | Storing File: res://.godot/global_script_class_cache.cfg[39m[0m
[  98% ] [90m[1msavepack[22m | Storing File: res://.godot/uid_cache.bin[39m[0m
[  98% ] [90m[1msavepack[22m | Storing File: res://project.binary[39m[0m
[92m[ DONE ][39m [1msavepack[22m
[0m
ERROR: Pages in use exist at exit in PagedAllocator: N20RasterizerSceneDummy21GeometryInstanceDummyE
   at: ~PagedAllocator (./core/templates/paged_allocator.h:170)
WARNING: Leaked instance dependency: Bug - did not call instance_notify_deleted when freeing.
   at: ~Dependency (servers/rendering/storage/utilities.cpp:56)
WARNING: Leaked instance dependency: Bug - did not call instance_notify_deleted when freeing.
   at: ~Dependency (servers/rendering/storage/utilities.cpp:56)
WARNING: Leaked instance dependency: Bug - did not call instance_notify_deleted when freeing.
   at: ~Dependency (servers/rendering/storage/utilities.cpp:56)
WARNING: Leaked instance dependency: Bug - did not call instance_notify_deleted when freeing.
   at: ~Dependency (servers/rendering/storage/utilities.cpp:56)
WARNING: Leaked instance dependency: Bug - did not call instance_notify_deleted when freeing.
   at: ~Dependency (servers/rendering/storage/utilities.cpp:56)
WARNING: Leaked instance dependency: Bug - did not call instance_notify_deleted when freeing.
   at: ~Dependency (servers/rendering/storage/utilities.cpp:56)
WARNING: Leaked instance dependency: Bug - did not call instance_notify_deleted when freeing.
   at: ~Dependency (servers/rendering/storage/utilities.cpp:56)
WARNING: Leaked instance dependency: Bug - did not call instance_notify_deleted when freeing.
   at: ~Dependency (servers/rendering/storage/utilities.cpp:56)
WARNING: Leaked instance dependency: Bug - did not call instance_notify_deleted when freeing.
   at: ~Dependency (servers/rendering/storage/utilities.cpp:56)
WARNING: Leaked instance dependency: Bug - did not call instance_notify_deleted when freeing.
   at: ~Dependency (servers/rendering/storage/utilities.cpp:56)
WARNING: Leaked instance dependency: Bug - did not call instance_notify_deleted when freeing.
   at: ~Dependency (servers/rendering/storage/utilities.cpp:56)
WARNING: Leaked instance dependency: Bug - did not call instance_notify_deleted when freeing.
   at: ~Dependency (servers/rendering/storage/utilities.cpp:56)
WARNING: Leaked instance dependency: Bug - did not call instance_notify_deleted when freeing.
   at: ~Dependency (servers/rendering/storage/utilities.cpp:56)
WARNING: Leaked instance dependency: Bug - did not call instance_notify_deleted when freeing.
   at: ~Dependency (servers/rendering/storage/utilities.cpp:56)
WARNING: Leaked instance dependency: Bug - did not call instance_notify_deleted when freeing.
   at: ~Dependency (servers/rendering/storage/utilities.cpp:56)
WARNING: Leaked instance dependency: Bug - did not call instance_notify_deleted when freeing.
   at: ~Dependency (servers/rendering/storage/utilities.cpp:56)
WARNING: Leaked instance dependency: Bug - did not call instance_notify_deleted when freeing.
   at: ~Dependency (servers/rendering/storage/utilities.cpp:56)
WARNING: Leaked instance dependency: Bug - did not call instance_notify_deleted when freeing.
   at: ~Dependency (servers/rendering/storage/utilities.cpp:56)
WARNING: Leaked instance dependency: Bug - did not call instance_notify_deleted when freeing.
   at: ~Dependency (servers/rendering/storage/utilities.cpp:56)
WARNING: Leaked instance dependency: Bug - did not call instance_notify_deleted when freeing.
   at: ~Dependency (servers/rendering/storage/utilities.cpp:56)
WARNING: Leaked instance dependency: Bug - did not call instance_notify_deleted when freeing.
   at: ~Dependency (servers/rendering/storage/utilities.cpp:56)
WARNING: Leaked instance dependency: Bug - did not call instance_notify_deleted when freeing.
   at: ~Dependency (servers/rendering/storage/utilities.cpp:56)
WARNING: Leaked instance dependency: Bug - did not call instance_notify_deleted when freeing.
   at: ~Dependency (servers/rendering/storage/utilities.cpp:56)
WARNING: Leaked instance dependency: Bug - did not call instance_notify_deleted when freeing.
   at: ~Dependency (servers/rendering/storage/utilities.cpp:56)
WARNING: Leaked instance dependency: Bug - did not call instance_notify_deleted when freeing.
   at: ~Dependency (servers/rendering/storage/utilities.cpp:56)
WARNING: Leaked instance dependency: Bug - did not call instance_notify_deleted when freeing.
   at: ~Dependency (servers/rendering/storage/utilities.cpp:56)
WARNING: Leaked instance dependency: Bug - did not call instance_notify_deleted when freeing.
   at: ~Dependency (servers/rendering/storage/utilities.cpp:56)
WARNING: Leaked instance dependency: Bug - did not call instance_notify_deleted when freeing.
   at: ~Dependency (servers/rendering/storage/utilities.cpp:56)
WARNING: Leaked instance dependency: Bug - did not call instance_notify_deleted when freeing.
   at: ~Dependency (servers/rendering/storage/utilities.cpp:56)
WARNING: Leaked instance dependency: Bug - did not call instance_notify_deleted when freeing.
   at: ~Dependency (servers/rendering/storage/utilities.cpp:56)
WARNING: Leaked instance dependency: Bug - did not call instance_notify_deleted when freeing.
   at: ~Dependency (servers/rendering/storage/utilities.cpp:56)
WARNING: Leaked instance dependency: Bug - did not call instance_notify_deleted when freeing.
   at: ~Dependency (servers/rendering/storage/utilities.cpp:56)
WARNING: Leaked instance dependency: Bug - did not call instance_notify_deleted when freeing.
   at: ~Dependency (servers/rendering/storage/utilities.cpp:56)
WARNING: Leaked instance dependency: Bug - did not call instance_notify_deleted when freeing.
   at: ~Dependency (servers/rendering/storage/utilities.cpp:56)
WARNING: Leaked instance dependency: Bug - did not call instance_notify_deleted when freeing.
   at: ~Dependency (servers/rendering/storage/utilities.cpp:56)
WARNING: Leaked instance dependency: Bug - did not call instance_notify_deleted when freeing.
   at: ~Dependency (servers/rendering/storage/utilities.cpp:56)
WARNING: Leaked instance dependency: Bug - did not call instance_notify_deleted when freeing.
   at: ~Dependency (servers/rendering/storage/utilities.cpp:56)
WARNING: Leaked instance dependency: Bug - did not call instance_notify_deleted when freeing.
   at: ~Dependency (servers/rendering/storage/utilities.cpp:56)
WARNING: Leaked instance dependency: Bug - did not call instance_notify_deleted when freeing.
   at: ~Dependency (servers/rendering/storage/utilities.cpp:56)
WARNING: Leaked instance dependency: Bug - did not call instance_notify_deleted when freeing.
   at: ~Dependency (servers/rendering/storage/utilities.cpp:56)
WARNING: Leaked instance dependency: Bug - did not call instance_notify_deleted when freeing.
   at: ~Dependency (servers/rendering/storage/utilities.cpp:56)
WARNING: Leaked instance dependency: Bug - did not call instance_notify_deleted when freeing.
   at: ~Dependency (servers/rendering/storage/utilities.cpp:56)
WARNING: Leaked instance dependency: Bug - did not call instance_notify_deleted when freeing.
   at: ~Dependency (servers/rendering/storage/utilities.cpp:56)
WARNING: Leaked instance dependency: Bug - did not call instance_notify_deleted when freeing.
   at: ~Dependency (servers/rendering/storage/utilities.cpp:56)
WARNING: Leaked instance dependency: Bug - did not call instance_notify_deleted when freeing.
   at: ~Dependency (servers/rendering/storage/utilities.cpp:56)
WARNING: Leaked instance dependency: Bug - did not call instance_notify_deleted when freeing.
   at: ~Dependency (servers/rendering/storage/utilities.cpp:56)
WARNING: Leaked instance dependency: Bug - did not call instance_notify_deleted when freeing.
   at: ~Dependency (servers/rendering/storage/utilities.cpp:56)
WARNING: Leaked instance dependency: Bug - did not call instance_notify_deleted when freeing.
   at: ~Dependency (servers/rendering/storage/utilities.cpp:56)
WARNING: Leaked instance dependency: Bug - did not call instance_notify_deleted when freeing.
   at: ~Dependency (servers/rendering/storage/utilities.cpp:56)
WARNING: Leaked instance dependency: Bug - did not call instance_notify_deleted when freeing.
   at: ~Dependency (servers/rendering/storage/utilities.cpp:56)
WARNING: Leaked instance dependency: Bug - did not call instance_notify_deleted when freeing.
   at: ~Dependency (servers/rendering/storage/utilities.cpp:56)
WARNING: Leaked instance dependency: Bug - did not call instance_notify_deleted when freeing.
   at: ~Dependency (servers/rendering/storage/utilities.cpp:56)
WARNING: Leaked instance dependency: Bug - did not call instance_notify_deleted when freeing.
   at: ~Dependency (servers/rendering/storage/utilities.cpp:56)
WARNING: Leaked instance dependency: Bug - did not call instance_notify_deleted when freeing.
   at: ~Dependency (servers/rendering/storage/utilities.cpp:56)
WARNING: Leaked instance dependency: Bug - did not call instance_notify_deleted when freeing.
   at: ~Dependency (servers/rendering/storage/utilities.cpp:56)
WARNING: Leaked instance dependency: Bug - did not call instance_notify_deleted when freeing.
   at: ~Dependency (servers/rendering/storage/utilities.cpp:56)
WARNING: Leaked instance dependency: Bug - did not call instance_notify_deleted when freeing.
   at: ~Dependency (servers/rendering/storage/utilities.cpp:56)
WARNING: Leaked instance dependency: Bug - did not call instance_notify_deleted when freeing.
   at: ~Dependency (servers/rendering/storage/utilities.cpp:56)
WARNING: Leaked instance dependency: Bug - did not call instance_notify_deleted when freeing.
   at: ~Dependency (servers/rendering/storage/utilities.cpp:56)
WARNING: Leaked instance dependency: Bug - did not call instance_notify_deleted when freeing.
   at: ~Dependency (servers/rendering/storage/utilities.cpp:56)
WARNING: Leaked instance dependency: Bug - did not call instance_notify_deleted when freeing.
   at: ~Dependency (servers/rendering/storage/utilities.cpp:56)
WARNING: Leaked instance dependency: Bug - did not call instance_notify_deleted when freeing.
   at: ~Dependency (servers/rendering/storage/utilities.cpp:56)
WARNING: Leaked instance dependency: Bug - did not call instance_notify_deleted when freeing.
   at: ~Dependency (servers/rendering/storage/utilities.cpp:56)
WARNING: Leaked instance dependency: Bug - did not call instance_notify_deleted when freeing.
   at: ~Dependency (servers/rendering/storage/utilities.cpp:56)
WARNING: Leaked instance dependency: Bug - did not call instance_notify_deleted when freeing.
   at: ~Dependency (servers/rendering/storage/utilities.cpp:56)
WARNING: Leaked instance dependency: Bug - did not call instance_notify_deleted when freeing.
   at: ~Dependency (servers/rendering/storage/utilities.cpp:56)
WARNING: Leaked instance dependency: Bug - did not call instance_notify_deleted when freeing.
   at: ~Dependency (servers/rendering/storage/utilities.cpp:56)
WARNING: Leaked instance dependency: Bug - did not call instance_notify_deleted when freeing.
   at: ~Dependency (servers/rendering/storage/utilities.cpp:56)
WARNING: Leaked instance dependency: Bug - did not call instance_notify_deleted when freeing.
   at: ~Dependency (servers/rendering/storage/utilities.cpp:56)
WARNING: Leaked instance dependency: Bug - did not call instance_notify_deleted when freeing.
   at: ~Dependency (servers/rendering/storage/utilities.cpp:56)
WARNING: Leaked instance dependency: Bug - did not call instance_notify_deleted when freeing.
   at: ~Dependency (servers/rendering/storage/utilities.cpp:56)
WARNING: Leaked instance dependency: Bug - did not call instance_notify_deleted when freeing.
   at: ~Dependency (servers/rendering/storage/utilities.cpp:56)
WARNING: Leaked instance dependency: Bug - did not call instance_notify_deleted when freeing.
   at: ~Dependency (servers/rendering/storage/utilities.cpp:56)
WARNING: Leaked instance dependency: Bug - did not call instance_notify_deleted when freeing.
   at: ~Dependency (servers/rendering/storage/utilities.cpp:56)
WARNING: Leaked instance dependency: Bug - did not call instance_notify_deleted when freeing.
   at: ~Dependency (servers/rendering/storage/utilities.cpp:56)
WARNING: Leaked instance dependency: Bug - did not call instance_notify_deleted when freeing.
   at: ~Dependency (servers/rendering/storage/utilities.cpp:56)
WARNING: Leaked instance dependency: Bug - did not call instance_notify_deleted when freeing.
   at: ~Dependency (servers/rendering/storage/utilities.cpp:56)
WARNING: Leaked instance dependency: Bug - did not call instance_notify_deleted when freeing.
   at: ~Dependency (servers/rendering/storage/utilities.cpp:56)
WARNING: Leaked instance dependency: Bug - did not call instance_notify_deleted when freeing.
   at: ~Dependency (servers/rendering/storage/utilities.cpp:56)
WARNING: Leaked instance dependency: Bug - did not call instance_notify_deleted when freeing.
   at: ~Dependency (servers/rendering/storage/utilities.cpp:56)
WARNING: Leaked instance dependency: Bug - did not call instance_notify_deleted when freeing.
   at: ~Dependency (servers/rendering/storage/utilities.cpp:56)
WARNING: Leaked instance dependency: Bug - did not call instance_notify_deleted when freeing.
   at: ~Dependency (servers/rendering/storage/utilities.cpp:56)
WARNING: Leaked instance dependency: Bug - did not call instance_notify_deleted when freeing.
   at: ~Dependency (servers/rendering/storage/utilities.cpp:56)
WARNING: Leaked instance dependency: Bug - did not call instance_notify_deleted when freeing.
   at: ~Dependency (servers/rendering/storage/utilities.cpp:56)
WARNING: Leaked instance dependency: Bug - did not call instance_notify_deleted when freeing.
   at: ~Dependency (servers/rendering/storage/utilities.cpp:56)
WARNING: Leaked instance dependency: Bug - did not call instance_notify_deleted when freeing.
   at: ~Dependency (servers/rendering/storage/utilities.cpp:56)
WARNING: Leaked instance dependency: Bug - did not call instance_notify_deleted when freeing.
   at: ~Dependency (servers/rendering/storage/utilities.cpp:56)
WARNING: Leaked instance dependency: Bug - did not call instance_notify_deleted when freeing.
   at: ~Dependency (servers/rendering/storage/utilities.cpp:56)
WARNING: Leaked instance dependency: Bug - did not call instance_notify_deleted when freeing.
   at: ~Dependency (servers/rendering/storage/utilities.cpp:56)
WARNING: Leaked instance dependency: Bug - did not call instance_notify_deleted when freeing.
   at: ~Dependency (servers/rendering/storage/utilities.cpp:56)
WARNING: Leaked instance dependency: Bug - did not call instance_notify_deleted when freeing.
   at: ~Dependency (servers/rendering/storage/utilities.cpp:56)
WARNING: Leaked instance dependency: Bug - did not call instance_notify_deleted when freeing.
   at: ~Dependency (servers/rendering/storage/utilities.cpp:56)
WARNING: Leaked instance dependency: Bug - did not call instance_notify_deleted when freeing.
   at: ~Dependency (servers/rendering/storage/utilities.cpp:56)
WARNING: Leaked instance dependency: Bug - did not call instance_notify_deleted when freeing.
   at: ~Dependency (servers/rendering/storage/utilities.cpp:56)
WARNING: Leaked instance dependency: Bug - did not call instance_notify_deleted when freeing.
   at: ~Dependency (servers/rendering/storage/utilities.cpp:56)
WARNING: Leaked instance dependency: Bug - did not call instance_notify_deleted when freeing.
   at: ~Dependency (servers/rendering/storage/utilities.cpp:56)
WARNING: Leaked instance dependency: Bug - did not call instance_notify_deleted when freeing.
   at: ~Dependency (servers/rendering/storage/utilities.cpp:56)
WARNING: Leaked instance dependency: Bug - did not call instance_notify_deleted when freeing.
   at: ~Dependency (servers/rendering/storage/utilities.cpp:56)
WARNING: Leaked instance dependency: Bug - did not call instance_notify_deleted when freeing.
   at: ~Dependency (servers/rendering/storage/utilities.cpp:56)
WARNING: Leaked instance dependency: Bug - did not call instance_notify_deleted when freeing.
   at: ~Dependency (servers/rendering/storage/utilities.cpp:56)
WARNING: Leaked instance dependency: Bug - did not call instance_notify_deleted when freeing.
   at: ~Dependency (servers/rendering/storage/utilities.cpp:56)
WARNING: Leaked instance dependency: Bug - did not call instance_notify_deleted when freeing.
   at: ~Dependency (servers/rendering/storage/utilities.cpp:56)
WARNING: Leaked instance dependency: Bug - did not call instance_notify_deleted when freeing.
   at: ~Dependency (servers/rendering/storage/utilities.cpp:56)
WARNING: Leaked instance dependency: Bug - did not call instance_notify_deleted when freeing.
   at: ~Dependency (servers/rendering/storage/utilities.cpp:56)
WARNING: Leaked instance dependency: Bug - did not call instance_notify_deleted when freeing.
   at: ~Dependency (servers/rendering/storage/utilities.cpp:56)
WARNING: Leaked instance dependency: Bug - did not call instance_notify_deleted when freeing.
   at: ~Dependency (servers/rendering/storage/utilities.cpp:56)
WARNING: Leaked instance dependency: Bug - did not call instance_notify_deleted when freeing.
   at: ~Dependency (servers/rendering/storage/utilities.cpp:56)
WARNING: Leaked instance dependency: Bug - did not call instance_notify_deleted when freeing.
   at: ~Dependency (servers/rendering/storage/utilities.cpp:56)
WARNING: Leaked instance dependency: Bug - did not call instance_notify_deleted when freeing.
   at: ~Dependency (servers/rendering/storage/utilities.cpp:56)
WARNING: Leaked instance dependency: Bug - did not call instance_notify_deleted when freeing.
   at: ~Dependency (servers/rendering/storage/utilities.cpp:56)
WARNING: Leaked instance dependency: Bug - did not call instance_notify_deleted when freeing.
   at: ~Dependency (servers/rendering/storage/utilities.cpp:56)
WARNING: Leaked instance dependency: Bug - did not call instance_notify_deleted when freeing.
   at: ~Dependency (servers/rendering/storage/utilities.cpp:56)
WARNING: Leaked instance dependency: Bug - did not call instance_notify_deleted when freeing.
   at: ~Dependency (servers/rendering/storage/utilities.cpp:56)
WARNING: Leaked instance dependency: Bug - did not call instance_notify_deleted when freeing.
   at: ~Dependency (servers/rendering/storage/utilities.cpp:56)
WARNING: Leaked instance dependency: Bug - did not call instance_notify_deleted when freeing.
   at: ~Dependency (servers/rendering/storage/utilities.cpp:56)
WARNING: Leaked instance dependency: Bug - did not call instance_notify_deleted when freeing.
   at: ~Dependency (servers/rendering/storage/utilities.cpp:56)
WARNING: Leaked instance dependency: Bug - did not call instance_notify_deleted when freeing.
   at: ~Dependency (servers/rendering/storage/utilities.cpp:56)
WARNING: Leaked instance dependency: Bug - did not call instance_notify_deleted when freeing.
   at: ~Dependency (servers/rendering/storage/utilities.cpp:56)
WARNING: Leaked instance dependency: Bug - did not call instance_notify_deleted when freeing.
   at: ~Dependency (servers/rendering/storage/utilities.cpp:56)
WARNING: Leaked instance dependency: Bug - did not call instance_notify_deleted when freeing.
   at: ~Dependency (servers/rendering/storage/utilities.cpp:56)
WARNING: Leaked instance dependency: Bug - did not call instance_notify_deleted when freeing.
   at: ~Dependency (servers/rendering/storage/utilities.cpp:56)
WARNING: Leaked instance dependency: Bug - did not call instance_notify_deleted when freeing.
   at: ~Dependency (servers/rendering/storage/utilities.cpp:56)
WARNING: Leaked instance dependency: Bug - did not call instance_notify_deleted when freeing.
   at: ~Dependency (servers/rendering/storage/utilities.cpp:56)
WARNING: Leaked instance dependency: Bug - did not call instance_notify_deleted when freeing.
   at: ~Dependency (servers/rendering/storage/utilities.cpp:56)
WARNING: Leaked instance dependency: Bug - did not call instance_notify_deleted when freeing.
   at: ~Dependency (servers/rendering/storage/utilities.cpp:56)
WARNING: Leaked instance dependency: Bug - did not call instance_notify_deleted when freeing.
   at: ~Dependency (servers/rendering/storage/utilities.cpp:56)
WARNING: Leaked instance dependency: Bug - did not call instance_notify_deleted when freeing.
   at: ~Dependency (servers/rendering/storage/utilities.cpp:56)
WARNING: Leaked instance dependency: Bug - did not call instance_notify_deleted when freeing.
   at: ~Dependency (servers/rendering/storage/utilities.cpp:56)
WARNING: Leaked instance dependency: Bug - did not call instance_notify_deleted when freeing.
   at: ~Dependency (servers/rendering/storage/utilities.cpp:56)
WARNING: Leaked instance dependency: Bug - did not call instance_notify_deleted when freeing.
   at: ~Dependency (servers/rendering/storage/utilities.cpp:56)
WARNING: Leaked instance dependency: Bug - did not call instance_notify_deleted when freeing.
   at: ~Dependency (servers/rendering/storage/utilities.cpp:56)
WARNING: Leaked instance dependency: Bug - did not call instance_notify_deleted when freeing.
   at: ~Dependency (servers/rendering/storage/utilities.cpp:56)
WARNING: Leaked instance dependency: Bug - did not call instance_notify_deleted when freeing.
   at: ~Dependency (servers/rendering/storage/utilities.cpp:56)
WARNING: Leaked instance dependency: Bug - did not call instance_notify_deleted when freeing.
   at: ~Dependency (servers/rendering/storage/utilities.cpp:56)
WARNING: Leaked instance dependency: Bug - did not call instance_notify_deleted when freeing.
   at: ~Dependency (servers/rendering/storage/utilities.cpp:56)
WARNING: Leaked instance dependency: Bug - did not call instance_notify_deleted when freeing.
   at: ~Dependency (servers/rendering/storage/utilities.cpp:56)
WARNING: Leaked instance dependency: Bug - did not call instance_notify_deleted when freeing.
   at: ~Dependency (servers/rendering/storage/utilities.cpp:56)
WARNING: Leaked instance dependency: Bug - did not call instance_notify_deleted when freeing.
   at: ~Dependency (servers/rendering/storage/utilities.cpp:56)
WARNING: Leaked instance dependency: Bug - did not call instance_notify_deleted when freeing.
   at: ~Dependency (servers/rendering/storage/utilities.cpp:56)
WARNING: 656 ObjectDB instances were leaked at exit (run with `--verbose` for details).
   at: cleanup (core/object/object.cpp:2536)
ERROR: 60 resources still in use at exit (run with --verbose for details).
   at: clear (core/io/resource.cpp:822)
ERROR: Pages in use exist at exit in PagedAllocator: N12VariantPools12BucketMediumE
   at: ~PagedAllocator (./core/templates/paged_allocator.h:170)
ERROR: 1 RID allocations of type 'N13RendererDummy12LightStorage16LightmapInstanceE' were leaked at exit.
ERROR: 1 RID allocations of type 'N13RendererDummy12LightStorage8LightmapE' were leaked at exit.
ERROR: 139 RID allocations of type 'N13RendererDummy15MaterialStorage13DummyMaterialE' were leaked at exit.
ERROR: 7 RID allocations of type 'N13RendererDummy15MaterialStorage11DummyShaderE' were leaked at exit.
ERROR: 139 RID allocations of type 'N13RendererDummy9DummyMeshE' were leaked at exit.
ERROR: 57 RID allocations of type 'PN13RendererDummy14TextureStorage12DummyTextureE' were leaked at exit.
ERROR: 140 RID allocations of type 'N17RendererSceneCull8InstanceE' were leaked at exit.
Exact6cb7e87e export complete
